months_since_pub,mean,se,n,pd_gbrt,pd_ols
-120,,,,0.5425872219405151,0.5511944990992977
-108,,,,0.5425872219405151,0.5480453450680219
-96,,,,0.5425872219405151,0.5448961910367464
-84,,,,0.5425872219405151,0.5417470370054707
-72,,,,0.5425872219405151,0.5385978829741949
-60,,,,0.5425872219405151,0.5354487289429192
-48,,,,0.5425872219405151,0.5322995749116435
-36,,,,0.5425872219405151,0.5291504208803679
-24,,,,0.47519387131475094,0.5260012668490922
-12,,,,0.47519387131475094,0.5228521128178165
0,,,,0.47519387131475094,0.46914344660958557
12,,,,0.47519387131475094,0.4659942925783099
18,0.3057147260950481,0.08363787324307248,2268.0,,
24,,,,0.47519387131475094,0.4628451385470342
30,0.4353231460574979,0.09544971333738518,2288.0,,
36,,,,0.47519387131475094,0.45969598451575855
42,0.06318126414169394,0.08976123169416735,2328.0,,
48,,,,0.47519387131475094,0.45654683048448286
54,0.2585600234779315,0.0899903932221544,2341.0,,
60,,,,0.47519387131475094,0.45339767645320717
66,0.401404770890313,0.08285730626719802,2346.0,,
72,,,,0.47519387131475094,0.4502485224219315
78,0.4821390877221014,0.07459464062284056,2340.0,,
84,,,,0.47519387131475094,0.4470993683906558
90,0.17706030644720763,0.10091654151334621,2352.0,,
96,,,,0.47519387131475094,0.44395021435938015
102,0.4458020115888846,0.09270755754372799,2348.0,,
108,,,,0.477046636359151,0.44080106032810445
114,0.23214201520391578,0.09634413634600052,2284.0,,
120,,,,0.477046636359151,0.43765190629682876
126,0.3202305361010841,0.09857575071224005,2279.0,,
132,,,,0.477046636359151,0.43450275226555307
138,0.37817437531399956,0.08043089823430824,2241.0,,
144,,,,0.477046636359151,0.4313535982342773
150,0.3213827492426428,0.09045941682557807,2130.0,,
156,,,,0.477046636359151,0.42820444420300163
162,0.4184225612975793,0.08913401002230228,2041.0,,
168,,,,0.477046636359151,0.42505529017172594
174,0.20718161666294332,0.11883674274167913,1903.0,,
180,,,,0.477046636359151,0.4219061361404503
186,0.8062194716500566,0.20989943404344805,1855.0,,
192,,,,0.477046636359151,0.41875698210917456
198,0.06982374750105189,0.12079156361154181,1793.0,,
204,,,,0.477046636359151,0.4156078280778989
210,0.4902646706691122,0.11580326938953525,1575.0,,
216,,,,0.477046636359151,0.41245867404662323
222,0.3947891746932834,0.1188847552883657,1460.0,,
228,,,,0.477046636359151,0.4093095200153475
234,0.16781951425188327,0.1454237973587119,1124.0,,
240,,,,0.477046636359151,0.4061603659840718
246,0.4848599836083079,0.12852821488263594,949.0,,
