test_year,model,setting,val_mse
1995,enet,"alpha=0.001,l1=0.1",17.269935121868244
1995,enet,"alpha=0.001,l1=0.5",17.27364317723555
1995,enet,"alpha=0.001,l1=0.9",17.276785568613143
1995,enet,"alpha=0.01,l1=0.1",16.455166582528516
1995,enet,"alpha=0.01,l1=0.5",16.329192464657897
1995,enet,"alpha=0.01,l1=0.9",16.194698715249313
1995,enet,"alpha=0.1,l1=0.1",15.160368456002004
1995,enet,"alpha=0.1,l1=0.5",15.032719131709078
1995,enet,"alpha=0.1,l1=0.9",15.04618851134257
1995,gbrt,"depth=2,lr=0.05,trees=62",15.110021904222817
1995,gbrt,"depth=2,lr=0.1,trees=36",15.075415829283438
1995,gbrt,"depth=3,lr=0.05,trees=62",15.030518079483025
1995,gbrt,"depth=3,lr=0.1,trees=25",15.048658764223742
1995,mlp,"alpha=0.01,hidden=16,seeds=2",15.36390829286965
1995,mlp,"alpha=0.1,hidden=16,seeds=2",15.363810634332017
1996,enet,"alpha=0.001,l1=0.1",13.503480974524976
1996,enet,"alpha=0.001,l1=0.5",13.486806894610584
1996,enet,"alpha=0.001,l1=0.9",13.46954151495468
1996,enet,"alpha=0.01,l1=0.1",13.21569513495968
1996,enet,"alpha=0.01,l1=0.5",13.069137977649932
1996,enet,"alpha=0.01,l1=0.9",12.940254706706872
1996,enet,"alpha=0.1,l1=0.1",12.701593447363322
1996,enet,"alpha=0.1,l1=0.5",12.65449761607774
1996,enet,"alpha=0.1,l1=0.9",12.668615200565439
1996,gbrt,"depth=2,lr=0.05,trees=109",12.695654473563692
1996,gbrt,"depth=2,lr=0.1,trees=51",12.687211850936917
1996,gbrt,"depth=3,lr=0.05,trees=78",12.648090599729187
1996,gbrt,"depth=3,lr=0.1,trees=42",12.66302716348966
1996,mlp,"alpha=0.01,hidden=16,seeds=2",13.021039391587792
1996,mlp,"alpha=0.1,hidden=16,seeds=2",13.0200502025331
1997,enet,"alpha=0.001,l1=0.1",12.942392194952443
1997,enet,"alpha=0.001,l1=0.5",12.926535916242717
1997,enet,"alpha=0.001,l1=0.9",12.910343398873117
1997,enet,"alpha=0.01,l1=0.1",12.808731781197084
1997,enet,"alpha=0.01,l1=0.5",12.711087315190776
1997,enet,"alpha=0.01,l1=0.9",12.62439521756606
1997,enet,"alpha=0.1,l1=0.1",12.540749766886163
1997,enet,"alpha=0.1,l1=0.5",12.52594626921127
1997,enet,"alpha=0.1,l1=0.9",12.543012773119608
1997,gbrt,"depth=2,lr=0.05,trees=258",12.473423694281735
1997,gbrt,"depth=2,lr=0.1,trees=276",12.384535216729779
1997,gbrt,"depth=3,lr=0.05,trees=309",12.205011731995343
1997,gbrt,"depth=3,lr=0.1,trees=119",12.313195973911583
1997,mlp,"alpha=0.01,hidden=16,seeds=2",12.744659892324828
1997,mlp,"alpha=0.1,hidden=16,seeds=2",12.744172969848393
1998,enet,"alpha=0.001,l1=0.1",14.249988486331732
1998,enet,"alpha=0.001,l1=0.5",14.233138761974821
1998,enet,"alpha=0.001,l1=0.9",14.2173948726039
1998,enet,"alpha=0.01,l1=0.1",14.116269593552767
1998,enet,"alpha=0.01,l1=0.5",14.003977466957643
1998,enet,"alpha=0.01,l1=0.9",13.899747887356192
1998,enet,"alpha=0.1,l1=0.1",13.771854737289994
1998,enet,"alpha=0.1,l1=0.5",13.717538715960316
1998,enet,"alpha=0.1,l1=0.9",13.722889004049566
1998,gbrt,"depth=2,lr=0.05,trees=215",13.620623029948288
1998,gbrt,"depth=2,lr=0.1,trees=129",13.63077640824538
1998,gbrt,"depth=3,lr=0.05,trees=158",13.52109824354521
1998,gbrt,"depth=3,lr=0.1,trees=83",13.540987131810349
1998,mlp,"alpha=0.01,hidden=16,seeds=2",14.024069227618732
1998,mlp,"alpha=0.1,hidden=16,seeds=2",14.024323346570428
1999,enet,"alpha=0.001,l1=0.1",14.471776157128227
1999,enet,"alpha=0.001,l1=0.5",14.45893772629244
1999,enet,"alpha=0.001,l1=0.9",14.446166179548735
1999,enet,"alpha=0.01,l1=0.1",14.38760278380635
1999,enet,"alpha=0.01,l1=0.5",14.290992176865718
1999,enet,"alpha=0.01,l1=0.9",14.243544836963533
1999,enet,"alpha=0.1,l1=0.1",14.193369219769114
1999,enet,"alpha=0.1,l1=0.5",14.142798003395784
1999,enet,"alpha=0.1,l1=0.9",14.149231394354798
1999,gbrt,"depth=2,lr=0.05,trees=400",13.871308030685546
1999,gbrt,"depth=2,lr=0.1,trees=222",13.757366932541101
1999,gbrt,"depth=3,lr=0.05,trees=247",13.8667698609995
1999,gbrt,"depth=3,lr=0.1,trees=140",13.893260486907744
1999,mlp,"alpha=0.01,hidden=16,seeds=2",14.384630137841528
1999,mlp,"alpha=0.1,hidden=16,seeds=2",14.383933856231748
2000,enet,"alpha=0.001,l1=0.1",12.53479998317867
2000,enet,"alpha=0.001,l1=0.5",12.530698342417356
2000,enet,"alpha=0.001,l1=0.9",12.52658786214889
2000,enet,"alpha=0.01,l1=0.1",12.511344675140467
2000,enet,"alpha=0.01,l1=0.5",12.488845892226557
2000,enet,"alpha=0.01,l1=0.9",12.471111396853722
2000,enet,"alpha=0.1,l1=0.1",12.48046488189513
2000,enet,"alpha=0.1,l1=0.5",12.50839461876437
2000,enet,"alpha=0.1,l1=0.9",12.547425084085225
2000,gbrt,"depth=2,lr=0.05,trees=400",12.503264289831394
2000,gbrt,"depth=2,lr=0.1,trees=117",12.520656807938508
2000,gbrt,"depth=3,lr=0.05,trees=144",12.471952944119503
2000,gbrt,"depth=3,lr=0.1,trees=68",12.491162946613777
2000,mlp,"alpha=0.01,hidden=16,seeds=2",12.707830008505757
2000,mlp,"alpha=0.1,hidden=16,seeds=2",12.707613747636762
2001,enet,"alpha=0.001,l1=0.1",31.32030791041656
2001,enet,"alpha=0.001,l1=0.5",31.319207600548935
2001,enet,"alpha=0.001,l1=0.9",31.318209779292694
2001,enet,"alpha=0.01,l1=0.1",31.30923020490856
2001,enet,"alpha=0.01,l1=0.5",31.305514323493103
2001,enet,"alpha=0.01,l1=0.9",31.30290244889121
2001,enet,"alpha=0.1,l1=0.1",31.25146355371261
2001,enet,"alpha=0.1,l1=0.5",31.258965936835693
2001,enet,"alpha=0.1,l1=0.9",31.27644678554456
2001,gbrt,"depth=2,lr=0.05,trees=400",30.870791764623455
2001,gbrt,"depth=2,lr=0.1,trees=138",30.954631654210388
2001,gbrt,"depth=3,lr=0.05,trees=105",30.8394387289531
2001,gbrt,"depth=3,lr=0.1,trees=122",30.869069015899523
2001,mlp,"alpha=0.01,hidden=16,seeds=2",31.29879188296817
2001,mlp,"alpha=0.1,hidden=16,seeds=2",31.297485658948418
2002,enet,"alpha=0.001,l1=0.1",35.81024114722254
2002,enet,"alpha=0.001,l1=0.5",35.80939671706511
2002,enet,"alpha=0.001,l1=0.9",35.80865004921908
2002,enet,"alpha=0.01,l1=0.1",35.801256886014734
2002,enet,"alpha=0.01,l1=0.5",35.79844853836539
2002,enet,"alpha=0.01,l1=0.9",35.797381867364564
2002,enet,"alpha=0.1,l1=0.1",35.744010099711105
2002,enet,"alpha=0.1,l1=0.5",35.73984193876532
2002,enet,"alpha=0.1,l1=0.9",35.74682025763879
2002,gbrt,"depth=2,lr=0.05,trees=309",35.07788895810523
2002,gbrt,"depth=2,lr=0.1,trees=126",34.997489741658676
2002,gbrt,"depth=3,lr=0.05,trees=135",35.130787657983475
2002,gbrt,"depth=3,lr=0.1,trees=64",35.14326426134037
2002,mlp,"alpha=0.01,hidden=16,seeds=2",35.82579339066097
2002,mlp,"alpha=0.1,hidden=16,seeds=2",35.827055497702595
2003,enet,"alpha=0.001,l1=0.1",40.273072649448544
2003,enet,"alpha=0.001,l1=0.5",40.27262388986428
2003,enet,"alpha=0.001,l1=0.9",40.272392244043026
2003,enet,"alpha=0.01,l1=0.1",40.2669233566607
2003,enet,"alpha=0.01,l1=0.5",40.27142824953742
2003,enet,"alpha=0.01,l1=0.9",40.275687565111944
2003,enet,"alpha=0.1,l1=0.1",40.23155492801569
2003,enet,"alpha=0.1,l1=0.5",40.2209782245542
2003,enet,"alpha=0.1,l1=0.9",40.219647931499864
2003,gbrt,"depth=2,lr=0.05,trees=391",39.5156963320656
2003,gbrt,"depth=2,lr=0.1,trees=229",39.53086514889922
2003,gbrt,"depth=3,lr=0.05,trees=330",39.57215433259686
2003,gbrt,"depth=3,lr=0.1,trees=360",39.52619200837903
2003,mlp,"alpha=0.01,hidden=16,seeds=2",39.990655172047134
2003,mlp,"alpha=0.1,hidden=16,seeds=2",39.989315968346645
2004,enet,"alpha=0.001,l1=0.1",41.45656156019813
2004,enet,"alpha=0.001,l1=0.5",41.456542176722
2004,enet,"alpha=0.001,l1=0.9",41.45662561737134
2004,enet,"alpha=0.01,l1=0.1",41.45386799314778
2004,enet,"alpha=0.01,l1=0.5",41.4602708290275
2004,enet,"alpha=0.01,l1=0.9",41.46737720487599
2004,enet,"alpha=0.1,l1=0.1",41.439704181667786
2004,enet,"alpha=0.1,l1=0.5",41.42814308243247
2004,enet,"alpha=0.1,l1=0.9",41.43388540444067
2004,gbrt,"depth=2,lr=0.05,trees=400",40.678332879968394
2004,gbrt,"depth=2,lr=0.1,trees=244",40.58521897238663
2004,gbrt,"depth=3,lr=0.05,trees=381",40.643733380137235
2004,gbrt,"depth=3,lr=0.1,trees=268",40.55491960184273
2004,mlp,"alpha=0.01,hidden=16,seeds=2",41.33457342421566
2004,mlp,"alpha=0.1,hidden=16,seeds=2",41.335341992313836
2005,enet,"alpha=0.001,l1=0.1",39.36869274648237
2005,enet,"alpha=0.001,l1=0.5",39.3690453233754
2005,enet,"alpha=0.001,l1=0.9",39.36927731829936
2005,enet,"alpha=0.01,l1=0.1",39.365592060720616
2005,enet,"alpha=0.01,l1=0.5",39.36925719743624
2005,enet,"alpha=0.01,l1=0.9",39.375145955465086
2005,enet,"alpha=0.1,l1=0.1",39.338497398784455
2005,enet,"alpha=0.1,l1=0.5",39.33005570467839
2005,enet,"alpha=0.1,l1=0.9",39.33063832156814
2005,gbrt,"depth=2,lr=0.05,trees=399",38.4710978829089
2005,gbrt,"depth=2,lr=0.1,trees=213",38.44571255592153
2005,gbrt,"depth=3,lr=0.05,trees=320",38.42633856732074
2005,gbrt,"depth=3,lr=0.1,trees=269",38.471651442615475
2005,mlp,"alpha=0.01,hidden=16,seeds=2",38.72870963164526
2005,mlp,"alpha=0.1,hidden=16,seeds=2",38.72791733654396
2006,enet,"alpha=0.001,l1=0.1",35.40322460276818
2006,enet,"alpha=0.001,l1=0.5",35.40185295235657
2006,enet,"alpha=0.001,l1=0.9",35.40110003126493
2006,enet,"alpha=0.01,l1=0.1",35.39778347741832
2006,enet,"alpha=0.01,l1=0.5",35.39397581708569
2006,enet,"alpha=0.01,l1=0.9",35.39301133229915
2006,enet,"alpha=0.1,l1=0.1",35.36985035983054
2006,enet,"alpha=0.1,l1=0.5",35.341296039127975
2006,enet,"alpha=0.1,l1=0.9",35.338945823396955
2006,gbrt,"depth=2,lr=0.05,trees=102",35.033862502728745
2006,gbrt,"depth=2,lr=0.1,trees=221",35.054436961889614
2006,gbrt,"depth=3,lr=0.05,trees=289",34.813630737413945
2006,gbrt,"depth=3,lr=0.1,trees=161",34.76087263613785
2006,mlp,"alpha=0.01,hidden=16,seeds=2",35.02509378554372
2006,mlp,"alpha=0.1,hidden=16,seeds=2",35.01729469080655
2007,enet,"alpha=0.001,l1=0.1",34.04070034121486
2007,enet,"alpha=0.001,l1=0.5",34.04133580566858
2007,enet,"alpha=0.001,l1=0.9",34.042085025798016
2007,enet,"alpha=0.01,l1=0.1",34.04221513206106
2007,enet,"alpha=0.01,l1=0.5",34.050088036969406
2007,enet,"alpha=0.01,l1=0.9",34.059366315494685
2007,enet,"alpha=0.1,l1=0.1",34.03061601089208
2007,enet,"alpha=0.1,l1=0.5",34.03130087117246
2007,enet,"alpha=0.1,l1=0.9",34.044050219107994
2007,gbrt,"depth=2,lr=0.05,trees=177",33.84787217989758
2007,gbrt,"depth=2,lr=0.1,trees=399",33.80127431347731
2007,gbrt,"depth=3,lr=0.05,trees=398",33.706914703612746
2007,gbrt,"depth=3,lr=0.1,trees=73",33.68431065494109
2007,mlp,"alpha=0.01,hidden=16,seeds=2",33.5652083897335
2007,mlp,"alpha=0.1,hidden=16,seeds=2",33.574578777677594
2008,enet,"alpha=0.001,l1=0.1",32.043448494397495
2008,enet,"alpha=0.001,l1=0.5",32.04360992253466
2008,enet,"alpha=0.001,l1=0.9",32.04400667395744
2008,enet,"alpha=0.01,l1=0.1",32.031646694290245
2008,enet,"alpha=0.01,l1=0.5",32.03544615289346
2008,enet,"alpha=0.01,l1=0.9",32.038944430490304
2008,enet,"alpha=0.1,l1=0.1",31.949020090149773
2008,enet,"alpha=0.1,l1=0.5",31.96074511121064
2008,enet,"alpha=0.1,l1=0.9",31.968955199368555
2008,gbrt,"depth=2,lr=0.05,trees=326",31.430972140536085
2008,gbrt,"depth=2,lr=0.1,trees=204",31.441669057086155
2008,gbrt,"depth=3,lr=0.05,trees=6",31.503465583118537
2008,gbrt,"depth=3,lr=0.1,trees=189",31.474306161893505
2008,mlp,"alpha=0.01,hidden=16,seeds=2",32.092833166090564
2008,mlp,"alpha=0.1,hidden=16,seeds=2",32.090635387941205
2009,enet,"alpha=0.001,l1=0.1",18.718641550765756
2009,enet,"alpha=0.001,l1=0.5",18.71783215216559
2009,enet,"alpha=0.001,l1=0.9",18.717130135297484
2009,enet,"alpha=0.01,l1=0.1",18.718269907523794
2009,enet,"alpha=0.01,l1=0.5",18.717965942993146
2009,enet,"alpha=0.01,l1=0.9",18.72290102403657
2009,enet,"alpha=0.1,l1=0.1",18.742005649107984
2009,enet,"alpha=0.1,l1=0.5",18.747811227112535
2009,enet,"alpha=0.1,l1=0.9",18.775504145376303
2009,gbrt,"depth=2,lr=0.05,trees=302",18.73860918463778
2009,gbrt,"depth=2,lr=0.1,trees=176",18.741327688223155
2009,gbrt,"depth=3,lr=0.05,trees=73",18.758008193954698
2009,gbrt,"depth=3,lr=0.1,trees=13",18.838320260376282
2009,mlp,"alpha=0.01,hidden=16,seeds=2",18.687358286554517
2009,mlp,"alpha=0.1,hidden=16,seeds=2",18.689000905076394
2010,enet,"alpha=0.001,l1=0.1",19.003122514176216
2010,enet,"alpha=0.001,l1=0.5",19.003800654724095
2010,enet,"alpha=0.001,l1=0.9",19.00464113210488
2010,enet,"alpha=0.01,l1=0.1",19.005845295531596
2010,enet,"alpha=0.01,l1=0.5",19.007672946207496
2010,enet,"alpha=0.01,l1=0.9",19.009726749746697
2010,enet,"alpha=0.1,l1=0.1",19.02848155835498
2010,enet,"alpha=0.1,l1=0.5",19.080702147780947
2010,enet,"alpha=0.1,l1=0.9",19.11785533982313
2010,gbrt,"depth=2,lr=0.05,trees=53",19.274243099371343
2010,gbrt,"depth=2,lr=0.1,trees=17",19.246106921177393
2010,gbrt,"depth=3,lr=0.05,trees=10",19.344355283847246
2010,gbrt,"depth=3,lr=0.1,trees=6",19.301351446380306
2010,mlp,"alpha=0.01,hidden=16,seeds=2",19.447918921280884
2010,mlp,"alpha=0.1,hidden=16,seeds=2",19.447946417056798
2011,enet,"alpha=0.001,l1=0.1",15.626529355609783
2011,enet,"alpha=0.001,l1=0.5",15.627462116185551
2011,enet,"alpha=0.001,l1=0.9",15.627906279489652
2011,enet,"alpha=0.01,l1=0.1",15.627258591717688
2011,enet,"alpha=0.01,l1=0.5",15.625680728186481
2011,enet,"alpha=0.01,l1=0.9",15.627477963080487
2011,enet,"alpha=0.1,l1=0.1",15.63740264347626
2011,enet,"alpha=0.1,l1=0.5",15.695762878955724
2011,enet,"alpha=0.1,l1=0.9",15.720579840572956
2011,gbrt,"depth=2,lr=0.05,trees=22",15.841566928365918
2011,gbrt,"depth=2,lr=0.1,trees=9",15.82367795825746
2011,gbrt,"depth=3,lr=0.05,trees=1",15.922284568122175
2011,gbrt,"depth=3,lr=0.1,trees=1",15.927479856325238
2011,mlp,"alpha=0.01,hidden=16,seeds=2",16.36977278440185
2011,mlp,"alpha=0.1,hidden=16,seeds=2",16.36202257913816
2012,enet,"alpha=0.001,l1=0.1",14.642332294771899
2012,enet,"alpha=0.001,l1=0.5",14.642522422379114
2012,enet,"alpha=0.001,l1=0.9",14.642021227477754
2012,enet,"alpha=0.01,l1=0.1",14.628288251958063
2012,enet,"alpha=0.01,l1=0.5",14.619076453171347
2012,enet,"alpha=0.01,l1=0.9",14.609188957198914
2012,enet,"alpha=0.1,l1=0.1",14.547024022834036
2012,enet,"alpha=0.1,l1=0.5",14.524624855786085
2012,enet,"alpha=0.1,l1=0.9",14.547945063945107
2012,gbrt,"depth=2,lr=0.05,trees=22",14.622523165806744
2012,gbrt,"depth=2,lr=0.1,trees=11",14.610072847935452
2012,gbrt,"depth=3,lr=0.05,trees=24",14.653379575051778
2012,gbrt,"depth=3,lr=0.1,trees=6",14.63135454407073
2012,mlp,"alpha=0.01,hidden=16,seeds=2",15.427693633550522
2012,mlp,"alpha=0.1,hidden=16,seeds=2",15.436091947691546
2013,enet,"alpha=0.001,l1=0.1",14.052221053110985
2013,enet,"alpha=0.001,l1=0.5",14.05233755206939
2013,enet,"alpha=0.001,l1=0.9",14.05179240776
2013,enet,"alpha=0.01,l1=0.1",14.045347465804124
2013,enet,"alpha=0.01,l1=0.5",14.03985438650266
2013,enet,"alpha=0.01,l1=0.9",14.035288128190125
2013,enet,"alpha=0.1,l1=0.1",14.01332155650509
2013,enet,"alpha=0.1,l1=0.5",14.020055858132062
2013,enet,"alpha=0.1,l1=0.9",14.060897222437266
2013,gbrt,"depth=2,lr=0.05,trees=26",14.17104279824345
2013,gbrt,"depth=2,lr=0.1,trees=19",14.149789139449865
2013,gbrt,"depth=3,lr=0.05,trees=24",14.23400132136886
2013,gbrt,"depth=3,lr=0.1,trees=16",14.250006132001332
2013,mlp,"alpha=0.01,hidden=16,seeds=2",14.564818425219178
2013,mlp,"alpha=0.1,hidden=16,seeds=2",14.572328707014924
2014,enet,"alpha=0.001,l1=0.1",13.971068671698823
2014,enet,"alpha=0.001,l1=0.5",13.970849999824553
2014,enet,"alpha=0.001,l1=0.9",13.97084173294146
2014,enet,"alpha=0.01,l1=0.1",13.968659096043362
2014,enet,"alpha=0.01,l1=0.5",13.96908548497743
2014,enet,"alpha=0.01,l1=0.9",13.968589217173717
2014,enet,"alpha=0.1,l1=0.1",13.962084374368317
2014,enet,"alpha=0.1,l1=0.5",13.983744537608226
2014,enet,"alpha=0.1,l1=0.9",14.023823941235618
2014,gbrt,"depth=2,lr=0.05,trees=36",14.119909766911162
2014,gbrt,"depth=2,lr=0.1,trees=21",14.131735724137855
2014,gbrt,"depth=3,lr=0.05,trees=44",14.170346129877545
2014,gbrt,"depth=3,lr=0.1,trees=5",14.176721417738097
2014,mlp,"alpha=0.01,hidden=16,seeds=2",14.41865560130535
2014,mlp,"alpha=0.1,hidden=16,seeds=2",14.407882450331273
2015,enet,"alpha=0.001,l1=0.1",14.332845656950887
2015,enet,"alpha=0.001,l1=0.5",14.332020317956175
2015,enet,"alpha=0.001,l1=0.9",14.33133529037211
2015,enet,"alpha=0.01,l1=0.1",14.328565181416387
2015,enet,"alpha=0.01,l1=0.5",14.325491026368335
2015,enet,"alpha=0.01,l1=0.9",14.324196698445487
2015,enet,"alpha=0.1,l1=0.1",14.320989655479693
2015,enet,"alpha=0.1,l1=0.5",14.346393897127516
2015,enet,"alpha=0.1,l1=0.9",14.385747347273604
2015,gbrt,"depth=2,lr=0.05,trees=37",14.467833394773983
2015,gbrt,"depth=2,lr=0.1,trees=16",14.4577578213854
2015,gbrt,"depth=3,lr=0.05,trees=35",14.456626737595817
2015,gbrt,"depth=3,lr=0.1,trees=17",14.473868933862908
2015,mlp,"alpha=0.01,hidden=16,seeds=2",14.753535277789547
2015,mlp,"alpha=0.1,hidden=16,seeds=2",14.753681896357346
2016,enet,"alpha=0.001,l1=0.1",15.431644092657898
2016,enet,"alpha=0.001,l1=0.5",15.430778566236011
2016,enet,"alpha=0.001,l1=0.9",15.429968730892027
2016,enet,"alpha=0.01,l1=0.1",15.429316473998531
2016,enet,"alpha=0.01,l1=0.5",15.426920526928088
2016,enet,"alpha=0.01,l1=0.9",15.426851619969277
2016,enet,"alpha=0.1,l1=0.1",15.433367153775718
2016,enet,"alpha=0.1,l1=0.5",15.466090326264439
2016,enet,"alpha=0.1,l1=0.9",15.495565732968261
2016,gbrt,"depth=2,lr=0.05,trees=34",15.621587250039688
2016,gbrt,"depth=2,lr=0.1,trees=9",15.618145093954572
2016,gbrt,"depth=3,lr=0.05,trees=37",15.623527024334068
2016,gbrt,"depth=3,lr=0.1,trees=17",15.604020883028031
2016,mlp,"alpha=0.01,hidden=16,seeds=2",15.977986896847636
2016,mlp,"alpha=0.1,hidden=16,seeds=2",15.97519037803714
2017,enet,"alpha=0.001,l1=0.1",14.026056864311778
2017,enet,"alpha=0.001,l1=0.5",14.026046143236966
2017,enet,"alpha=0.001,l1=0.9",14.026087534959997
2017,enet,"alpha=0.01,l1=0.1",14.025819481000315
2017,enet,"alpha=0.01,l1=0.5",14.030465879462247
2017,enet,"alpha=0.01,l1=0.9",14.03278309863476
2017,enet,"alpha=0.1,l1=0.1",14.032052452220217
2017,enet,"alpha=0.1,l1=0.5",14.057961101375367
2017,enet,"alpha=0.1,l1=0.9",14.074525646077998
2017,gbrt,"depth=2,lr=0.05,trees=16",14.126366761809766
2017,gbrt,"depth=2,lr=0.1,trees=7",14.131636702816046
2017,gbrt,"depth=3,lr=0.05,trees=10",14.153816925884838
2017,gbrt,"depth=3,lr=0.1,trees=6",14.155645268665586
2017,mlp,"alpha=0.01,hidden=16,seeds=2",14.528570259966395
2017,mlp,"alpha=0.1,hidden=16,seeds=2",14.534324022252184
2018,enet,"alpha=0.001,l1=0.1",10.139554033870363
2018,enet,"alpha=0.001,l1=0.5",10.138499745084724
2018,enet,"alpha=0.001,l1=0.9",10.13750263580728
2018,enet,"alpha=0.01,l1=0.1",10.134683394891319
2018,enet,"alpha=0.01,l1=0.5",10.131124432549761
2018,enet,"alpha=0.01,l1=0.9",10.128054948330552
2018,enet,"alpha=0.1,l1=0.1",10.113486014321609
2018,enet,"alpha=0.1,l1=0.5",10.112378843950081
2018,enet,"alpha=0.1,l1=0.9",10.126210432716134
2018,gbrt,"depth=2,lr=0.05,trees=17",10.134351638101819
2018,gbrt,"depth=2,lr=0.1,trees=10",10.13545927991266
2018,gbrt,"depth=3,lr=0.05,trees=13",10.144227109058914
2018,gbrt,"depth=3,lr=0.1,trees=6",10.143984599397157
2018,mlp,"alpha=0.01,hidden=16,seeds=2",10.453023151270697
2018,mlp,"alpha=0.1,hidden=16,seeds=2",10.408178183968078
2019,enet,"alpha=0.001,l1=0.1",10.314991269504223
2019,enet,"alpha=0.001,l1=0.5",10.313634733009168
2019,enet,"alpha=0.001,l1=0.9",10.312315004354243
2019,enet,"alpha=0.01,l1=0.1",10.308919704648513
2019,enet,"alpha=0.01,l1=0.5",10.304120328077758
2019,enet,"alpha=0.01,l1=0.9",10.300369987277854
2019,enet,"alpha=0.1,l1=0.1",10.280724705879067
2019,enet,"alpha=0.1,l1=0.5",10.271262124800872
2019,enet,"alpha=0.1,l1=0.9",10.28000959800841
2019,gbrt,"depth=2,lr=0.05,trees=18",10.268509509217408
2019,gbrt,"depth=2,lr=0.1,trees=8",10.269380546452139
2019,gbrt,"depth=3,lr=0.05,trees=13",10.27612765001348
2019,gbrt,"depth=3,lr=0.1,trees=7",10.276846973252912
2019,mlp,"alpha=0.01,hidden=16,seeds=2",10.507772898644234
2019,mlp,"alpha=0.1,hidden=16,seeds=2",10.506724954131244
2020,enet,"alpha=0.001,l1=0.1",10.625769174808012
2020,enet,"alpha=0.001,l1=0.5",10.624873096277883
2020,enet,"alpha=0.001,l1=0.9",10.624201831218
2020,enet,"alpha=0.01,l1=0.1",10.62169766134965
2020,enet,"alpha=0.01,l1=0.5",10.619354746484825
2020,enet,"alpha=0.01,l1=0.9",10.618812594278728
2020,enet,"alpha=0.1,l1=0.1",10.601421765326464
2020,enet,"alpha=0.1,l1=0.5",10.595071443873486
2020,enet,"alpha=0.1,l1=0.9",10.60795446715528
2020,gbrt,"depth=2,lr=0.05,trees=39",10.61102179873798
2020,gbrt,"depth=2,lr=0.1,trees=13",10.611961543176447
2020,gbrt,"depth=3,lr=0.05,trees=16",10.61782424121874
2020,gbrt,"depth=3,lr=0.1,trees=7",10.617982813047481
2020,mlp,"alpha=0.01,hidden=16,seeds=2",10.833582043028672
2020,mlp,"alpha=0.1,hidden=16,seeds=2",10.842179526384168
2021,enet,"alpha=0.001,l1=0.1",20.456907893515037
2021,enet,"alpha=0.001,l1=0.5",20.456885457149603
2021,enet,"alpha=0.001,l1=0.9",20.457170523468758
2021,enet,"alpha=0.01,l1=0.1",20.45737282734789
2021,enet,"alpha=0.01,l1=0.5",20.46285731047078
2021,enet,"alpha=0.01,l1=0.9",20.46903254765819
2021,enet,"alpha=0.1,l1=0.1",20.46957294448638
2021,enet,"alpha=0.1,l1=0.5",20.48726190330651
2021,enet,"alpha=0.1,l1=0.9",20.518137044419444
2021,gbrt,"depth=2,lr=0.05,trees=121",20.578107324514743
2021,gbrt,"depth=2,lr=0.1,trees=46",20.576850426295927
2021,gbrt,"depth=3,lr=0.05,trees=32",20.616448896133548
2021,gbrt,"depth=3,lr=0.1,trees=15",20.601461381706752
2021,mlp,"alpha=0.01,hidden=16,seeds=2",20.781897385353652
2021,mlp,"alpha=0.1,hidden=16,seeds=2",20.778795385696924
2022,enet,"alpha=0.001,l1=0.1",22.924565934746738
2022,enet,"alpha=0.001,l1=0.5",22.923694843777195
2022,enet,"alpha=0.001,l1=0.9",22.92327744781186
2022,enet,"alpha=0.01,l1=0.1",22.921426426358128
2022,enet,"alpha=0.01,l1=0.5",22.918747770350745
2022,enet,"alpha=0.01,l1=0.9",22.9178015992234
2022,enet,"alpha=0.1,l1=0.1",22.906729714167163
2022,enet,"alpha=0.1,l1=0.5",22.91232671357907
2022,enet,"alpha=0.1,l1=0.9",22.91614184329528
2022,gbrt,"depth=2,lr=0.05,trees=185",22.845067194250543
2022,gbrt,"depth=2,lr=0.1,trees=95",22.833922303044478
2022,gbrt,"depth=3,lr=0.05,trees=38",22.91473316758457
2022,gbrt,"depth=3,lr=0.1,trees=19",22.916795360332788
2022,mlp,"alpha=0.01,hidden=16,seeds=2",23.035107803732835
2022,mlp,"alpha=0.1,hidden=16,seeds=2",23.03690532347058
2023,enet,"alpha=0.001,l1=0.1",25.644979356768
2023,enet,"alpha=0.001,l1=0.5",25.64450423547909
2023,enet,"alpha=0.001,l1=0.9",25.64437944059807
2023,enet,"alpha=0.01,l1=0.1",25.642974362994433
2023,enet,"alpha=0.01,l1=0.5",25.6421673778653
2023,enet,"alpha=0.01,l1=0.9",25.643029787316106
2023,enet,"alpha=0.1,l1=0.1",25.634823811745967
2023,enet,"alpha=0.1,l1=0.5",25.648539664693995
2023,enet,"alpha=0.1,l1=0.9",25.652887447534013
2023,gbrt,"depth=2,lr=0.05,trees=210",25.600833678004577
2023,gbrt,"depth=2,lr=0.1,trees=99",25.592423359030448
2023,gbrt,"depth=3,lr=0.05,trees=52",25.63184396487577
2023,gbrt,"depth=3,lr=0.1,trees=25",25.652788223595014
2023,mlp,"alpha=0.01,hidden=16,seeds=2",25.83893220139836
2023,mlp,"alpha=0.1,hidden=16,seeds=2",25.83346521967438
2024,enet,"alpha=0.001,l1=0.1",26.18051807915337
2024,enet,"alpha=0.001,l1=0.5",26.1802481820263
2024,enet,"alpha=0.001,l1=0.9",26.180281809670845
2024,enet,"alpha=0.01,l1=0.1",26.17844548756502
2024,enet,"alpha=0.01,l1=0.5",26.17930740305288
2024,enet,"alpha=0.01,l1=0.9",26.180462478905223
2024,enet,"alpha=0.1,l1=0.1",26.17030600550646
2024,enet,"alpha=0.1,l1=0.5",26.182295305671424
2024,enet,"alpha=0.1,l1=0.9",26.195572657493575
2024,gbrt,"depth=2,lr=0.05,trees=95",26.127034306147003
2024,gbrt,"depth=2,lr=0.1,trees=46",26.145203136345735
2024,gbrt,"depth=3,lr=0.05,trees=52",26.18261854943598
2024,gbrt,"depth=3,lr=0.1,trees=30",26.184574125081873
2024,mlp,"alpha=0.01,hidden=16,seeds=2",26.289585601557395
2024,mlp,"alpha=0.1,hidden=16,seeds=2",26.282202431181414
