mi,mine,theirs,mine_hold1
23114,-1.3073138522088357,,-1.3073138522088357
23115,-3.44503136799165,,-3.6870157480314942
23116,-1.0633087998730812,,-0.9515603921568632
23117,-1.3593083579064278,,-1.3909482353477627
23118,-0.5782270913854549,,-0.48417536120411375
23119,-2.2045783221431927,-2.23495165860292,-2.163416445279306
23120,1.4223385872103522,1.09971648602123,1.598865067527892
23121,-0.574513633998703,-0.614881232574527,-0.49309932516761973
23122,-0.6689873986299893,-0.710532283464566,-0.679022900763359
23123,-1.9177788625453287,-2.04177505635325,-1.9089553187535733
23124,-0.5835009619268989,-0.395937029575064,-0.3809804625199361
23125,0.9112590075112759,0.696086979214924,1.0173374842767295
23126,0.5059524099458484,0.0986149286123998,0.33772370370370386
23127,-1.9484097764711428,-1.81960248901211,-2.180925000348078
23128,1.350859982785505,1.6799724099206,0.5849531365313654
23129,0.39535135495507007,0.297432736895169,-0.11200590405904126
23130,0.5179474354962406,0.142358233712841,0.9065309117451893
23131,-0.7270280507204775,-0.915257113171355,-0.9457374335314357
23132,-1.9264570656962576,-2.27731566892809,-2.074443429772311
23133,-3.5218032818742695,-3.7613557299885,-3.5048210714285712
23134,-1.1319452395437297,-0.804776805722687,-1.1688185873154628
23135,4.309491529483931,4.06742591112534,3.8949352562072064
23136,-0.03561035185591429,-0.093144020202018,0.04903693623449744
23137,5.470595404782158,5.34131997306397,4.703668275862069
23138,-0.2703596889438401,-0.156654407814408,0.1245152815044958
23139,-1.2076043460399066,-0.489671440245147,-1.5447051698861154
23140,6.880869113458337,7.25505171277997,6.523138492728808
23141,5.548452445944418,5.04453624002605,5.037728909817352
23142,-3.3808758599576683,-3.50680811622834,-2.983782191780822
23143,-1.81476615563795,-1.74587487068965,-1.9112620380110807
23144,-3.285363067869417,-3.19759819116886,-3.378397081747954
23145,1.4453822415134587,1.1177594760627,1.1355716790770367
23146,1.4935946011657324,1.34014810996564,1.1261361204013378
23147,0.3544263054648257,-0.172057060131523,-0.2869053539905492
23148,-3.0582766366285523,-2.97278429235125,-3.12382221958585
23149,-1.3107861316251315,-1.53617686044379,-1.201621110180142
23150,0.3307368361513959,0.392069371458332,0.605493278566094
23151,-2.3204842451016696,-2.02670873821701,-2.2844012779552716
23152,-0.38292170274517134,-0.0514042956349223,-0.21147101910828012
23153,-5.787378854564962,-6.4423456693108,-5.430303105590063
23154,-3.46996108422964,-2.37223010126074,-3.2931022740410607
23155,-3.2963034216672535,-2.73460785129764,-2.808193480197247
23156,-5.78272277357086,-5.84704277247595,-5.886146635167358
23157,-1.6525226389750913,-1.45099382716049,-1.4139257633880624
23158,-2.001273655352533,-1.54548611863056,-2.216109991030493
23159,-0.06437892800584648,-0.094634753363426,-0.2954436246418349
23160,-6.029043329066836,-6.54404691908307,-6.504466212034385
23161,7.073556779230518,6.98096523273746,8.783927474155474
23162,1.6958016282143422,1.05241459531181,2.25609256993007
23163,5.263239960721227,5.26821958578516,5.7481192307385385
23164,-1.4945067714984417,-1.02575916903934,-2.0794055865921792
23165,-2.9082387532888467,-2.81878958733393,-3.038241993541575
23166,-3.8939748121072473,-3.25019453055755,-4.286237405931143
23167,-1.2150780445427076,-0.843674599597584,-0.9807119777158778
23168,-0.9547451632550471,-2.32757732840616,-1.1426909430438843
23169,-3.2545045641481094,-3.09133100809188,-3.584917039106145
23170,0.4212002053275452,0.53236324191568,-0.028409568408369057
23171,-0.45115997461087726,0.190772975547019,-0.47819237973772344
23172,-7.39618630345481,-6.89276786041634,-8.014342114487809
23173,10.301025104518976,9.45998612315272,11.901240668523679
23174,5.593235682957526,5.4790277684729,6.73486637647424
23175,1.8347836195135852,2.52284438477282,0.8724425701436327
23176,-4.191420861358746,-3.34374704590068,-4.321424338831337
23177,1.460988841391695,2.23919287606198,0.4482161485642927
23178,1.5937296289811855,0.0044772008672957,3.8926295087867575
23179,0.8422985610333944,0.216739437706896,0.2509121131755693
23180,-3.3551240868998855,-3.47288234825438,-3.348782584269663
23181,-0.4958748860187272,-0.414845689655184,-1.2574819944927151
23182,0.7664584986449952,0.13589942693411,1.6599871053292345
23183,1.1012838985490068,1.4479609047619,0.35825389962965276
23184,-5.418836648268416,-4.86253548233045,-7.077364425770308
23185,10.976129303575172,8.74442551067323,12.89345082047864
23186,-1.8796906359035088,-1.65779654446159,-0.6635226259250417
23187,-0.6691624022604272,-0.292324012559297,-0.487635814434631
23188,-2.3457599444169137,-1.91595153460315,-2.398666828541829
23189,7.81007571551334,7.86461919462285,7.262679557788782
23190,0.18266330689939503,0.0285588415364151,2.159320148138361
23191,1.8874032564375465,6.40616175851031,7.544599385191125
23192,35.86687770030062,39.5173923197609,41.75939022988507
23193,-4.752377310479105,-5.36775668604651,-3.948534738646528
23194,-2.297473964744029,-3.8642304254214,-0.6971373745930515
23195,-2.158853291877539,-2.59940948916212,-1.6228072046109516
23196,-8.344890605145215,-8.7672239630083,-8.574483466042544
23197,0.9640632341146094,1.17212109974424,1.7532784936479127
23198,0.5422375181883731,-0.49257318712805,0.4838305299966289
23199,6.169938507192385,5.96281687111801,5.457870058139536
23200,4.808275431923283,7.66585535450911,6.5623849521763535
23201,52.84285797437338,53.2601018064449,57.241245481049575
23202,14.329990001035211,15.36851556565,15.176705096559227
23203,2.8791896360765357,4.01218785889151,4.112115776171415
23204,-6.45492013847749,-7.66693442290015,-6.5119480632954945
23205,-5.6013902781161775,-4.81910383332603,-4.451543244842313
23206,-2.0872734695804596,-1.93548105290637,-1.8481310605803782
23207,-3.5726063018523164,-4.57538401668674,-3.6985660511823775
23208,-1.7960062979211842,-1.92896310961774,-2.4937411578751103
23209,24.04527622881501,21.9718119839659,24.73487631614425
23210,5.172087313111494,5.40892169642702,5.530985622682844
23211,0.38047984506702703,0.860303362833404,0.3107766080254669
23212,2.3814397973643198,2.45551541979403,3.1661246376811594
23213,-3.7189508551279844,-3.49500911080547,-3.8508872832369923
23214,-4.588220705949497,-4.10107064502858,-5.023460488640947
23215,-7.397223837281699,-8.00510237828097,-7.901840467454136
23216,4.75089280366041,4.61593094438383,5.438934388037196
23217,-1.448336732786218,-1.29477124570663,-1.2681768367261452
23218,-0.8227820693406027,-0.889476618078245,-1.1671792507204615
23219,4.630841121800306,4.50259679530771,5.157015343919813
23220,0.868333586793765,0.980939685688131,0.9401363702623905
23221,1.7045956015540247,1.54613543610548,2.11065652173913
23222,-4.466689788302716,-4.27965867865284,-6.169237523592855
23223,-5.1627416954736525,-5.19080065988233,-5.724669935249847
23224,1.4725721123467372,1.29587766067622,2.6178717201166184
23225,-1.2396729890363154,-1.87499050371879,-0.7284948843989423
23226,-4.910763408903302,-4.80118714627964,-5.1246930021907655
23227,5.143898398119004,5.87176337209302,5.162765797101448
23228,10.086571705578303,10.4653534027111,10.069010650272531
23229,0.572094676581229,0.729307527706735,0.6306223837209302
23230,1.574215868410341,1.45876303839273,1.3097179710144928
23231,17.12244779684112,17.1629959754652,17.298006208291202
23232,-0.915800077117754,-0.871219248070867,-0.9529049492544794
23233,15.29233842101925,15.0309752136752,14.514094448012383
23234,2.793616817063041,3.11639212435143,2.9480141825624235
23235,-0.5314499299339842,-0.70436777562522,-0.31147863247863267
23236,-6.25794420779305,-7.24019305170273,-5.55677034589879
23237,1.1465590574985811,1.50464844729146,0.965570985915494
23238,-2.4299926464515895,-2.55118464923066,-2.5410048625658606
23239,1.0766449681891888,1.42140027932961,1.0266675070028028
23240,0.21063227742489968,-0.0352643487394977,-0.06195139664804464
23241,3.0053366922414804,3.0816053592112,2.907319901999797
23242,0.8998982356358461,0.616112662480725,0.9430493036211698
23243,8.509324540980717,8.87944081603504,8.393370696067597
23244,2.1638567951898553,2.73402649051181,2.507257821276075
23245,6.893486309027243,6.91717152028763,6.877552307352784
23246,0.9595892069222062,1.09595410764873,1.280640722359458
23247,0.502917763339478,0.835437333408448,-0.08998641304347836
23248,-4.667117068929236,-5.07634862806468,-3.7493372972972976
23249,-0.9223489884218139,-0.882989254610759,-0.8686272943911653
23250,-4.903476155346059,-4.81211618020819,-4.815568548387096
23251,1.4431698648960762,1.74361393120568,1.8084789333333338
23252,-0.987135544855364,-1.17031994680851,-0.763089599441278
23253,-5.121961372974735,-5.11336409715187,-5.103883536400056
23254,-0.03839074904915911,-0.0472037516225505,0.060548293963254285
23255,-3.3718082567849272,-3.50458196286472,-3.4168225130890058
23256,-5.9795499776868954,-6.16425454545455,-6.395262041884815
23257,5.1981983125912405,5.05831550802139,5.67522382198953
23258,-2.615211565039244,-2.68581400213904,-1.842755565981289
23259,-4.3554094965342935,-4.32497123655914,-5.373130989583336
23260,5.291654648694602,5.46169429430079,6.522147135416667
23261,-2.4517643694947244,-1.93244291985815,-2.876738039835812
23262,3.5110306441997716,1.50692275429519,5.761090740540325
23263,5.082618740294188,5.35872439115825,5.436309870129871
23264,-4.297139693857622,-4.57712161839415,-4.4273142977589215
23265,-2.1579717563824348,-2.17194058496462,-2.1590594435307016
23266,5.842749578834637,5.37817531922147,6.09413221809085
23267,-3.506163539997668,-3.72082180267133,-3.33867581385442
23268,-3.6809553946963156,-4.03949399484607,-4.043069666574815
23269,-0.7741714416353299,-0.698520173980499,-0.22016752786538224
23270,-0.3730383915107346,-0.107983974164135,-0.25619825232606613
23271,-3.411550025800889,-3.67917253661232,-2.947464210526313
23272,0.5644203619463287,0.583046822916666,0.6775108214136926
23273,-0.23316480357856023,-0.143990186426477,0.05037717435716488
23274,-2.871870715491283,-2.78263154034856,-3.2431661595611714
23275,0.7773808434157938,1.82700021922113,1.5516797861408138
23276,-2.217453404012727,-2.70901942257218,-2.376390685868214
23277,33.176413465312685,36.5908802431275,36.5366305263158
23278,-2.4053579858140326,-2.96340715990953,-1.8517840774520602
23279,-5.3574850025298915,-6.31240813229464,-4.8393536842105265
23280,-2.8811348606710845,-3.05088231293949,-3.126780306672192
23281,0.37732360838584783,-0.087450205822128,0.3429115183246074
23282,2.0495518345991908,2.15639011958399,2.075332358475131
23283,0.7552637864977496,0.814807415750836,0.41630809399477825
23284,1.597971879074223,2.0911925816273,1.1839205729166669
23285,-3.920078238772958,-4.25369941455041,-3.88393811823593
23286,-1.2822572393482468,-1.33258565415173,-0.6576656728969412
23287,-0.580169471153547,-0.499625985641602,-0.42001269548160164
23288,-0.45320829477524976,-0.494404138400729,-0.4165288595680876
23289,1.1392234721864176,1.44746800633591,1.1111261806455097
23290,-0.554146566670172,-0.48034706829897,-0.6765668366866296
23291,1.2976843783868317,1.27844528612958,1.4798359568087185
23292,-3.58890704768162,-3.77372362274485,-3.6577971649484535
23293,6.196819342062892,6.02951658708627,6.664954983708135
23294,-0.7572012602419163,-0.650221744008919,-0.7469670103092786
23295,1.6355982321561076,1.49092677139584,1.7745089199109534
23296,-0.38509162397042296,-0.668482971963129,-0.6261183883725541
23297,-0.33904312604218156,-0.0783202871870389,-0.2910533313659912
23298,1.4794987708917957,1.19730436580257,1.390818121188274
23299,8.599014946348564,8.46266834176086,8.528556153846154
23300,-0.972478502986987,-1.20285622889049,-0.8855557544757034
23301,-1.5792142871032084,-1.86109205570491,-1.473069040592826
23302,-0.8364242948632538,-1.03620507927188,-1.13425566443969
23303,-2.706087572528446,-2.78404790256219,-2.755562341458323
23304,-6.741871902887113,-7.12324385944255,-6.719321419437341
23305,19.61533001847247,18.0648097509763,20.47779591836735
23306,0.6743754273440432,0.849782217655118,0.7594902924910425
23307,0.8824894500235061,1.4596993197279,1.1630897011476342
23308,1.026796344360658,0.795943498842842,0.9752194501491847
23309,-3.520856903325604,-3.53348935953936,-3.109581986120928
23310,-0.3078676056035654,-0.483405582265482,-0.053514653344471225
23311,0.7359230135855906,0.891931081848039,0.8188779187817254
23312,1.5296517224153234,1.45234013582884,1.3842007614213194
23313,3.947262814573857,3.95721494754967,4.03202456724282
23314,3.9261928319688173,3.99900606829703,4.102070481269678
23315,-1.34670076672536,-1.94251352763109,-1.3377520304568529
23316,-3.508955941077437,-3.39453634336606,-3.8444354580798494
23317,15.754007132454314,16.1171003245001,15.869937914777644
23318,12.205614368394357,12.4717956090887,11.539187549315685
23319,4.957009863580786,4.69404430365143,4.92148662275911
23320,4.230538536288978,4.65807117136799,3.4710558375634513
23321,5.750882809055699,6.48736185531058,4.718056328791834
23322,-1.138425454708223,-1.27923740458015,-0.8747317258883249
23323,-2.1157574523523945,-1.48136703938116,-1.5126449522739311
23324,-2.0481596518774863,-1.970093202189,-1.9715281995759175
23325,1.4719327943016198,1.27376046175398,1.2463821540340432
23326,0.6467637371612799,0.553633217323309,0.7888808411571637
23327,-2.8016290216811703,-2.35468517635447,-2.8141378251458806
23328,2.533798839779398,1.983284983422,2.631942554020102
23329,3.634016694323562,3.5475063947164,3.7194333463476075
23330,1.4002656225232646,1.15271348515931,1.644069141446581
23331,2.052011876097715,2.01146425386783,1.891275844763092
23332,-0.8842129424546303,-0.823300581883509,-0.8480389027431423
23333,1.2435435331162448,1.04380956659619,1.0900439281150358
23334,5.883576258478085,5.57246334054835,5.759341064006652
23335,-0.05924107391416107,0.133065377859126,0.10793835808488722
23336,1.4902269401600423,1.38921422220581,1.5226280397022334
23337,0.053368014560208184,-0.123728603665887,-0.08867747524752474
23338,0.3325965758324346,0.306440678007951,0.4092519196919693
23339,0.9335025406585592,0.893269811285639,1.0855588653003707
23340,2.86617214300882,2.77829401916703,2.689836296296296
23341,2.745701729659854,2.67653618078517,2.832350748599024
23342,2.143939466834083,1.94263144064406,2.3895543864720343
23343,-2.5252865669951845,-2.49147662551698,-2.2166207640795874
23344,0.29660693100639846,0.235433102365178,0.20972029339853399
23345,1.854776975553981,1.52113666002457,1.9634611246943763
23346,3.6920354290162947,3.80610202280988,3.754971116504853
23347,-1.0704154622670219,-0.761537314643184,-0.7424058111380145
23348,-0.6699161199458952,-0.427018112458197,-0.6196053982290534
23349,0.39583926828358007,0.45474731677222,0.3915130120481933
23350,3.084115533773549,2.914697068708,3.306863360750694
23351,3.567424325169957,3.47161134580463,3.859906490384615
23352,1.1932503854118217,1.36903160752872,1.1739705914151637
23353,4.722945735499376,4.77660302958719,4.417069689737469
23354,-0.4113972819834532,-0.49599438823254,-0.33995687483894116
23355,-2.140905266357544,-1.91460286635594,-2.3426820061700786
23356,2.0824076294687757,2.53761736405477,1.5131461176470593
23357,0.4482308537519226,0.191769552370065,0.624695316159251
23358,-0.03590882784429792,-0.367443364699672,0.13208770301624123
23359,-0.6599242563483949,-1.26506451612903,-0.9087124693864399
23360,-1.5784720146656563,-1.7397930875576,-1.7348214782818645
23361,-3.501797370632568,-3.59831501154736,-3.6263220956719797
23362,0.11454931469303475,0.0418561200923786,-0.29719581941867657
23363,-0.40950770704397094,-0.73752517281106,-0.491212829082682
23364,-1.5737419296415252,-1.36238200412715,-1.5984978851516298
23365,3.2373997686565645,2.9201149822922,3.711496404494383
23366,0.8537463217796357,1.00765829386414,0.826143215858589
23367,-1.6446568344725936,-1.50606333732505,-1.8195750000000004
23368,-2.700039231058597,-2.34624357126398,-2.9458858772581045
23369,-2.3894288597085453,-2.35583386184983,-2.5876325597624352
23370,-0.21414194324723815,-0.090405280163762,-0.0809774313870415
23371,1.7990010125834417,1.26517428571429,1.3294146017699113
23372,-0.39516994523027554,-0.299317274531635,-0.22549006865099572
23373,0.7813656807864953,0.75737683981217,0.6712885964912281
23374,0.9996516692927162,0.938942351745172,0.9037610335329574
23375,-0.9419618337503013,-1.04934405286344,-1.1968457812962838
23376,-1.2192011076169067,-1.27481453744493,-1.4267436956521742
23377,2.4175153173128603,2.36299757709251,2.8429940027795775
23378,-1.5381919262171477,-1.36839566132781,-1.749438177141268
23379,-0.27158842233765773,-0.262386109247215,-0.5306735483870963
23380,-0.16164677186739368,-0.380318224562636,-0.22095010706638107
23381,1.3743319860393983,1.15000170522507,2.092254944914461
23382,-0.03496698606827535,0.0013238789859095,-0.18841423787655137
23383,-0.5923854577952924,-0.28623449358584,-0.3381144680851066
23384,-1.2451605987924168,-1.40149851694915,-1.4650003090251538
23385,-0.8229450370609714,-0.789687288135599,-0.9080514830508473
23386,-0.437674443914679,-0.437029936305736,-0.5145231566902664
23387,-0.9383792661654647,-0.984068152866227,-0.9089968287526409
23388,-3.230806770645155,-3.25784310338623,-3.1632693432708003
23389,1.7183065900942682,1.83043159613516,1.9666040980901152
23390,-2.4713736360290337,-2.28586953403088,-2.6356107368421053
23391,1.8420204858252087,1.83397301450214,1.8441370888607027
23392,-0.3612421248176168,0.0442237625499291,-0.5800790982783167
23393,-2.698827786282124,-2.27467195877865,-3.076154791666667
23394,-1.0825622373105979,-1.09642169788406,-1.0828030067567567
23395,0.13685339064925933,0.550074173553716,0.5512366009681878
23396,0.2866900975706729,0.359312203799595,0.17593728817207088
23397,0.7852152748423108,0.812128785878394,0.8500830073108077
23398,2.07481050379297,2.13766099250817,2.176608304672929
23399,-1.8649203435640593,-2.01850819448891,-1.9332167196979344
23400,1.6120402807788068,1.65722510091884,1.8846824347715403
23401,2.8380386737829078,2.9371577304012,2.62161634872625
23402,0.42347432629718307,0.462488727762642,0.33014382716049384
23403,-1.090905264848366,-1.10822497858585,-1.3956751540041068
23404,2.054497093814591,2.20355043581565,1.9579260149518927
23405,-0.5756551908116792,-0.597788703658267,-0.26920303060779804
23406,-1.4692974320201548,-1.63971230234383,-1.1980810308417855
23407,4.450391594071475,4.45947327935223,4.546232020865372
23408,0.5990184445712805,0.624460200293992,1.0040685874602155
23409,-0.7857460840897017,-0.85845607287449,-0.7891927125506071
23410,0.7514425793864824,0.79602724499265,0.7309159274193548
23411,-0.5847951721751052,-0.625848326777311,-0.6018382549328225
23412,4.040217150953738,3.90243529394007,3.6806393980820404
23413,1.9945140364798455,1.93893557022354,2.0442937329024637
23414,-0.6057712674386448,-0.657219997847379,-0.16384437751004022
23415,-1.097289284370101,-1.27782695460278,-0.8162338677354706
23416,-0.4080472945725188,-0.214024177657459,-0.6148095999999998
23417,-1.2559684635521338,-1.12152794018012,-1.2731269181636726
23418,-1.7070583993589614,-1.91544508799471,-1.6984141434262954
23419,-1.8621486923459778,-1.89284071344188,-1.8317157708510847
23420,1.3908488955144622,1.47302947346869,1.5028196547144754
23421,0.6672273035518536,0.673417146093306,0.548203777335984
23422,0.14782536207865787,0.064251268275632,0.19408273967307238
23423,-1.1475474241070622,-1.11465890384691,-1.1062854945298173
23424,-1.8930995862612492,-1.90750693581781,-1.9767745355964168
23425,0.007788204705979172,-0.0966084360687622,0.0671037670723594
23426,0.08921673500564783,0.0495541235334693,0.1679824480981671
23427,-1.6182916093148396,-1.51392673081749,-1.6371953765394711
23428,0.19440946929645575,0.0919146842266576,0.28297745344701697
23429,-1.016266472805785,-0.937304766703939,-1.0514872730590628
23430,-0.6311587442338549,-0.57751369080022,-0.582096653543307
23431,-0.27793379598485846,-0.247953710937501,-0.2348568418080843
23432,0.5235789676623834,0.5872818359375,0.4490803536345776
23433,0.5023578836582504,0.648656835176046,0.4505777437497591
23434,-0.4304417908224111,-0.451684610723344,-0.5963342359357104
23435,-0.7641915916007463,-0.677409413508279,-0.7140358674463942
23436,-0.9957583492128753,-1.03354774951076,-0.9773760751705652
23437,3.459546695468669,3.52169705182955,3.4719345029239763
23438,1.7807037144119136,1.88535234542965,1.7829608187134507
23439,-0.5555682925015981,-0.604662352941177,-0.4049779296875
23440,0.4349344085558024,0.484997605779962,0.4766533134594301
23441,0.07742680512662255,0.15433644372486,0.06284443340338697
23442,-1.2388497445193334,-1.31785131233595,-1.1291546654608458
23443,-0.6145788838699159,-0.743361815508569,-0.7458922178988328
23444,-1.1231858812702853,-1.11297325673801,-1.1454558693185715
23445,-1.9376605967036138,-1.88706581468687,-1.9717643274853802
23446,-1.2251099702062382,-1.39372154723737,-1.2588712336411443
23447,-1.0834786604894473,-1.06594783030001,-1.2023555543664384
23448,-2.0713762557160007,-1.98185251564011,-2.3073943663363328
23449,1.9282834936827562,1.96047748753724,2.0884961013645222
23450,-0.8494235421137022,-0.747929376918621,-1.0206062378167642
23451,-0.9384879294813454,-0.760244620287901,-0.9944606237816764
23452,-1.6810277040441393,-1.39325341828929,-1.9181641325536063
23453,0.46476783008865946,0.39448681705692,0.4559483430799219
23454,-0.06350616506587103,0.0021383756771173,-0.13851400778210118
23455,2.3124943510982625,2.16558472060099,2.094192457960725
23456,2.1413063758273188,2.17750198662117,2.411759860602168
23457,-0.7635260981095454,-0.707453666945148,-0.9328919938800951
23458,0.188027101711391,0.0878525193798434,0.16859066298675826
23459,-1.0241454748670493,-1.11445339805825,-1.067552140077821
23460,4.38240260407722,4.50157692613413,4.486839435380495
23461,1.1226987923140572,1.25614391415432,1.2202042635658914
23462,1.1609278999225583,1.1858421569251,0.8134308984862177
23463,0.02578027687589367,-0.111501668086456,0.04685820219664874
23464,-0.4290304759791878,-0.436739647812989,-0.35317658898424453
23465,-0.4964888066045397,-0.609252052837996,-0.4506500539786784
23466,-0.8698773018982922,-0.855253611753946,-0.9794873447730869
23467,0.9353551217468068,0.716782458051889,0.7815141263074872
23468,-0.857144529547168,-0.898576833976834,-0.8089524114224882
23469,1.4497974092841663,1.41032796775097,1.531962694172578
23470,0.45027475014272406,0.494137297087791,0.5178972868217058
23471,-1.8885121436419188,-1.92269961641341,-1.5638937337246923
23472,0.3642502937877198,0.52792904985233,0.49705844616376516
23473,1.5066787809635398,1.4359640629275,1.5639293729161805
23474,-0.8853158061703037,-0.856946774340937,-0.8311590547151353
23475,-1.744559052816628,-1.90495954199349,-1.7391155038759696
23476,0.3092255720038619,0.317632715948901,0.1926452551473828
23477,-0.1375514812682056,-0.238219104503898,-0.0035721051806152093
23478,-2.0316274499908413,-1.90833545042808,-2.181005558798
23479,-1.5517164585877834,-1.7068353250885,-1.7380133602752281
23480,1.177504406152556,1.13125423873466,1.2092664513342473
23481,1.631273808157036,1.63150121059088,1.6416603883495144
23482,-0.34781173254131587,-0.385700338585557,-0.4410848765987434
23483,-0.48268539199375654,-0.488845322583698,-0.4736828213554674
23484,-0.9716947420455202,-1.1119494262074,-1.169215361255362
23485,3.222692237246939,3.21069206033748,3.468785830887333
23486,-0.7466459591818267,-0.79966869602515,-0.6530891479551673
23487,-0.28005425597678346,-0.289654058969733,-0.3312972972972974
23488,-1.0635621354643985,-0.841120288162797,-1.501602123552124
23489,-1.4571843500357955,-1.37316629064443,-1.4833086027123168
23490,1.253027660993381,1.38676232335514,0.9806819569054273
23491,0.26786203559448196,0.366614854854093,0.3372904181466528
23492,0.6625590495756594,0.724190923635565,0.6275930290093052
23493,-0.06669958224095138,-0.140599445711246,-0.06915918856414474
23494,-2.976879897943244,-2.94557373443222,-3.1905063112110117
23495,-2.4569418541592696,-2.49034863477159,-2.558001717557252
23496,-1.7058414382349865,-1.6201070664874,-1.933489030812325
23497,5.205204255195669,5.22115801334216,5.527726095047654
23498,-0.2958356398790071,-0.0988188266908654,-0.5852845670665213
23499,0.03818333456797249,-0.129259403353054,0.19299200301248903
23500,0.5135208431578039,0.8399755091275,0.24112832621784352
23501,0.8979251102962222,0.888712751479288,0.91228691197291
23502,0.503940187512975,0.669571260376805,0.4402063097514338
23503,0.23036791323138434,0.623841799687125,0.7048905982497424
23504,1.1736054019516668,1.07179775653283,1.1552779307544658
23505,1.3914481649674841,1.35418517819382,1.4093033333333331
23506,0.18443797927418187,0.116180692748934,0.08966418773738022
23507,1.0561311785822582,0.982287040905968,1.0568521718146713
23508,-0.6095475704739233,-0.620754107214564,-0.6135540643989918
23509,4.01227492675657,3.99391667281349,3.982335730695124
23510,0.4369377549030113,0.545998918407202,0.34802898806877147
23511,1.0040007596134841,1.04003528827324,1.2198228331110121
23512,-0.8736926003968334,-0.672962887088729,-1.1348408350691859
23513,-0.468983118494075,-0.435736651940018,-0.3471239515178307
23514,-0.4448451715380881,-0.213762938508007,-0.6257116858237549
23515,0.15902952361775438,-0.112644696969695,-0.08828164435946452
23516,0.0833028333211738,0.0523262262089594,-0.044886964850456186
23517,0.5663594602928556,0.480087096774189,0.5817343407568356
23518,-0.5037000737325333,-0.545379696419543,-0.6378423149905124
23519,-0.4168275815555332,-0.532709361710407,-0.6178702651515149
23520,0.68809096006658,0.69743980554047,0.7911801512287338
23521,2.9932573398232343,3.09962739767358,3.189851403529383
23522,-0.30012859842239953,-0.279639578621505,-0.5058749529190207
23523,-1.1436608687809082,-0.965078271874718,-1.3753092094683235
23524,-1.3398837647838682,-1.07903480192693,-1.4247530799117925
23525,-1.2383246413219222,-1.13822942857143,-1.5659395031421837
23526,-0.7909082364821352,-0.641878552818107,-0.8613743061378503
23527,0.2617681292906413,0.341859669867416,0.356291939844542
23528,1.011533770937486,1.02369202397498,0.8170453704937526
23529,-0.5516649082365515,-0.331071710860236,-0.5090476962815518
23530,-1.9115634068315759,-1.99208427413155,-2.134107715075905
23531,-2.1138568837065885,-2.3002342314246,-2.147849819709718
23532,-1.542972553368394,-1.59267250492288,-1.4190621377397121
23533,1.883755424438267,1.70378279993827,2.447154543734266
23534,1.5859135718702078,1.48757398911802,1.699661906770865
23535,2.744567817117656,2.46635008161936,2.5469872056184575
23536,1.43801614132769,1.32288786626968,1.5559080155929694
23537,0.7931353707499108,0.906808841950482,0.8949493601462521
23538,-1.7832606938891988,-1.58211133593895,-1.5386450390889872
23539,-1.701409479760085,-1.3600084057971,-1.4327535487723955
23540,-2.0112504322334344,-2.00434328335635,-1.895502595885866
23541,-1.1245891033513855,-1.19469748608903,-1.0929221179990025
23542,-0.7012384556522536,-0.870064032797367,-1.1274052940634942
23543,1.1127095342851256,1.11830686393572,1.0293956756756761
23544,0.737545131394204,0.868050997917592,1.1151866055542663
23545,3.9144436186026317,3.89196937625056,4.246492612612612
23546,-0.12069698634754784,-0.14029245573049,-0.16157352918383436
23547,0.20114798291177055,0.207371139822841,0.11264491731907342
23548,-0.8941583519075149,-0.787711753494357,-0.995771084875209
23549,-0.8479674622928596,-0.873454309587839,-0.8251784559449207
23550,0.09458667018599314,0.412624485545793,-0.3765293282008697
23551,0.9827265458524063,1.59655302346782,1.5824097953272214
23552,0.9030182892234362,0.876266607773851,1.46668819296417
23553,-1.2489145784933608,-1.67436212014135,-1.0976600255621602
23554,-2.9668571686620777,-2.8940867602472,-3.9706721659238178
23555,-0.0281305293116071,1.58170681274459,-2.311749607719456
23556,-3.2094737628727033,-2.77680003468187,-4.15323475806668
23557,4.157422144716603,3.96142723396216,4.321924924321687
23558,0.49008034434957803,0.896930649648692,0.022691654641852563
23559,-1.5982271249701567,-0.805011725424478,-2.0104264105758154
23560,-2.3883949864860585,-0.931105530102747,-3.068760630722279
23561,1.0772410307533378,1.59678167013552,0.7024447207312892
23562,0.729655597101572,-0.226697701962098,0.8302443278047547
23563,1.0075322989871265,0.803534100317715,0.9016348439073514
23564,-2.4111616604763073,-2.33393313463102,-2.495568451780308
23565,2.240457785196247,1.61695723475566,2.1366394375071134
23566,-0.9310386123749694,-1.11713055201557,-1.10692110775428
23567,-1.4954720009241722,-1.47592807237729,-1.4921166925767588
23568,-3.5138442786107644,-3.47163168820738,-3.6247556357942017
23569,3.6154196658216833,3.70308616162546,3.413809762330306
23570,0.25044045380343355,0.375165911851567,0.16889800929070914
23571,-0.3203472682545025,-0.235267237617293,-0.3305891266773702
23572,1.0536439228926928,1.01797809534114,0.8482799020520855
23573,-1.7640269268180155,-1.6473692354678,-2.1080605950445794
23574,-0.9371455888233601,-1.03145259357661,-0.9790318636677332
23575,1.271942210364996,1.29317592768818,1.1951822687902953
23576,0.8063878259932717,0.785433714370856,0.7771791766350002
23577,1.0156318253564738,0.94826304995888,0.9458740760020832
23578,1.3432073777163247,1.12511923016675,1.3826227565598312
23579,-0.16492221677052168,-0.233124109885202,-0.05932147240089353
23580,-2.112883608917906,-2.17937288684224,-1.943762175177211
23581,3.461961413026931,3.53144360505381,3.4237419634650728
23582,0.7955066765074267,0.718500393876321,0.8494561258056883
23583,2.9599250144584444,2.86075846103784,3.1030795510852385
23584,1.2485501066561389,1.06414469442725,0.9663176970604328
23585,0.45940701981587867,0.346074297143904,0.30613670285477673
23586,-1.879064672390177,-2.06478716143212,-1.7780743063348579
23587,0.1323269957934018,-0.0781507590132811,-0.14432462759785303
23588,-0.8484927482142092,-0.844146676323132,-0.8641403660886317
23589,-0.6630713986301413,-0.977802130199861,-0.6939583294077227
23590,3.39811455987915,3.2837808403204,3.2698633341570784
23591,3.8212568113082184,3.87708133385072,3.0169893766706273
23592,2.8953527851266427,2.63495238662155,3.3994051326959993
23593,5.975215769987588,6.16839400130355,5.8232734089572
23594,4.920564139873753,4.86582528653451,4.518678694817659
23595,2.731375577000406,2.99421922864232,2.621042927025719
23596,2.605297165982173,2.86736226250744,2.050157777469888
23597,-3.810536527264869,-4.33086252925037,-3.147308091006254
23598,-0.19976454452017745,0.0367665895830135,-0.3801946205571566
23599,-0.5146023087434376,-0.561618106014693,-0.5271545566513814
23600,-2.3087942637512167,-2.17257564149937,-2.260010526167093
23601,-0.9539892678488602,-0.939394315447767,-0.9496151273269798
23602,-6.561719690144338,-6.23798321450736,-6.320623288973384
23603,0.0015326635754804817,0.214074099006507,-0.07216856892414761
23604,-0.7753376123583322,-1.15653055169856,-0.7365181732503681
23605,8.985248507777733,8.88372132437546,9.506633328802478
23606,5.488522020746033,5.3861693358878,5.488454853054282
23607,1.2337036023788868,1.16894947664319,1.3138670938365489
23608,0.8202819712703332,0.766150178062655,0.7076607210626189
23609,2.6449999321912396,2.59171670513169,2.718128422053232
23610,7.341347243208025,7.68583224505053,6.8079698698226565
23611,4.164489151964424,4.3415684105831,4.279862816637216
23612,1.565440371307325,1.6271707166693,1.4438009631469375
23613,5.5910641618930255,5.77220564827758,5.161456683237732
23614,3.150277809896809,2.87296470562969,3.0209108736703194
23615,-1.8115803022751436,-1.871408821543,-1.7963147425478185
23616,5.801341276875373,5.48785860480366,5.137793500304475
23617,9.007858879891673,9.0119951731217,9.404855520819556
23618,-2.4849745919468527,-2.5799816931878,-2.0399082489128926
23619,-1.5222255699220408,-1.49421161280258,-1.6212387771544852
23620,4.882015575553375,5.33919462659441,4.608795415108583
23621,8.314235490411724,8.43785885207135,8.320576285714287
23622,0.2170853604496589,0.318829903518089,0.6271069325735994
23623,1.6141364101442155,1.4538350113821,1.527497001738915
23624,2.51355842908926,2.43144125878824,2.0119572589905816
23625,1.3799317905720325,1.33071060114169,1.3002424252650662
23626,-0.7053691590224399,-0.656691916779867,-0.6850415955567696
23627,-0.739418784467986,-0.820780827116964,-0.6333858462678227
23628,5.519102059526421,5.57062880650303,5.397475577684433
23629,0.9276021240354476,0.64810078783754,1.15988818315198
23630,-2.985098614965289,-3.06495272986142,-2.741787929530473
23631,0.031404780572785666,0.424592699822922,-0.23762353099730446
23632,-1.6675301903267492,-1.67798486505174,-2.0726287004201573
23633,1.0897768320635037,1.23644361452859,0.9047106046511629
23634,-3.5457019512077235,-3.70585194819499,-3.5697050177138796
23635,-3.5145664340869387,-3.97960874839556,-3.831866235764117
23636,-1.408657948470099,-1.27983661519115,-1.3978992577006708
23637,-1.9100694955497175,-2.26338485891229,-2.4030293147254604
23638,3.3331405328399724,3.49517143652586,3.829682484696267
23639,-2.669576636568767,-2.83466332812499,-3.1974066794404954
23640,-6.198799240247866,-6.24632342004802,-6.579593575314048
23641,5.767225773038896,5.22310574957951,5.9396234228501665
23642,-2.259776812546722,-1.99253999903622,-2.409240352502848
23643,-2.173368334641275,-2.26606300543514,-2.115460947963622
23644,-4.571965880363532,-4.72863235751656,-4.723761922895875
23645,0.1939684239838504,0.051396948515757,0.18650432924731813
23646,-2.0579262075639284,-1.88061360372121,-2.2578702533066792
23647,-4.412156514910529,-3.74485349033055,-3.769547720809726
23648,-0.6452989320774309,-0.0695905014972871,-0.16496875955290327
23649,7.130494809872549,7.88415611866782,8.213775682237666
23650,-3.543018928131348,-4.35084075231663,-3.985326212861401
23651,-7.285890681066343,-7.56594932665232,-7.531481109507318
23652,0.3741037464186834,0.44426215889098,0.5982790783475023
23653,10.686911203927957,10.7465233772325,11.089848749859748
23654,4.741697256053193,5.0954366675185,5.0140893354142575
23655,0.7976261287637202,0.615791961910293,0.8390145539969668
23656,-1.6145682722123573,-1.63475520625337,-1.4837663201208513
23657,-2.4747978321543176,-2.58317067627339,-2.4585639255859078
23658,-3.0054650873748265,-2.731458507671,-3.0590159032722424
23659,-1.8892969976316647,-1.98878982510375,-1.994393206408733
23660,-1.3261352694272854,-1.47605413395714,-1.3912611075956316
23661,0.3981461815540378,0.566856711572657,0.22008996172387532
23662,-1.4205122738007967,-1.6322538034962,-1.7143733276883997
23663,-3.2862577606351895,-3.32564868658777,-3.51728036890655
23664,1.1594144131832331,1.14897466057545,1.503556747694887
23665,11.635953747120713,11.3459902176823,11.658130321656937
23666,1.7640885831506656,1.90908599487617,1.5521065788840938
23667,-1.335392692939045,-1.3228028555372,-1.5128714438934758
23668,-0.7199091020161817,-0.699924297279156,-0.9145794994332235
23669,-2.606645629762829,-2.46031093889202,-2.8099381378313097
23670,-0.8079256450557469,-0.71487321955218,-1.0254837485949544
23671,-1.2098131456700654,-1.48507887040325,-1.3472356379468184
23672,-3.324003711186385,-3.28915445184411,-3.267117898661277
23673,-1.7978038922462203,-1.94610483893451,-1.889746115447355
23674,-2.8742981165817625,-2.77175209407265,-3.0803368873102754
23675,-2.6584629193240357,-2.46689624811535,-2.3328229652077273
23676,-2.6513637270850836,-2.61408979630708,-2.7847770309981144
23677,3.6762169569071252,3.70847290422281,4.031520262020825
23678,-1.1160973479586356,-1.49332870893092,-0.23396060345853842
23679,-0.4755654156386814,-0.416446562728222,-0.6988799703862618
23680,-0.113842848734822,-0.615293625819028,0.6225000192543045
23681,-3.750496454522599,-4.21079716058152,-3.219589940899924
23682,-0.9451281136223053,-0.499200418649942,-1.368391588312476
23683,0.43698141018951275,0.146818543646759,-0.0875774331637158
23684,-1.9243366149498478,-1.85529570965158,-1.4642544264334152
23685,-4.330690680226363,-4.16938537954526,-4.315499661291543
23686,1.0380899156435017,0.346463214515139,0.6578525452786519
23687,-1.1057778688686661,-1.93606414844994,-1.482223896178772
23688,-6.504838664480585,-6.6096672386836,-7.061025876664504
23689,9.529292457717657,9.77535969202631,11.30903295452775
23690,1.0430105629491342,0.778979862797839,1.2063499136406026
23691,3.714773300400816,3.52078056412846,4.017608010233278
23692,1.1987973461471269,1.14162095384889,1.2203931553093876
23693,0.4532415549352682,0.378037129869627,0.30444438860098844
23694,0.6363298418735883,0.436939112492244,0.7035768405145127
23695,-0.21183315024797378,-0.466710331458871,-0.1272082068828645
23696,1.5370880675995966,1.19605194713148,1.413238915407221
23697,0.9546628931344607,0.76738348696519,0.965140924298652
23698,-7.078523642698636,-7.08718938794937,-6.915627980516081
23699,-1.5917618915624248,-1.69137205273255,-1.922048251380179
23700,-5.085242098055729,-4.90536361818154,-5.375818033788812
23701,6.860226882650383,6.80570764652018,10.39871529944208
23702,2.157604087457276,1.90118835282095,2.452396537412
23703,3.9738387985199664,3.54100456471716,4.458631436685016
23704,-1.0942015936424283,-0.7048834113047,-1.3738286512032718
23705,1.604994064292788,1.64046063358694,1.4837393270684383
23706,1.3006414911562645,1.13990641754943,1.511328947020027
23707,5.484258549663024,6.14654142896261,6.211716793794679
23708,-0.9207976427050748,-0.81820269272326,-0.675420142935515
23709,0.2680273493963924,0.247344347392843,0.2748482441381934
23710,-3.4577748279176648,-3.51595345950407,-3.815020595929239
23711,-1.346548640964766,-1.40999613318319,-1.6538317233311406
23712,0.013994249775325134,-0.0721928575276222,0.6233843341260182
23713,4.690732969251127,4.20265594834523,4.572023747717324
23714,9.247396279286622,8.90367156842039,9.500031134229864
23715,1.4073115605172206,1.3108931482414,1.259176949590694
23716,0.914824684634359,1.15634303595445,1.4206568349373943
23717,-1.1947975909292177,-1.23605195035352,-0.9606497501793984
23718,-2.518096717350443,-2.44070471972714,-2.5884953980458287
23719,0.5386954972654089,0.419180435182861,0.484046752769576
23720,-0.6510374555856175,-0.398075370735363,-0.5260659166885444
23721,-1.473795134513791,-1.55969203114888,-1.4486928788933073
23722,-0.1570130104082544,-0.189837019575737,-0.33836697009776256
23723,-1.4857654236923692,-1.27094245373257,-1.511998462452777
23724,1.9204048309159216,2.05235881364258,2.3725413473891304
23725,6.8091773600913275,6.87942486148642,6.895318808328792
23726,3.1077232120287155,3.03573540314003,3.009691220276851
23727,1.496878203271429,1.5494318033661,1.4363700938566553
23728,0.40031107558722967,0.524733157664304,0.3959186243204816
23729,1.5212668768792745,1.55048764462162,1.5215717139785696
23730,-1.3897302727232748,-1.36752125387389,-1.5488574903969279
23731,2.9889443293541906,3.00417123127828,3.0545240022782383
23732,1.0474639414633904,1.31866700036239,1.158623729021926
23733,1.0645814390170634,1.13149753731439,1.0522022821932633
23734,1.1720278473798993,1.2186166826258,1.20702397296328
23735,-0.3254444200538767,-0.457393679058408,-0.3215679609123792
23736,1.142662592800518,1.09408586604187,1.26475880186136
23737,4.466895773280699,4.59638422420162,4.490265996159475
23738,2.8402308919111583,2.83380133260277,2.9209495377577404
23739,1.835302335027444,1.76938540345186,1.7280365477905117
23740,0.7033874729484284,0.679349785035522,0.7933159399292413
23741,4.488148886502077,4.29194549372202,4.525210283015372
23742,2.184921923196133,2.38186870742705,2.231449124343257
23743,-1.2119073169761998,-1.51272764111851,-1.4852770697109532
23744,5.459635213041209,5.73667205678967,5.452918891771683
23745,2.7966152420397576,2.8545722201841,3.2264343033781397
23746,-2.663271321596221,-2.57050493406852,-1.6511256729905777
23747,-1.9768864973701963,-2.34190347672053,-1.8764290541404736
23748,-0.8658952855781802,-0.906822296405869,-0.9303203065377549
23749,2.8431126931842714,2.82505552390577,3.3019413978971848
23750,1.5621895333493114,1.56446067086049,1.7389343043553454
23751,-0.8670120912435081,-0.963580839676685,-0.8272117930654216
23752,1.8951055513156778,1.89374897368286,2.081551379123451
23753,0.679600895856921,0.392822356687253,0.7292951963954798
23754,-0.47018109566819694,-0.497134060439743,-0.32575594804006913
23755,-1.36629715462662,-1.20589014669587,-1.2481601940997074
23756,0.1406994978529359,-0.0511154738506283,0.14900278366488245
23757,0.46592740243833,0.121646231719428,0.24588178586593362
23758,0.3552425298475351,0.350079938723811,0.31264460850451425
23759,-2.3915521799168906,-2.77748118053044,-2.711196671952418
23760,3.1120147001013714,3.08154305565096,3.0147029404044803
23761,6.677069836251043,6.5949048182732,6.892853461436185
23762,3.2006537914851148,3.11128400986801,2.9651018014396047
23763,-2.6773176046332408,-2.6257370693946,-2.1751202920044483
23764,-2.8827670018303273,-2.73121889319233,-2.841988966864743
23765,-1.816072279488023,-1.82450744257164,-1.8635054762447998
23766,-0.09264825014132488,-0.09500067741598,0.04795546455016314
23767,-1.1951182723547933,-0.873414756444639,-0.9928261655027942
23768,3.7073637537398696,3.80808862551256,3.284114241893077
23769,3.1988633976287173,3.37454193894566,4.035242018822527
23770,3.634240512783029,4.0375571609894,4.226638564264807
23771,-0.9576185122548005,-0.84840838110131,-1.0871614716870968
23772,-1.595374684728844,-1.4554158989692,-0.9466655320712565
23773,3.382774232415299,3.06212792010973,4.165703016095517
23774,-1.5705803167342425,-1.58965458693584,-1.612521505430764
23775,-0.460396043963383,-0.200701536246325,-0.537878522322742
23776,2.2676495609055127,2.41650246172284,2.2410899362364756
23777,0.7701750342035889,1.04043815695928,0.42615787031733304
23778,1.2662522125861302,1.05041322187857,1.2544220971839886
23779,-0.29991114329641255,-0.012971829280084,-0.008739083525326208
23780,-0.5744808176171858,-0.921252555420092,-0.8170135314131979
23781,-2.4526986027573696,-3.10577357183728,-3.209517542172524
23782,-1.3275256103236854,-1.41589104013089,-1.2622602516079358
23783,-3.2378815137642123,-3.58339497222213,-3.203719134239817
23784,0.17968398207317246,0.265712701688841,-0.11592147556248253
23785,2.7491613150636396,2.57345288486834,2.7514387187148865
23786,0.3394151914773503,0.591682544489302,-0.42124647992171294
23787,-0.031814026592018756,0.241523527662183,-0.33057618380953874
23788,-0.26407904417231076,-0.0638253190429579,-0.15289906678666657
23789,1.4886976559299503,1.5071655480053,1.562548362701234
23790,-0.7755515786269638,-0.159526636712737,-1.147434266833933
23791,0.7134134958318966,0.102494173612401,0.16408607198481265
23792,-6.006640222949847,-5.85296701850668,-5.826331582086465
23793,-0.12085208280012072,-0.534130417337057,-0.6720147862545399
23794,-1.815321467558435,-1.72408799549648,-1.9801587958044833
23795,3.7622315188201494,3.785036966808,3.053096677129716
23796,1.911251696220172,1.66308464784294,1.6603243699312646
23797,9.70868539210378,9.87060742591476,9.593415950749685
23798,1.8030049800267918,1.98729794996252,1.7946157028597123
23799,2.013501806491233,2.3147770440647,1.9642220576252063
23800,1.347336106810479,1.30454552128809,1.2584177553224163
23801,6.907562931681826,6.42656247016338,7.197225675502563
23802,2.5819982339185326,2.58130588631356,2.831332543461773
23803,1.4971564234934598,1.72588577884954,1.8942413437865722
23804,-2.2860676081235405,-2.11518933660064,-2.3165604460922484
23805,-3.1956704261175353,-2.14213280604258,-3.1802269134644505
23806,-0.7154101763798228,-0.980674987502003,-0.8912485099883731
23807,-3.1558745705005506,-3.30432342991427,-2.7629129330546105
23808,-0.8361440492732458,-0.60400983184026,-0.7626175920058178
23809,4.295457168689604,4.01182781478185,4.447311516238779
23810,-0.16615645278694502,0.144386514720249,0.00750247495770115
23811,-0.4016683007012754,-0.207838386851861,-0.5438943740641676
23812,-2.3503349670383833,-2.31657354802513,-2.418172169213019
23813,0.5606915498593358,0.751908530509767,0.6139174192186715
23814,-2.6102985436578767,-2.70930812158556,-2.4196969458113244
23815,-1.4352720301623227,-2.02834917419243,-1.6648644113299762
23816,-4.924984208921982,-5.2208089814117,-4.796048351121556
23817,0.3878996257908464,-0.0921030593869313,0.42479848641195334
23818,-2.3569718731173332,-2.93587262940133,-2.363266681620382
23819,-2.9002362336802765,-2.76133514026379,-3.261120723823596
23820,-2.516424075636284,-2.67334107149041,-2.582412144159081
23821,0.5258771178106111,0.203602274591859,1.1131875856018687
23822,5.093444042660885,4.88524810896366,5.228130353194724
23823,0.3460975800049797,1.37649061239455,0.3946853799319668
23824,-0.8318442617510595,-0.43452870026571,-1.181895780766245
23825,-3.2302025332080855,-3.12453011960861,-3.5988856016467787
23826,-2.5608662500913866,-2.18209440147139,-2.8576807584614077
23827,0.07767733185826292,0.0133364897966768,0.08123876676582147
23828,0.38479627126852733,0.106890426067425,0.14261730372206594
23829,-1.0078227374455864,-1.34430623037056,-1.0175428767173014
23830,-4.061451204226244,-4.48861573633409,-4.193290644677318
23831,-3.1430802567217224,-3.52181650655121,-3.226054207967901
23832,-2.6236108151103696,-3.28405601297319,-2.6970454340865517
23833,4.4348120658810934,4.52241313728812,4.555962807125711
23834,-1.8327342714160784,-1.79583010551376,-1.945314224200486
23835,-0.528513111690549,-0.86370823558399,-0.4124463337128369
23836,1.4879697677261847,1.56235908693801,1.3618418399014338
23837,-0.5410782427643365,-0.26584378050828,-0.8523790627917832
23838,0.2690066804092594,0.506097656874973,-0.08625882825261649
23839,0.7579664623422571,0.570731262971374,0.654019850129639
23840,-4.098260075683937,-4.04647040520396,-3.8911454953873528
23841,0.8753974145274843,1.18964535464178,1.0839193245798073
23842,-2.6189016441232855,-3.07090357240668,-2.2676476802507306
23843,-1.2745456578912173,-1.37858899132149,-1.155049706655859
23844,-1.547638790450536,-1.74198568613574,-1.7712642824063838
23845,-0.13943507945868389,-0.0395809640433296,-0.13488458208707754
23846,0.729196483807817,0.578303802142805,1.191177222081055
23847,3.0119812258444427,4.05489026852101,2.79286626543812
23848,1.6051509288377845,2.3209247514902,1.2509645491600683
23849,0.8976794477166575,0.940245623676691,0.7864153996737357
23850,-1.3918450425990763,-0.965686638139212,-1.4748261127997009
23851,0.4618182503320032,-0.022082788167217,0.20201349705987193
23852,-2.8942934822693003,-2.98172517082169,-3.0066162598943786
23853,1.0525023613490594,0.973919251632638,0.9379895361372393
23854,0.25837652348654117,0.578127164434864,0.997330284283382
23855,0.21735960579512195,0.353242510976875,0.13035148528678514
23856,-8.571093003147105,-8.743823232744,-8.573789655459962
23857,4.5162924435877105,4.57735738318568,5.4155313362653095
23858,-2.6468704401983576,-2.90737279932902,-2.461235316879509
23859,1.5021891536492868,1.25014685588331,1.4723453180454384
23860,0.06769070054467792,0.0254997005188433,0.17502092414350723
23861,0.1152561076469608,0.194666665694943,-0.036714376506745416
23862,-2.717182403029682,-2.98254343300057,-2.709472408310566
23863,1.9300201727247623,1.70207234582906,1.7329725064766834
23864,0.41734844095172896,0.173425859161446,0.23952283079397668
23865,-1.3556353762582651,-1.7983279453598,-1.5250522948983098
23866,-1.7475550475139396,-1.70516865032509,-1.7614004819026399
23867,-1.5856222150204724,-1.76794793939221,-1.831317579154015
23868,-2.3383303197523517,-2.41378585828677,-2.6334064993094772
23869,2.8000808849906145,2.68599798446714,2.5338915419397527
23870,0.036580039361417994,0.161478916890827,-0.15808394184496657
23871,-0.8105145631149505,-0.438372552815648,-0.7607676260276172
23872,-1.291245721596549,-1.16898934668363,-1.4558882743840251
23873,-1.239008667975495,-1.15187868947314,-1.668792089340074
23874,0.43099993033008505,0.447881052689354,0.3472883724266837
23875,-3.6001909124115596,-3.96966422846795,-3.9198041778491532
23876,-1.5075318246368554,-1.6853052024495,-1.4224596581905915
23877,1.0522363092589275,1.06939316908372,0.871225582367546
23878,0.7917966747391276,0.494402738387393,-0.031475254840152705
23879,-2.8301948562752277,-2.44450357689794,-3.2457704963701532
23880,-2.6613702086142816,-2.76737632285044,-3.489663812964067
23881,5.594386486484915,5.15011671824821,6.004861682296772
23882,-0.6140791281287311,-0.318058480009355,-0.8209977136123404
23883,-0.6891752313271247,-0.778999831593539,-1.0330539080007903
23884,2.242235697554582,2.02599260204515,1.7107395094074125
23885,-4.235176184584142,-3.60130952437001,-4.745428773547014
23886,1.0446087216308517,1.37449851628819,0.5282226221012929
23887,1.1647815683250748,1.22587271828858,1.1759630360882651
23888,2.0139396459553462,1.9764793588793,1.8021440890625642
23889,1.9005623439038475,1.43964589759155,1.5918528773140235
23890,-0.9002819214484216,-1.8746364897492,-1.4774349073644653
23891,-7.654823433930762,-7.61219172500811,-7.3878369079929795
23892,-6.535983091380464,-6.82415612373983,-7.056984626588076
23893,1.3226239970176092,0.983054853111794,2.2156100745982705
23894,4.043568816729694,3.71793546903021,5.353322749555667
23895,5.265091533490086,4.93323162882058,5.1647224742973545
23896,5.184932054454916,5.1994472664499,5.55695393502205
23897,-1.561438421402054,-0.941376632901428,-1.997391640802959
23898,1.6514543408441658,2.36428181991347,1.6801429039731415
23899,-0.6134940278131953,-1.4866733740291,-1.2856229481131198
23900,-0.6548403282236129,-0.926792375857949,-0.7425909520423938
23901,1.5502625777968688,0.939220764327141,0.7382082813245867
23902,0.47519642858247196,0.581317368761775,-0.27861684601041203
23903,3.924355966935943,4.26521431269546,3.8966954394340036
23904,-8.821564605889257,-8.68992796638886,-10.043071657970359
23905,17.32141583561975,16.7170240466476,18.325279865132465
23906,5.720793411849457,5.67869424902482,5.7553301972475275
23907,3.908034975273303,3.83404632144845,3.998293091831612
23908,-1.5541872093915305,-1.55259022858448,-1.2623728812522064
23909,-0.14304847151253436,-0.236706094661366,-0.2505640103571897
23910,-0.7077084549087158,-0.607973372437586,-0.8104623749428934
23911,-1.7499253369560395,-1.9080552213211,-2.033687931848082
23912,-0.18998334602725564,-0.131777788196119,0.06956073091960863
23913,-0.9379788320512215,-1.08166605157971,-1.1481390782967562
23914,-2.0690596611790624,-2.21338467195114,-2.352819472488422
23915,-0.8805876695783507,-0.832764198740743,-0.33625567325886035
23916,1.6686614083060856,1.72573256553302,1.7350189040211024
23917,8.195473124317852,8.20669705058828,7.8521509232715445
23918,1.511953852647968,1.52319442708396,1.3028230727907697
23919,0.2812966878414586,0.527500399900577,-0.02491031410779658
23920,2.6247475206593562,2.97454472822785,2.282106076214405
23921,-0.4119305813644157,-0.0134213957260094,-0.3456482200054172
23922,2.2919793598252527,2.90063202685801,1.482744879921536
23923,1.0724655323201495,0.902477343263604,0.85282534235377
23924,-0.7908703111052379,-1.2204767675779,-1.1148800074249163
23925,2.2248501379543812,1.98796052575778,1.5038019618474192
23926,3.0251592074779845,2.82632663193326,3.0716595900441694
23927,0.3867011094346038,0.424900724118165,0.839733896653637
23928,-3.1935243936836084,-3.15054336903257,-3.7099640593710577
23929,3.4499889978025804,3.59105126571019,3.3302693058882755
23930,0.5484620916540096,0.708949117890707,0.47497304609032953
23931,1.6602008539757338,1.81812595578602,1.7584814727360474
23932,-2.169897973992968,-2.05214533159609,-2.4925788747362163
23933,0.6832137835459303,0.642870141532454,0.832719609738088
23934,1.0148017151831294,0.93497345439203,0.6276640928178028
23935,-1.120203516559693,-1.00904184295209,-1.1403089463981846
23936,-3.3084753584374385,-3.04948680740385,-3.0381731430425027
23937,2.229967616218093,1.98153426405942,1.8213921538254518
23938,-0.0918737732911766,-0.456812122155775,-0.5672767306011729
23939,-0.5298095673800508,-0.464787756148962,-0.5809566377932827
23940,-4.2167705235577255,-4.1208927461063,-4.752772110134573
23941,4.296515992964353,4.30339856907196,5.016432375125991
23942,-2.1021334920169945,-2.26261311535087,-1.759534573316843
23943,-0.6453636788002094,-0.513816345063676,-1.111039266595709
23944,0.5152204904244461,0.798621787017431,0.3064499378501253
23945,-0.4084786670360138,-0.414502487626775,-0.6274669312659891
23946,1.5312988290404668,2.49135898743456,0.4331025001462978
23947,0.24039023242100802,-0.38539722007934,-0.2141058801837313
23948,2.4624202427290798,2.65661794496529,2.396035544757033
23949,1.910545799457774,1.32858237945802,1.5410102354298731
23950,-0.3088159692896398,-0.555071778216596,-0.6366560870993305
23951,-4.684725892007146,-4.88157294315487,-5.147777113702624
23952,-1.5619655791788212,-1.70919664869365,-1.8047151248561852
23953,4.265399634912939,4.32288548918426,4.1939684911338375
23954,1.2652054479477748,1.46245204875874,1.2346474769015983
23955,1.0759043678536724,1.27058199028488,1.0611516429894294
23956,0.2840827038794562,0.722882185268598,-0.2393639334977181
23957,6.527175810177688,7.02279798750738,5.97296069411013
23958,0.5779960017746194,0.61624830621057,0.8354203155834787
23959,-0.8700615551613007,-0.380349580286822,-0.2251735787757017
23960,-1.772997148944484,-2.06285261260965,-1.796925371101931
23961,-2.014920896281244,-2.35769856542037,-2.2802469340818856
23962,-1.7280602712227335,-1.86517452494116,-1.8762396982167355
23963,-3.289690267051964,-3.31128596515799,-3.118016565091761
23964,-2.9751279828464265,-2.82361144990633,-3.4202581037131767
23965,6.09873618013178,6.18909319287333,6.19497737299939
23966,0.9183068308435824,1.11596888788269,0.9098516907686091
23967,0.3414517937672817,0.507196513126497,-0.029835483008252422
23968,-2.853151106051877,-2.30096936202433,-3.275098049238722
23969,-5.485408701876082,-5.38612952442215,-5.147054737084191
23970,-1.1879950535800385,-0.213347417419084,-1.9999797912095267
23971,-1.9226194975853157,-2.29419391959513,-2.1089864196082657
23972,2.5840696811995745,2.64450867871106,2.445769168647515
23973,2.01676974639891,1.69794543645517,2.0085223332747524
23974,3.9996563773089107,3.81358501614493,3.77627770698376
23975,-2.9243096872974372,-3.0067195328539,-3.284011130695234
23976,-6.778715764387659,-7.21441021852422,-7.448986392327709
23977,4.0522851192056155,3.78193237975605,4.867289971098451
23978,-3.2748270517925433,-3.18928548076491,-2.9906585636856358
23979,0.432573676525232,0.225889153144159,0.19262262290991594
23980,2.973741255882587,3.04755616348374,2.6794484976442265
23981,1.284443519516749,1.32890736051591,1.1922305453019013
23982,-4.626367693579503,-4.06508629420074,-5.280638903099806
23983,2.0815300280754125,1.63258924637875,1.7018982653025352
23984,-0.18560424007451778,-0.037209373719147,-0.32569474675561705
23985,-5.630173263706633,-5.88532398472184,-5.001643649558513
23986,-5.456585534235564,-5.49145812836584,-4.424261312175355
23987,3.328986118617848,2.66683573829418,3.5118424531247943
23988,-4.605453577004517,-4.72064952661086,-5.134741274693418
23989,10.9563333224405,10.9381779729981,10.648256474280187
23990,3.1999418610641643,3.31774791638258,3.231944335937044
23991,-3.2076012248877426,-3.10771983779525,-3.8298443780167584
23992,-1.5170598268512985,-1.41411219782275,-1.9623382360833261
23993,2.0766272036014066,1.94948408313919,2.7983160843941035
23994,-2.8266782711164353,-2.31523883106363,-3.91835684577913
23995,4.417294003638558,4.6357666449491,4.517373792536252
23996,0.4244172243694063,0.172395554421865,-0.06577445399899226
23997,-1.3109978432456997,-1.45670357733305,-1.8683388010899087
23998,-1.7636182025774685,-2.0674433969968,-3.5716798470053033
23999,5.580976191230369,6.09767567876651,4.266298756905333
24000,1.2901856382407442,1.36957149162288,-1.8081037417354229
24001,14.451080137211362,14.6152175440496,13.011144638392008
24002,10.218141323508673,12.5554296726178,3.643038311783002
24003,-4.591040486305322,-5.62502998436862,-1.350970791975323
24004,-4.128826125102824,-6.37108043896475,-0.2772538332167854
24005,-2.3466271980564914,-3.5800752842279,-1.873465536038764
24006,-1.2470386069652557,3.23310251197054,-4.9380012897224175
24007,-0.4982268304721261,0.509533333045283,0.548655423270003
24008,-2.7107442340025028,-3.19336110227675,-3.1902087476377945
24009,1.2787958554258891,0.783641373296179,0.3097976724407224
24010,-2.5232437058223334,-2.59843782100468,-2.690812017928827
24011,0.37142075301832844,0.593356701930851,-0.7880499795078905
24012,-10.632571589192436,-10.995910955951,-13.24001440581263
24013,14.96932316347749,13.6680465327464,26.519623489475315
24014,4.5154311914383705,5.03976795088259,2.893495180964012
24015,2.4179377169252465,3.91852001585183,-0.7855283808590006
24016,-5.128189378535322,-6.07560492252094,-3.9272299236875385
24017,3.49416955066378,5.10568724369131,2.314175595779621
24018,-1.8033538888892007,-0.829150741899307,-3.569870435550597
24019,4.157007797379093,2.74035705069425,3.134348629678986
24020,2.151777124787699,1.12706004524337,1.0320303448919537
24021,4.546358907533063,3.57846924802119,2.85830401870059
24022,-1.410542271509342,-0.550773999918257,1.7573221674657344
24023,-4.6325340945929225,-4.30695130846853,-2.559735724526581
24024,-0.803239247365564,-0.678763251202057,0.1793874643891663
24025,7.632237266001981,8.15628629962232,7.122564379735159
24026,0.07103624828823916,0.504440269604016,-0.4118445025205232
24027,-0.6578621133923847,-0.830644682239892,-0.7805824917684265
24028,2.3634047669089204,2.87411798070022,1.21632481584676
24029,4.103562149564045,5.45001602694477,2.8747284272755738
24030,-1.0403039438186017,0.313223685326751,-2.8423718696917946
24031,3.5542941606281007,2.92243894387106,3.2275355869542692
24032,0.13259966209895985,-0.0205553900019271,0.16662499294534155
24033,1.3927891003807835,0.11281481786834,-0.05016181073262266
24034,-2.4037647111282103,-2.06887156841618,-0.3521861881005173
24035,0.4495553096449092,2.77746686733444,4.831137131258536
24036,1.20665658613687,0.214902027895067,0.5076743915639996
24037,5.962366009844111,6.34781370131034,5.59960304756766
24038,1.4121976907343692,1.59889928079664,0.38239397785547813
24039,0.006075856196271033,0.291150312042597,-0.3651134178318088
24040,-0.9956661474464332,-0.991220492770319,-0.16373156082323398
24041,6.255284474128575,5.60409369164089,6.936491534485871
24042,5.443551632623545,4.71287386140685,5.693825013383923
24043,3.417446113227158,3.71043274846624,3.4728530447339563
24044,0.8344481131367428,0.672617639900418,0.6735412706668581
24045,7.6461714757492985,7.1798724104842,7.307498764030458
24046,0.509388128129652,1.03598521315488,0.19734563273932498
24047,1.2712085956016335,1.74767655589076,1.0343623642456576
24048,0.9166623698170095,0.489008188853489,1.4734897974080656
24049,6.713105323932106,7.22487130865649,6.521937790847808
24050,-0.220624816152811,-0.671564696332577,-0.1957348194271147
24051,0.29980698967228203,0.660189027673351,0.27126927004084855
24052,1.181864869049795,0.855180248996581,1.1805375612658315
24053,-2.791773143169335,-2.54898926275234,-2.7181381489845067
24054,-2.1550146857998524,-2.53103475499906,-2.110163975245991
24055,0.577565974890915,-0.198447899029218,0.2303596653695214
24056,-1.1673477843305848,-0.949917484804661,-1.321208395781602
24057,-0.6872288033020525,-0.894595677043503,-0.6145096494467477
24058,-0.9030178196662606,-1.05429221076833,-0.8051228263576803
24059,1.4585376045068872,1.60286818596217,1.4197240608004842
24060,4.323798953355182,4.33072379267423,4.6593471703984175
24061,0.4090554142782179,0.314984970328157,0.05543638459921951
24062,-1.18647614008923,-0.927137638851461,-1.3524055649467663
24063,-1.329201117712976,-1.36882096859034,-1.5737370360285254
24064,-0.912646709707523,-0.824566548866497,-1.0956769036856016
24065,-2.6881120564398047,-2.64072231150523,-2.5746447838063435
24066,0.1679955131214719,0.164265294207324,0.06367189249898153
24067,0.947105729953493,1.14479129125718,1.1222665117035715
24068,0.4628104513400109,0.0419415755147552,0.3230452207408403
24069,0.6216108078211814,0.802905521525694,0.2467378504530611
24070,-0.9918694812553706,-0.9143750531545,-0.9021309021088313
24071,-2.358873857416173,-2.19402011901985,-2.357622099030328
24072,1.0873072747149213,0.922412030456264,1.0582849184629637
24073,1.501541089267376,2.15453081426386,1.2308961259001618
24074,1.352042125750926,1.51094816874759,1.3858124356593366
24075,1.2657089789438158,1.63263552487126,0.9461986893139679
24076,0.46028132831618096,0.315369047041771,0.41450779712956937
24077,-0.4697256955219377,-0.53428144203968,-0.16498494622436063
24078,-0.8149425786761372,-0.836926590211448,-0.6741578439431894
24079,-0.23966873420163975,-0.588402310129885,-0.27944931974931075
24080,-1.360836756061762,-1.33097203411751,-1.1481951686139933
24081,-0.805498635479442,-0.584316414502415,-0.7780595726407622
24082,-0.3671278416653776,-0.510825232076932,-0.4814497528341254
24083,-0.5333536465265639,-0.606444062033623,-0.6407425457571198
24084,1.6682074333943222,1.65940374268665,1.6686955017579468
24085,0.7692097183696327,0.594870566907743,0.6809726946519844
24086,0.9211514218805253,0.818724336430887,0.8411452341718618
24087,-1.1357161635388633,-1.10780619388507,-1.1444547792173234
24088,-0.5665235174997587,-0.548276353647209,-0.5108284814697137
24089,-3.025903724877776,-3.06770289118147,-3.179472349532068
24090,1.2274665980765744,1.15225336838443,1.0649625728982393
24091,1.4193766534580103,0.91720175050133,1.0834604816531535
24092,-4.420617386116557,-4.22025462535762,-4.422795777682033
24093,-0.18596168951051328,-0.538158203318823,-0.4830017110091778
24094,-1.6128437689677904,-1.70410115657351,-2.3203191127389085
24095,-2.837770022346657,-2.94853095848042,-3.107414954358238
24096,-1.2705976752925128,-1.10763062211636,-1.397285180746318
24097,1.5162699580442576,1.36524629806736,2.4658898998542513
24098,1.6548145056317405,1.37897185871203,1.4145164078574402
24099,-3.620162053762588,-3.52445352338572,-3.8970850562423407
24100,-4.187412085629986,-4.04381430540339,-3.938262162711953
24101,-1.7487112359449337,-1.4473556492244,-2.165402930857962
24102,1.7346403391359049,2.22506487668876,0.32973844976555977
24103,-3.2758750996855093,-1.78511995634453,-2.591005044266032
24104,-2.7643798212063713,-1.45913877501184,-2.036846596958975
24105,-3.193136268050884,-2.14962228808538,-3.2239570643918816
24106,1.0623512475832815,1.3638392739948,-0.31711410198004
24107,-4.226582871275012,-4.35365958096483,-5.578234122512304
24108,-5.952521399645171,-5.69674238013817,-4.888426683714071
24109,10.63800646339062,9.91638936082801,10.770197604157962
24110,0.08078143212927116,-0.0016966072337218,-0.5097197115733907
24111,3.0012944724866877,1.90295185702961,5.993072533786749
24112,0.23260636816397917,-2.88308844214083,4.940290749392237
24113,8.54587174788109,6.03565019233727,9.502382577842582
24114,4.194548996332093,4.06416231556645,4.408393935228825
24115,-1.9799877265491526,-1.82823236941491,-1.6920002636518023
24116,5.258448897517295,5.73804241116406,5.583606757047678
24117,1.374963796060759,1.55046827907153,1.2682243100955601
24118,-1.0696494918510906,-0.788152570306067,-0.8000188142679977
24119,-3.3821288459605907,-3.60561549371438,-3.8780991014687385
24120,-1.1959859867642315,-1.11685268912928,-0.9703765104350899
24121,4.681561592674495,4.58948277868615,4.9080568434809235
24122,-1.1050517876510835,-1.08871212661515,-1.1468708262497886
24123,0.024514110132239225,0.465419234625346,0.2586295520434198
24124,5.712433896145716,5.67840722270772,5.696370641109009
24125,-1.4273851644038749,-1.58256014999457,-1.2860174550932177
24126,-1.2910743191341616,-2.01026895332225,-0.8557954920260902
24127,-2.830662149481639,-2.77622367234051,-2.963993761320647
24128,-0.7897805610593165,-1.01382350513034,-0.9497640094118589
24129,-2.73740888676268,-2.30742180607474,-2.49418665426073
24130,0.9574300146253351,1.15321730708767,0.5950389953869324
24131,-1.5117327517687742,-1.36375549346639,-1.683875168408161
24132,0.5632598637632873,0.654034268948129,1.0325678737442585
24133,1.9695264941939197,1.80720691289299,1.631818342162149
24134,-0.8586787090579626,-0.773054835908071,-1.1686444514147034
24135,-2.1029051090408877,-2.41276334178977,-2.245520214862701
24136,-2.8964198174649196,-3.16258465186224,-2.712557179829
24137,-1.3413508232137217,-1.39421641337828,-1.5575963955947634
24138,-0.9317436991842523,-1.17203898413918,-0.8388665836232024
24139,2.4487576540378715,2.34130107166658,2.4211609917898196
24140,-1.6746792775086141,-2.11803591681969,-1.977728735033836
24141,-0.012252983338251547,-0.142797813384638,-0.4261518267223388
24142,-6.343796222923586,-6.26245256987952,-5.901743542447314
24143,-2.472585860755881,-2.65071975121842,-2.8749192440241513
24144,0.027770554733603126,-0.257459074143509,-0.15665145893687585
24145,3.6650384623187544,3.30212891612489,3.892823029017456
24146,0.5563370519937381,0.553397157372289,0.46234937101167983
24147,2.1746399142430715,2.01876413329757,1.8428327167804306
24148,0.703692699151635,0.789778443359973,0.3066934013573058
24149,0.7681333431842757,0.803638350323904,0.44859382057508
24150,-0.3677247805213238,-0.929166075786694,-0.020810105304657628
24151,0.20002001302568345,-0.486338972178802,0.06651976173148114
24152,-1.3448498294318423,-1.50805140787339,-1.1106084540350083
24153,1.3636701150063382,1.01921941823586,1.1642053479087213
24154,-0.6309915535558599,-1.09554100647833,-0.8796051011576375
24155,-2.33017947123582,-2.48171724182142,-2.4283446846737977
24156,-1.1117111096208694,-0.875726074566011,-0.9916727366261548
24157,1.3188185421856247,1.76476385580963,1.2987350804013587
24158,-0.3398722153541434,-0.563406652896572,-0.4820097714763296
24159,-0.23324045909331492,-0.0164338717153365,-0.4483958360036455
24160,-0.4277499339028669,-0.881883985422391,-0.3348159678383461
24161,0.40798211204750645,0.335586801871389,0.5728864686089109
24162,1.0997903229712653,0.786779853387412,0.8903185511010249
24163,0.9778493594539059,1.07660292393888,0.9871508000522764
24164,1.1322477286333537,1.6501880993066,1.1492063665837948
24165,0.3234467274213987,0.493210708436703,0.2336317371813508
24166,-0.9219587875766229,-0.929835693923222,-1.0117541163556538
24167,1.2884821935388953,0.731146319345457,1.4724503445562989
24168,0.3459114688917141,0.614045165963513,0.44704191022211515
24169,5.501623438118875,5.75934811578954,5.670027139348364
24170,-0.7433125928612676,-0.429676895797308,-0.6766553008782782
24171,0.06747275977149933,-0.242517966891523,0.344457534231457
24172,-2.9150865977090707,-3.32274754091405,-2.831603448790745
24173,-1.9264129829787635,-2.17089626935325,-1.8416923763869968
24174,-0.6927289222710481,-0.61225091595594,-0.47225026119765284
24175,0.14434436560124872,-0.180171023367978,0.054667649794281487
24176,-1.392326993498356,-1.7625799132504,-1.6232584696079169
24177,-0.1211458930140653,-0.449259090222576,-0.37354353751286107
24178,-2.8600098379358188,-2.88085918200323,-3.315375125435943
24179,-2.1513680011099106,-2.10251118473171,-2.2933906088331857
24180,1.41295039879675,1.27263552387425,0.9188121965824575
24181,1.032728905866027,1.04935199172216,0.6497369234776541
24182,-1.5358514467351072,-1.4118433686717,-0.8722819872476097
24183,-0.9889251908123811,-0.934631898102434,-1.3579027440184344
24184,1.1701281588366537,0.398263114787774,1.9949206284020038
24185,-0.9689637340271429,-0.375542791714022,-1.41124373979798
24186,0.6012370351345958,0.726689846914452,0.14427655984962576
24187,-3.606120358104207,-4.3834348676167,-4.666330882881356
24188,2.28724902827575,2.51219976430728,2.6632473135094226
24189,-0.3182322073278782,-0.513901474829064,-0.9243505673521237
24190,-2.6525875158988383,-2.90625151983294,-2.251318808568582
24191,0.18594307653152736,-0.770415940190671,0.3558755320435137
24192,-0.5877214290706925,-0.375049729240311,-0.5756595249410863
24193,-1.3522339988495342,-1.34674457492884,-1.6989342268950756
24194,-1.5644643437271948,-1.11854674889573,-1.405417311972872
24195,-1.2461520387154812,-1.72075693495524,-0.19423092738761194
24196,2.001132924989426,2.31706340238199,2.489586299974401
24197,-2.5696202944331543,-2.44100848955864,-2.568835270745392
24198,0.8495030062105478,1.27154310467249,0.48538707720568575
24199,0.6637442281705892,0.831049777780216,0.5763517632803874
24200,1.4289301523553053,1.62441203332309,1.6622345790548247
24201,2.2568719808158657,2.32892329345153,2.389003570949299
24202,-3.0420392736813002,-3.22733844586272,-2.972041048613826
24203,-0.9524180045047613,-0.44119514289741,-1.136844870804872
24204,0.6418610102128929,0.53514955482205,0.6209599728601877
24205,0.18531207561740373,0.6161656628708,0.11374130163161258
24206,-1.11818032453688,-1.18355049883673,-1.0777589752618904
24207,0.8984519939371242,0.678633309139665,0.9854312584386016
24208,-1.7725271855596647,-1.80505313852383,-1.8285419347059912
24209,-2.1931409502928503,-2.08616707093309,-2.539244580260501
24210,1.954227642390871,1.77273132088129,2.130905723651424
24211,-2.295043961018638,-2.7037512495715,-2.583785922998222
24212,-0.596950601986293,-1.39268936863658,-1.0750740875664317
24213,3.5018462233413437,3.18100682822399,3.6917034873652907
24214,-1.9415828606693724,-1.87783449713349,-2.04629691215513
24215,-0.30063211019937636,0.0367922125275211,-0.05049115294923495
24216,0.8103120680595501,0.710114223128889,0.8560600844354883
24217,-0.9372651702326015,-0.73879761193873,-1.1751483183885334
24218,-0.5867710723671749,-0.325526677459273,-0.7421677474700752
24219,1.5854399405047397,0.912553125989766,1.7471086596026988
24220,-0.03708418805434297,0.134184367991805,0.15995357165224933
24221,1.1770210349939874,0.973409023487677,1.3818952536538573
24222,-0.09349229758480712,0.002214762629774,-0.03825965463568597
24223,-3.6021716877441814,-3.91465910118124,-3.819447161843814
24224,-0.44541481670510646,-1.20242737093808,-1.0144128013436928
24225,-0.1998329806448957,0.148532573821129,-0.3171694102512359
24226,-0.38008394659881384,0.210293246967806,-0.2103836809665846
24227,-4.9466388815645965,-4.67593259794878,-4.5646276760380164
24228,-3.200808485566668,-3.21094961570314,-3.2876883340444794
24229,4.508623935759712,5.00704264449314,5.790899087883316
24230,0.4470299007759916,0.219038884485105,0.6285154835103411
24231,-0.38405789070013135,-0.434676814083576,-0.28852193926793696
24232,-2.651178860703274,-2.86839895998853,-2.601907866030441
24233,0.029157516998365208,0.507393138097589,-0.18490024031979357
24234,-4.470964460298978,-4.89512176060876,-4.4646393964768425
24235,-3.0108383604566344,-3.11764460174987,-3.309514508552766
24236,-0.6981757930224806,-0.655004596333983,-0.9593680377247233
24237,-0.8417902988598251,-0.254655043584754,0.16619245094244978
24238,-3.038070501972806,-2.8940645932589,-3.345419381027912
24239,-2.03344543656837,-2.59346786532043,-1.518128817495232
24240,3.291553535860594,2.77325287865811,4.136742057413601
24241,3.11008490472269,3.2456672273549,2.692921011980597
24242,3.188765972818688,2.70984960333927,2.667998288224989
24243,-1.4799795461670544,-0.388500056033887,-2.285950589277652
24244,2.4370851288857134,1.45662092343451,5.501953863882894
24245,2.0399579589402475,2.19342826090075,1.132757038375494
24246,8.068852389677257,8.47898341161275,7.488672241106961
24247,0.6839729928350358,0.419772017591436,0.3868545913683727
24248,-1.6016093965275324,-1.96336272893966,-1.070180267535343
24249,1.3529889334665346,1.09214171989128,0.5184864620940872
24250,-2.059423913126793,-1.60158052103722,-1.5481040725424495
24251,5.79068992957203,6.24869903135509,5.997222655125204
24252,3.767348078430773,3.73936523030574,3.9484266964271013
24253,15.887733014260602,16.5099320712933,13.801992282000311
24254,4.189375497564051,4.73033876037825,4.435667978723405
24255,-0.8586963660157999,-0.671359778656254,-0.8937294986506038
24256,-3.5672195073704693,-3.99706544420801,-3.1137810485280073
24257,2.0881355048614303,1.67659103739446,1.6610691828877069
24258,2.380525816655317,3.39103242816227,1.954097702553108
24259,-3.893969799179458,-2.72635649785627,-2.7960822602312225
24260,0.6389685371946286,0.212207620080354,0.47727138598449154
24261,0.746545905436967,0.401505471149838,0.859533637757522
24262,-3.8247643406128877,-3.59121455346935,-3.8170839705902404
24263,-1.9678338748365836,-1.53906063931778,-1.6236382714104693
24264,-6.349124614037434,-6.58390875158904,-5.931109444444444
24265,-0.1471353182004752,0.0921989217836323,0.42041721311888713
24266,-1.4906517802275578,-0.745415618552442,-2.362246185491837
24267,1.5301285691614241,1.46566110184854,1.6252797822303489
24268,-1.7136462773682006,-0.696153198955464,-2.293095195671831
24269,-3.2584171915712017,-3.05507764602573,-3.7155396314003344
24270,3.6333705920909183,1.45593446499482,4.842486225002959
24271,-5.275083106179826,-5.64653015100792,-5.231065714484971
24272,3.1090269983708816,2.76763137053214,3.083985075625175
24273,-1.656095201156764,-1.562877980663,-2.0494180548019756
24274,-6.478590751670465,-7.44232726782405,-6.524137865724033
24275,-4.988083956146298,-5.47272218045764,-5.573718406014776
24276,0.6113432518574675,0.401246512442521,0.06684280143019611
24277,7.565142504508087,7.533231674134,9.42558252554467
24278,-2.346626340646468,-1.68294778219915,-2.838546559100513
24279,-4.7776895208942705,-4.39160385882939,-5.670967460731097
24280,-0.3475031906764359,-0.392492226655609,-0.8208821218309869
24281,1.555019657387934,1.18313921235496,1.3696561115980797
24282,-5.1690457793062885,-5.30051914221057,-4.791358827349073
24283,-1.6036561390554829,-2.11017207258687,-1.1028266791782995
24284,-3.8756478556144156,-3.95148765844073,-4.415267490714797
24285,-1.785427503559794,-1.32856949896963,-2.2162651176552495
24286,-2.6733429993368025,-2.45390532371951,-3.1093201390231417
24287,-2.8154408223734455,-2.98889037882023,-2.9152495352569017
24288,-0.8738815641268278,-1.84026905046808,-0.1737013568180068
24289,0.1895173180096098,-0.0850009543048889,-0.3633784873398174
24290,0.3783988794310683,-0.289512720779271,0.6074593620017734
24291,-1.5962200063199827,-1.58080323309068,-1.5413119649861524
24292,-1.018661329758511,-0.481474801438112,-1.2548842182710351
24293,0.7666729548419814,-0.337109973724911,0.9575848106659062
24294,-3.756512303290437,-3.2958589952246,-4.178531152898455
24295,-1.9908449264915136,-2.66919855344398,-1.566605853303202
24296,-4.40149861907938,-4.77916344743153,-5.406833335283445
24297,-2.194665784856718,-1.68199511943707,-2.5847852249199073
24298,0.7385442216093028,1.70975190129829,0.3899237421349792
24299,-0.6453645835868448,-1.18032639929274,-0.4544371729375496
24300,9.168637457977692,10.4853505794357,8.137022729110845
24301,-4.376580920739469,,-4.344294901026724
24302,-2.468611938229449,,-2.9444804575345165
24303,-5.430479390113712,,-5.431180350842328
24304,3.4197610154074067,,3.4199606284800304
24305,2.4531412291452637,,2.245210197760064
24306,1.7939052401140525,,1.744529003807018
24307,3.133752589096205,,3.844797630395971
24308,1.180906509401318,,1.4326688890638213
24309,4.662849556463663,,4.278911422157945
24310,0.9074088626679565,,0.9775794213000581
24311,-5.913019469647609,,-6.019896882461404
24312,-4.613285105817691,,-4.539672737186478
24313,0.8540330142558074,,0.3386805481797407
24314,-3.7310881957943485,,-4.171469515424335
24315,-0.22155498397620743,,-0.48857793979281205
24316,0.361664733041735,,0.11430974443878278
24317,2.838570971734287,,3.131175358628578
24318,-5.222664128220684,,-5.373611911679469
