mi,mine,theirs,mine_hold1,mine_noskip
23127,7.746143291359098,7.24115412414966,7.746143291359098,7.29562525225525
23128,2.9649205601389497,1.3391121040724,2.622340816326531,2.5456915924775707
23129,7.389345805760603,8.81128257918552,9.977224,7.615459944444446
23130,0.9478182312925169,3.80587028657617,2.4049239999999994,0.2311571503267973
23131,3.2737527691076433,2.5686568627451,3.28066830732293,2.5146861155128724
23132,0.5475177665732959,-2.22431346153846,2.114903921568627,0.42802866853408
23133,4.739035058556756,5.69495433634992,5.584754470588235,4.71389954248366
23134,2.896541032679739,2.93268623340321,2.2282627450980383,1.687020766214178
23135,-7.977693109100052,-8.74722075471698,-10.501092307692309,-11.32759352689794
23136,-0.6628061150921902,-2.26934912917271,1.2943676923076928,-0.7848896666666658
23137,1.0213246923076922,5.17647169811321,7.976317307692307,0.4916854615384614
23138,-5.384033077425842,-4.34488238993711,-5.4583653092006035,-4.188152885360046
23139,4.41552632307882,7.05486346153846,3.1773132075471695,4.473010418386028
23140,-10.219552476830113,0.445424006734005,-6.259560377358489,-5.504526898887276
23141,-9.35011823899371,-8.46705612794613,-7.268398113207547,-7.759658490566037
23142,3.3296893081761003,2.04160744234801,2.345258490566038,3.08074178895877
23143,4.651641136734219,2.94994412337662,3.3089592592592596,3.950431481481482
23144,4.380159853249476,4.72119642857143,5.2599861635220115,4.1276768801219745
23145,2.4051725199584957,4.57544464285714,3.5397467003367002,2.8227697251339388
23146,6.183781712936493,8.36396035714286,6.218021818181818,6.535078787878788
23147,4.208158058361392,4.72028114832536,5.435221818181818,5.824503560606061
23148,3.683069935064935,3.99235068226121,4.793086168831169,3.854720335497835
23149,1.671983174202341,0.963701754385965,2.02162314935065,1.4665221861471867
23150,5.560739297338464,2.22276964285714,6.8261745454545455,5.73047752153954
23151,6.003523801507135,4.49238136363636,6.026135714285714,4.800816096575614
23152,5.2381555976430985,7.07626140350877,6.1256726948051945,5.347019622161464
23153,-0.801322673160173,-2.10773646616542,1.302423214285714,0.7072874675324679
23154,6.400341850649351,9.89816052631579,7.476935714285715,7.397558480861244
23155,0.9616298454469504,1.05087540886113,2.8497859649122805,1.9449476921470341
23156,6.856214630325814,8.30599167153711,10.819033333333334,8.342847368421053
23157,4.376671929824561,3.47475485096435,2.840263157894737,3.330188465416415
23158,-5.898949455535392,-4.37990236703682,-7.007143103448274,-5.53472125428514
23159,-4.978009336841318,-2.38495278281911,-4.243117241379311,-5.152648972756993
23160,15.030321897304653,15.8297620689655,13.80619140955838,15.047999312223428
23161,-19.38188819066344,-21.7744399936656,-18.753744827586203,-21.02293523746904
23162,2.9165160513791792,2.19441469945355,2.0178800701344244,1.718024720077517
23163,-19.691477764225972,-16.9427959139785,-20.493071666666662,-19.204172960459427
23164,3.3823133336580296,2.10019672619048,2.6977716666666662,3.748372281189219
23165,5.634837996947853,6.17896003584229,4.64243,5.701950140625484
23166,7.661736935180125,10.5487967741936,7.193691935483873,6.246142127788289
23167,0.45969429952510504,0.451216581196579,0.38408268817204244,-1.6642960726727916
23168,7.424568656883079,7.59561673881674,7.6634634920634905,6.053027936890038
23169,10.7088549036205,10.3552647073413,11.8606703125,12.653426995734417
23170,4.533484311406187,3.99767726423903,4.783715384615385,4.454919823879823
23171,-0.05346970058876284,0.0613176944971547,0.07555951048951078,-0.8920476446547853
23172,17.23318829059829,15.4134522058824,17.065242797202796,17.65211306935964
23173,-25.356126202669632,-16.1577481092437,-26.366464179104476,-25.906284381124678
23174,-12.528773889874637,-8.45009789915967,-10.416723337856174,-14.049356739475527
23175,10.086417565900103,10.6222225296443,10.482586567164178,9.339738490684518
23176,10.943449257114947,13.9887522875817,11.437025417032485,11.848105018760489
23177,7.547001725637548,10.3627380488815,7.663230553116769,8.744035804277072
23178,-14.343700208781327,-15.7403800085252,-18.7490768115942,-20.67525280619494
23179,9.571516910795939,8.87590281449893,10.478630669224211,8.506206203327533
23180,1.502667469451549,2.42541287411972,-0.6608057971014492,0.9240886717672144
23181,11.325359664835,10.740221875,11.023064803312627,9.01928923375147
23182,3.108714430641823,7.17457337301587,2.5180557142857163,-1.3253742167011728
23183,7.642079146673162,5.78782638888889,9.233006935817805,6.713989730848861
23184,19.852746984126988,17.746401984127,20.214160910973085,18.743949930986883
23185,-23.35214960322005,-25.4161299836601,-25.579769565217397,-30.464171279602752
23186,4.913418677817223,7.15564842454395,7.592436231884057,5.086379868672107
23187,14.596694231315716,13.3747805555556,14.835776470588236,15.079387078248994
23188,11.853678559076279,14.2325172123255,15.562266889483068,13.611755525403288
23189,1.0886080879163753,1.93122152073734,1.7328284313725517,2.171752101050468
23190,-0.0241584784735311,-3.44774262295082,-0.030284525899912026,-4.460286319779777
23191,-53.19440070300768,-58.524972381162,-53.75968970588235,-60.81148091437388
23192,-83.34482270906497,-88.698914978355,-85.09873676470588,-92.25532523426207
23193,8.858759142899585,5.82582275189599,8.766091399286987,2.0043559783524456
23194,14.433551495641225,-4.51647127985303,4.392415649692713,6.815435253323401
23195,6.869325748485735,3.79755285714286,4.395836764705881,3.963830750658471
23196,6.423389193737197,15.1175455675228,-0.9897823529411764,-0.7538615305823819
23197,-1.1196150029708851,-5.41932831932773,-3.4481156417112304,-5.5808581560796044
23198,8.755909610814022,7.89936764705882,10.764130882352942,8.033276800162085
23199,10.572929115395873,12.8030846795435,5.414593020193152,5.255620969143254
23200,-10.62253661993065,-8.79200747412006,-10.438090456806881,-14.727086016933018
23201,-50.85908250614132,-50.2188780252101,-40.68146323529413,-45.07517292454157
23202,-3.178220845771144,1.86239743271222,-7.876575746268655,-4.920717795603089
23203,3.161254474252214,-2.54612305665349,1.1246394796380095,0.05560685253267958
23204,10.640709965904742,11.2117113051471,9.214964420544336,7.460129044117647
23205,-3.9936093530509233,-3.67111035530621,-2.7567179543459193,-1.7557649180567765
23206,-2.733900885279486,-1.8159350170503,0.37936176470588084,-1.6520144790752134
23207,2.8720468062982767,0.878482608695653,4.782041176470588,3.43920742610477
23208,5.009738601112087,3.42342173913043,4.491789332748025,4.90523126280363
23209,-25.579595119988298,-15.1348985507246,-23.425937313432836,-23.138072110038046
23210,-0.3272455073119253,-0.591243222506393,2.379277611940298,1.0403398320341253
23211,5.340242627770239,4.20884222080136,4.323768656716418,3.9783993741187107
23212,-2.6673388059701497,-6.4818160059676,-5.50419104477612,-5.132029850746269
23213,-5.295840298507462,-7.55426099935107,-6.730983582089553,-5.479440086333042
23214,-3.408308282118818,-1.55811630975557,-5.7544084284460055,-2.236718795727246
23215,-5.353711815920397,5.77591739130435,3.6670278533801612,0.3926702224173258
23216,4.08586251097454,4.44100912190963,5.8568630816505705,-0.11630276092798042
23217,3.201343056774949,0.555562510656438,2.4556,0.9362706101843721
23218,6.3110626499853675,7.05728518755328,6.28078088235294,7.231962364647352
23219,2.2424323456248176,6.06551803069053,-0.4997661984196655,0.8424483391864209
23220,5.375183882060288,3.71738148388492,5.175123551360843,5.278529708631529
23221,0.28867539508340634,0.717720289855072,-1.0061235294117652,-0.6939522033327127
23222,16.032337790548148,15.3831297425914,18.323171883230902,17.45866369622476
23223,2.4612848370583666,3.89597429208472,3.3365444741532984,2.57022567987568
23224,-2.0307840733123084,-1.48702898550724,-2.4886705882352937,-4.8304341697518165
23225,-2.630596759978389,-1.27907621483376,-2.959141856892011,-3.597119109767903
23226,8.490379623939127,7.13137352941177,9.757912335381913,8.518170200468246
23227,-8.472802450980392,-4.26721440622972,-4.062057352941176,-6.109489786362305
23228,-20.714524568648596,-18.0340668788411,-20.687766613088403,-20.721145463794
23229,14.69142999617298,12.3581785650624,17.745316417910445,16.01613279137505
23230,2.936944570156212,2.74332717295874,5.874888059701493,2.6125168322538306
23231,-37.68465306799336,-33.9368132352941,-36.63925373134328,-38.04021159110862
23232,12.05554129353234,11.00735,14.446994029850746,11.17653891571554
23233,-27.45433273782602,-11.0299671861282,-14.322482089552238,-20.44013787878788
23234,-0.043049577868234726,-0.174714705882355,-2.6447164179104474,-1.4440486657620988
23235,8.140839936680235,8.08696119402985,7.499224287652645,6.551948869289914
23236,-5.235247623653294,-12.9222641791045,-11.934436205336949,-9.107894082617216
23237,4.474407749133123,6.41339687782805,5.143893238353686,4.508832294239756
23238,-0.9978080129654757,-3.35989384191177,0.027252238805969796,-1.190420806375363
23239,6.481181357251177,5.67234143222506,5.129335930640915,5.860560981855429
23240,0.06104911472051503,-0.0843164322250642,1.1026911764705882,0.5643107843137255
23241,0.03888055134310617,-1.38214542215601,0.11828765597147947,-0.7023323232323232
23242,-0.29479070179406,-0.549765996106422,0.3785250000000004,1.0119077854932121
23243,-1.9571968189356244,-2.78184125027039,0.28497859964881633,-1.9534168156543492
23244,1.9071738366988586,2.51015881462254,3.7966985294117648,1.8337015465761946
23245,1.8640669160590904,2.62446857142857,0.9856984654731462,1.4253718441042862
23246,3.088536722080136,4.08288115942029,6.304633333333333,3.2177263285024154
23247,3.7029346263142937,2.12883,3.552695652173913,4.798316425120772
23248,-0.9078731386757605,-2.23145593561368,-0.6270513000852518,-1.3800445810498108
23249,3.489938840252519,3.64945142857143,3.5853276050420164,3.4578650692948605
23250,2.586266322588737,3.60599,1.372951428571427,1.675298034750132
23251,-2.4208902661064435,-3.01457361111111,-4.664391428571429,-4.024440057834933
23252,0.34238443997317203,-0.148559722222224,1.2774904627766612,0.7849230985915494
23253,-3.677616492287056,-6.69913055555555,-3.415670422535211,-3.8098486653252848
23254,-4.779152059020792,-4.03673055555555,-4.142767605633802,-4.898433018108652
23255,-0.0730018779342719,-0.132862500000002,0.9509943661971831,0.38780859154929676
23256,5.7216661971831,4.92331666666667,6.220160563380282,7.5016484071093235
23257,-4.737504330985916,-8.77440688998858,-9.274897500000002,-9.295226618414189
23258,0.05747748584097184,-0.821607575180813,-1.2920847222222218,-1.2569661820262006
23259,14.898271290135536,15.3004625,17.079135616438357,17.05168652289179
23260,-13.886867877980722,-12.8589463717142,-13.709157534246577,-16.57786593854128
23261,9.170598183800237,12.2294316734543,9.65893108108108,9.804809266115429
23262,-25.762823113658623,-24.4931262782173,-26.97033096846847,-28.51062555055055
23263,-14.095288926426427,-16.6540131578947,-15.893883783783785,-14.770123383883885
23264,11.26536475089473,9.03183719772404,10.822242378378379,11.628841120764601
23265,3.537641805476709,4.27622144381223,3.450149777777778,3.475306789309858
23266,-11.586269267438672,-6.98489999999999,-10.844415999999999,-10.302295935750822
23267,12.045507726092291,14.8609896103896,13.22981589189189,11.917087416018756
23268,7.77537054885022,8.92910128161312,8.658007999999999,7.2602126809823515
23269,-0.679497222834591,-5.6315037368421,-2.496520244131453,-3.5388765773902673
23270,5.116619549295775,6.59216554054054,6.630477333333334,4.9198737619047614
23271,-4.066052444444446,-3.82891209103842,-4.826489333333334,-5.605596351851852
23272,5.95944463063063,7.35770378936132,5.921861117117118,3.940897741741742
23273,6.53993584071743,7.63005687960688,7.556237549549549,6.203707117199391
23274,3.0022473127648195,-5.60385283189034,3.336217333333333,3.0422072690859574
23275,7.332712947797113,2.58721637047163,8.222210108108111,4.770474552552552
23276,-0.9150285345345335,-0.750271428571425,1.861568000000001,-0.09702311111111084
23277,-82.52687308108109,-78.2279394736842,-92.69354,-89.08354
23278,14.049443922628106,12.5126918070175,11.724527378995434,5.3809584449518
23279,10.377733460994856,15.8442763157895,-1.4211441081081078,5.48030960779958
23280,7.646732986465918,8.52405053342817,7.280572594594595,6.967523226952981
23281,-1.7596668108108104,0.841350000000001,0.19421600000000017,-0.5934071231231232
23282,3.7964069849849853,4.51834271929824,5.124952,4.112925603603604
23283,1.88950190990991,3.31338592982456,2.1457079999999995,0.8223145705705706
23284,13.409903111111113,13.8688210526316,13.16768,12.78878323123123
23285,-1.5944182222222252,-4.24414885964912,-2.7608640000000015,-2.865013777777779
23286,-2.7862493023023016,-1.69919494736842,-0.7833360555555544,-2.218378481481481
23287,3.585283425925926,3.51112894736842,3.161828,2.881554574074074
23288,0.4244518518518518,0.390852631578949,0.4545053333333333,0.05966479629629645
23289,0.27263392389649915,0.329734139402559,0.3027578630136987,1.17002698934551
23290,6.274286277093995,4.05139736842105,5.728616918918919,4.9879445925925925
23291,4.729832914510402,6.25304342105263,4.565724666666666,3.990708441906696
23292,11.023142954379034,11.1441193684211,14.634774666666667,12.49176343685791
23293,-24.21137042556255,-22.4439194805195,-25.693801351351354,-25.456094535535538
23294,1.4018996894890565,1.30468181818182,0.9794470877192984,0.29480763521416165
23295,-0.6257415119741226,-1.05446753246753,-1.565377842105263,-0.8529500212288712
23296,4.572576707602338,5.13772467532467,5.640531578947368,5.697851421052632
23297,2.445425771929825,2.79492467532468,3.5195039473684213,1.7289811111111113
23298,-1.684425,-0.113329870129873,-2.6788092105263157,-2.401878070175439
23299,-13.36169649122807,-13.2953911754912,-10.275544736842107,-13.668418508771932
23300,3.048036842105263,4.09932840492841,3.770642105263158,2.2254728563833828
23301,1.6146731737677524,2.3708038961039,0.9173712406015034,0.9481804007869801
23302,7.991291303789779,10.3753884615385,10.411381083390294,8.673541068580542
23303,7.887967207792207,8.42137634032634,8.565796103896103,8.60800043859649
23304,8.112387398724081,7.14127161172162,10.211535099111414,7.8262009284575065
23305,-33.874986414900896,-15.3193497002997,-27.06418831168831,-32.609545135566194
23306,1.078834062428799,1.81297091242091,1.6268207792207792,0.8945783767402189
23307,-1.7814758019758021,-4.35855111555111,-3.554080652680653,-2.56967639027639
23308,0.19317060132849606,1.4223164556962,0.4408495004995006,-0.013478271728271582
23309,-5.764516761016761,-6.09686835443038,-5.334365384615385,-5.787676301476301
23310,-0.33338288933288945,-1.09396592015579,-1.1736128205128207,-1.3616587135087135
23311,2.8257239316239313,3.76173003894839,3.3967884615384607,3.1878517094017096
23312,0.7984073759573763,0.48682971437845,0.5203980685980686,0.23024156399156434
23313,-1.4231528860028866,0.999592405063292,-0.8749243589743605,-0.7421283771783781
23314,-14.829834554334557,-13.5320025316456,-14.070075641025644,-14.072150427350428
23315,3.860394871794872,1.83269746835443,0.2667487179487178,-0.7693887778887781
23316,2.1925130092130094,0.606355696202532,3.32755,0.9148338106338108
23317,1.220079209679211,16.190417721519,4.78123717948718,9.32705775890776
23318,18.7256141025641,25.6588139240506,20.168801282051284,14.393880802530804
23319,3.508064957264958,2.86679620253165,5.22046923076923,3.7315713675213678
23320,9.208550854700855,11.672346835443,10.688012820512823,9.472371383749865
23321,12.621705160662126,16.0464493670886,14.771857789678677,15.185136779184246
23322,-2.341092583576761,-2.66433164556962,-3.7156898734177215,-3.731145612896246
23323,-8.580006139078925,-9.62864683544304,-10.13147082116196,-9.462282738288435
23324,-1.5559989451476794,-2.55275443037975,-1.65833229470951,-1.8121497024775506
23325,4.385133928378232,3.98476663420967,3.4153533106134377,3.938881537379639
23326,-0.537529341123012,-3.06004341123012,-2.182629113924051,-2.0145755274261603
23327,-6.127574975868014,-6.55062070756248,-5.712369263226225,-5.147389029535865
23328,6.7581970085470084,6.07580231435232,5.987975641025642,5.240535789245915
23329,2.3555923076923073,4.27935316455696,1.1180068431568428,2.1216675845954325
23330,0.6009799685694424,2.16942357389446,2.1425000333000335,0.9684511817130237
23331,5.4760454831834835,5.22970198915009,6.010717865467866,4.352598682802578
23332,0.6102140970140972,2.32578481012658,3.192151282051282,1.6783050564990565
23333,3.445781968031968,3.20628227848102,2.6602538461538447,2.941368831168831
23334,-11.061424353424353,-9.23489164232392,-14.138775641025642,-12.274617621267623
23335,2.5432525641025645,2.95531012658228,2.313423076923077,1.2806609557109558
23336,2.219738467088467,-0.233817543005517,3.838548568098568,3.738747741147741
23337,-1.6257800477300477,-1.48672591691009,-1.0634000000000001,-1.7158281771674178
23338,-0.007130841029575248,-0.128896249999998,-0.5299468354430381,0.06608223106007909
23339,2.2112375513375513,2.1488164556962,2.4448474358974357,2.3053737260629665
23340,-3.3960156713188363,-2.29962658227848,-3.1194329113924057,-1.3715485286162503
23341,4.6988183922968725,3.65434125,4.3334761927945475,2.6665636860326734
23342,-0.29112879954082543,-0.512041613924046,2.2191654495293727,1.0338398958285029
23343,-3.9591174951630648,-2.0470746835443,-5.450163291139241,-4.793896989466231
23344,5.653285803040139,5.4066675,6.0772775,4.858473257059395
23345,-0.604180970464135,-1.1439025,-1.1059724999999991,-1.5474008333333331
23346,5.360826250000001,6.88140789556962,4.838781250000001,4.944470833333334
23347,-0.6576100000000005,-1.93552716049383,-0.8577550000000003,-2.0297116666666666
23348,-1.1933395833333338,-1.48268919753087,-4.52932625,-3.052225833333334
23349,-0.4634000000000002,-2.14716052469136,0.3201362499999999,-0.7017454269547333
23350,1.6580036985596704,-0.147993902439023,-0.12941640432098805,0.9968477469135801
23351,2.8301362860082295,2.69544390243902,3.362107608024689,2.726086929012345
23352,1.1017249671823721,0.896132776272206,0.6366296450617284,1.1603789342084698
23353,8.264551609952075,6.98631463414633,7.8712382716049385,8.020946403083816
23354,-3.2626999022633747,-2.75498780487805,-2.8771654320987645,-3.6869593044263778
23355,2.9017795789420857,3.57320757302018,2.080828304727491,2.3575180029860485
23356,5.2085831711081,4.31689104185486,6.278577777777778,5.117467385451169
23357,-0.7888107497741643,-1.5030032068654,0.2546841463414634,-1.8728779674796747
23358,-1.4549681270701593,-2.99184006323396,-1.4146695121951214,-1.7105186991869918
23359,0.3951243902439029,1.8784813253012,2.037812195121952,1.462931134293271
23360,-0.3042390243902441,-0.0298947693211895,0.17140121951219472,-0.09967983152120673
23361,2.99610020824037,3.29461626506024,4.237073464227281,4.049109187850469
23362,-0.4429221904782635,0.401835714285714,-0.019554216867469915,-0.10844750637600088
23363,0.2752312600401608,0.715736259323007,1.357882794593006,0.8105419708342554
23364,1.542768596336566,0.893768674698796,3.2104253012048196,2.5047979821725916
23365,-8.913440576941912,-8.16932823529412,-9.211316867469879,-9.313518052348769
23366,0.7088147064448269,-0.500928235294117,-0.7524619047619048,-0.5022056655192199
23367,3.1888651606425706,2.45448235294118,4.120028571428571,4.14506068627451
23368,6.760091185807658,7.81783139534884,7.636721176470589,7.559946489262372
23369,4.172681806722689,4.37302094391245,4.189901176470588,4.3971003921568625
23370,-1.683626274509804,-1.15300132694939,-3.1442211764705887,-2.832570756953945
23371,-2.0114995485636116,-2.44861704545455,-2.977215116279069,-3.321280734154127
23372,3.245905522115823,3.358575,3.5975267441860463,3.4809501603849236
23373,0.6550659449345095,-0.221321590909092,1.768086206896552,1.6284567923622757
23374,0.8848481545608454,1.71596293411644,0.6606886363636367,0.21605757140369233
23375,6.591339341692791,6.11989767620021,6.787219318181818,7.05092803030303
23376,7.112046590909091,7.50391975229826,7.53600909090909,6.914383997276132
23377,-9.129632196969697,-6.64085444444444,-8.169740909090908,-8.34980878021791
23378,2.85159901259789,2.13452555555556,2.6391202247191035,3.427741636874363
23379,-1.571678651685392,-1.1802411111111,-1.745087640449436,-1.9579882646691633
23380,6.203179979192677,7.03089230769231,6.453745555555555,6.590339762796504
23381,-4.527709708697461,-5.4578032967033,-4.756013333333331,-4.36218074074074
23382,8.601322592592593,8.18272197802198,10.277073333333334,9.23143962962963
23383,1.0196433333333337,-0.0192869565217402,-0.15813555555555456,0.22667358974358975
23384,1.5974760154660155,1.85055760869565,1.3631658241758244,1.4549206552706555
23385,1.0609471102971106,0.578285869565218,2.5118098901098915,1.4082832844932849
23386,2.042970327292349,2.80178586956522,2.40855557997558,1.8523094505494504
23387,1.1849131746031745,1.17528369565217,2.748472527472527,1.820305381076252
23388,7.577048553202031,7.07826304347826,7.932676086956522,7.460214735538213
23389,-8.864969405956364,-6.4042914893617,-7.901955434782609,-8.49811811594203
23390,0.8866076086956526,2.17556914893617,1.8146369565217388,1.7872298932522992
23391,-1.527471801464859,-1.13018085106383,-1.675282795698925,-1.5296784400810342
23392,3.5049578697210535,4.30444187828872,3.751707526881721,3.7478948066803937
23393,4.497567467398764,7.30531818805765,5.5485067032715625,5.104998699763593
23394,-1.1727380195226114,-1.61200939144361,0.1655351063829788,-0.5839423282238999
23395,-1.4402247998169755,-1.63069263157895,-2.4210170212765956,-2.317169858156028
23396,0.5879378479371616,0.10256203807391,-0.35016261725005704,0.4904046125379798
23397,-3.056570529245786,-3.90744303471445,-2.581857446808511,-2.5665451556310126
23398,-2.5914379280103716,-2.41957263157894,-2.987960638297873,-2.709962057058685
23399,6.316041877566257,6.21088105263158,6.3265905263157896,5.599789596864502
23400,-3.9720803359462487,-3.57970442649264,-5.172233684210526,-3.9555526315789478
23401,-3.310304262784622,-3.49996736842105,-4.08134,-3.7466537513997764
23402,2.36537117581187,1.20550421052632,1.834433605823068,1.9899003247480402
23403,3.8999655655095187,4.24839440789474,4.671138947368421,4.538807670772677
23404,-3.940635397536394,-3.07246094286941,-2.4965905263157895,-3.677566118421053
23405,-0.9628509283625735,-1.26762680412371,1.13049774122807,-1.1613271747076026
23406,-1.189468909107877,-0.0315721971649445,-1.8277020833333337,-2.1466828179824566
23407,-6.5949277010233915,-3.76656494845361,-2.9045979166666664,-5.116220833333334
23408,2.5953714875730993,3.4754106314433,3.0768821820175445,1.117819919590643
23409,0.5808956944444448,1.84942784579038,-1.8267177083333328,-0.6298819846491222
23410,0.3784995687134503,1.87056703134862,1.647115625,0.976283651127389
23411,6.350891201317296,7.67316530612245,6.10833297895189,5.831144322737686
23412,5.586487256586484,6.2351612244898,3.9577793814432995,5.636371545675831
23413,1.2698421713917525,-0.0672989795918344,2.3712999999999997,0.847958766466208
23414,-0.022406779782359623,-0.552293346088435,-1.3338041237113403,-0.7606690721649483
23415,-4.31655910652921,-2.42640604881128,-4.466117525773196,-4.851854639175257
23416,5.8163553264604815,6.07485034714917,5.799711340206185,5.700561571638965
23417,-2.564046630198471,-2.29388470439722,-1.8532677256469596,-1.815806785188302
23418,-4.939935616102111,-6.36950612244898,-4.213281527456344,-4.452011210463567
23419,7.407039816957711,8.70325825463879,7.094077551020408,7.524706073357177
23420,1.8167369142588308,3.84067083203165,1.5044643067536292,0.9651152499112738
23421,1.3180200568345635,1.33785363948766,1.3092455060812203,1.1051928237065938
23422,-1.4030752036813894,-0.453988999999999,-1.5825424242424242,-1.492756070913214
23423,1.3075615233972377,1.985858,1.2365969696969699,1.0655221947364804
23424,2.4225587164158595,2.39377470707071,2.256154246547104,2.085243454957741
23425,1.191151157836872,1.391012,1.4866828282828286,1.2013872019514877
23426,-1.220312932041504,0.0008419999999991,-0.12820303030303057,-0.6137534370920084
23427,3.700459420875421,3.688998,3.4062216969696966,3.325052505050505
23428,-2.001359400673401,-1.77549,-1.9534500000000004,-2.0306558552188556
23429,1.3348242222222222,0.980829702970297,1.724735,1.1331360000000004
23430,1.6645213333333335,2.04970394059406,1.69751,1.4142006666666667
23431,0.06331409427609422,0.918031643564357,0.548609,0.38068276094276093
23432,-0.0975167845117845,-0.35338285148515,-0.909392,-0.29412433333333327
23433,1.4852216666666669,1.1897798019802,1.782193,1.4672836666666667
23434,3.4904669999999998,3.18853314890313,3.502711,3.315893435643564
23435,1.1932450594059407,0.772329227334497,0.7410141782178213,0.7482353861386137
23436,1.0211835775577558,0.349930392156861,1.5921480000000001,1.0479109504950492
23437,-2.9437969141914198,-2.06854058435255,-2.7500603960396046,-2.8062231518151814
23438,-0.040661396039603885,0.621430392156863,0.3134386138613861,0.19354191419141922
23439,-0.152668511551155,0.246944117647059,-1.5032702970297027,-0.8941646864686466
23440,2.1601627161716177,2.20529117647059,2.1355910000000007,2.283564666666667
23441,1.9048701320132013,1.74633794408853,1.6216603960396037,1.8396856006600657
23442,1.1021276813681364,0.862527722772273,1.2868239999999995,1.4092048571428568
23443,1.0955835302196888,1.29670854788235,1.1468891089108912,1.26943799339934
23444,1.340228349834984,1.53777332556785,1.7938240693069305,1.593731593059306
23445,5.020972788778879,3.54839614637934,5.071479207920793,4.870003066006601
23446,2.6069912412241227,3.19602745098039,3.583248366336634,2.881805769018078
23447,1.444889128712871,0.704777450980392,1.757090099009901,1.7343701891600924
23448,8.557523373537352,7.46649901960784,8.72589405940594,8.96923834794644
23449,-8.901532495049507,-9.29970924092409,-9.466676237623762,-9.549903372937294
23450,2.478662290429043,1.5425,2.606670297029703,2.1399226600660066
23451,3.7644092409240915,3.97447615996894,3.859143564356435,3.764131683168317
23452,6.424682178217822,6.82682302918155,6.987420792079208,6.750493493172847
23453,-2.3397768608684397,-2.40393235294118,-2.1093045331003686,-2.7729463724195944
23454,2.9783680325503137,3.61465,3.0545352747039414,2.3203451417690784
23455,-2.633500009706853,-1.70733300970873,-2.255409803921568,-2.303692615045818
23456,-0.523703452404064,-0.702306796116504,-0.31576568627450974,-1.1146216236329518
23457,1.5024437908496733,0.564967832499999,1.34771568627451,1.4225637254901962
23458,3.2421398789878983,2.68491377308205,3.071176538536206,2.544406697728596
23459,2.3023213412556935,1.49522045631068,2.865380274509803,1.8085124557338086
23460,-5.066789016042781,-3.33524333980582,-5.702018627450981,-4.817663944345415
23461,3.2009501895424832,2.91159126213592,3.4373450980392155,3.1921858235294116
23462,1.8300441176470588,2.40271814232524,2.7485637254901962,2.17965522875817
23463,1.8808354904549278,1.85861683168317,2.1639048728402255,1.4306287991975668
23464,-1.3518429840160486,-0.0576213592233015,-1.5014582799456415,-1.6735836957225132
23465,1.539941571215945,0.492000634432376,1.7523782178217822,1.2168346211091696
23466,3.379735643564356,3.64895198180582,4.00300396039604,2.847227101792532
23467,-2.22229402640264,-2.51951683168317,-1.5140599702970299,-2.3476928019154855
23468,2.7995593448344835,2.57909384158416,3.4745567623762375,2.9813236462724704
23469,-0.18441036436977032,-1.21821879721668,0.433235,0.1608043004191575
23470,-1.081049417918291,-0.509305979421472,-0.7037443444344433,-0.4736935169983651
23471,2.7387289452339796,3.02522782954766,2.259871821782179,2.408636112211221
23472,0.7104302048204822,0.887169306930693,-0.4741336633663367,0.19747818656967747
23473,-2.4749806091942532,-2.99954803921569,-1.9124678910891086,-2.5905416362901597
23474,1.6454066506650666,1.98679503009125,1.4836257425742572,1.6296798699693096
23475,5.247850324442648,6.05614029411764,6.009710019801981,5.943284806913681
23476,3.2168272673267326,3.50013039215686,4.035052475247525,3.6842330957095717
23477,0.4067578217821781,1.69555,1.019737623762376,-0.020457224940141162
23478,4.1328617128712875,2.18035841584158,5.282585138613862,4.252397007441921
23479,3.8980447138713874,5.09848640776699,4.303012059405941,4.354954940003805
23480,-0.6613100250099839,0.272512573296164,-0.3574068415841583,-0.5615301184619061
23481,0.047947618322390084,-0.383325213592233,0.2241995599559954,-0.015420314703659213
23482,4.415914232086874,4.65551816152203,4.519127287128713,4.436615553013124
23483,4.847441127733392,5.35563415686275,4.9820615049504955,5.361577873048289
23484,4.757989092675934,5.33607689560784,5.263710891089109,5.055433482365884
23485,-6.334501905823915,-6.13717549019608,-5.494040999999999,-6.7254345356104235
23486,0.9226913498349834,2.03304901960784,1.0748168316831679,1.25803048713891
23487,0.547236306930693,0.329286274509803,0.7579277227722774,0.9275940089950171
23488,2.8086831683168323,2.88544563106796,3.220983168316832,3.04142635248819
23489,1.8052433184494923,1.16465778566094,1.904130945447486,1.284985015854527
23490,2.149745653465347,1.01810318627451,2.111260396039604,2.0323439812981294
23491,-0.7441997474080743,0.0553557402866441,-0.7235047425742573,-0.4079491766647253
23492,1.1970389179944718,1.87034231782098,1.7383907051929688,1.4039645845485957
23493,0.626921715609705,0.445252525252525,0.8337129999999998,1.0146003534216823
23494,3.5210822911435478,4.49045150390253,5.137762069306931,3.986507572448492
23495,2.253984145969499,3.17468699413631,1.837921549019608,2.710076231510706
23496,7.7820854390380205,6.1632397769874,9.518210891089108,8.723667152009318
23497,-15.120963271468321,-15.4054147058823,-16.730054455445543,-16.269618283828382
23498,5.591701650165017,5.18514043632972,6.201831683168317,5.799442693069307
23499,1.0703549057239052,1.25434900990099,0.6863659595959595,0.92578438277161
23500,-0.6574786649331599,0.846177450980392,-0.20537425742574236,-0.36212739200586697
23501,-1.542414446211288,-1.70995,-1.897212871287129,-1.2487993442050094
23502,-4.862891792079208,-5.64610878639412,-3.8168147623762376,-4.277745685886235
23503,-6.291779251980099,-6.83045916728902,-6.504296806445351,-7.589388692265304
23504,2.9802997741931057,2.07796116504855,3.7147649291399727,2.982599760564292
23505,-4.172778305183459,-4.75703255866213,-3.373942156862745,-4.203034497715906
23506,3.9318839631764053,5.15410062821245,3.969348116504854,4.1426337542894505
23507,4.062977975842374,4.55669848120735,5.435828353717724,3.958158472145787
23508,0.20633310496764498,0.719758262039796,-0.7106105028149873,-0.5011775108835842
23509,-1.7286298329918657,1.07748846153846,-0.21085922330097082,-0.89468490179115
23510,3.4618432640666117,3.25162427184466,2.647989444127165,3.0150349927025824
23511,2.617940875055524,2.60866923076923,1.9072825242718452,2.0233353734374013
23512,3.6262780410251194,4.70544657393577,4.641784350668076,4.17336357954185
23513,0.37372124183006533,1.25031844660194,0.6594696078431374,0.5303132571738044
23514,4.010235200284734,2.72979902912621,4.376428431372549,4.207852877720667
23515,-0.31635554584870257,-0.539208737864078,-1.2908023878858477,-0.7194310263379282
23516,-1.0517470685303822,-0.511041747572817,-0.3816029411764711,-0.4562612340645832
23517,-0.5536733255678505,-0.111985436893204,-0.8539470588235287,-0.5677257249825491
23518,6.7540032679738555,6.93051923089519,7.243675490196079,7.205464458404721
23519,2.8683513633094697,2.69469305978675,3.0935975242718445,2.7842514541923444
23520,2.518837848488695,2.93630654036557,1.1365990196078433,1.5875986435354559
23521,-4.566408469509486,-4.57953461538461,-4.772939215686274,-4.818004446869587
23522,5.137196703471033,5.06779423076923,5.0006469731581955,5.507674290881401
23523,1.7228728502776038,1.58182516803585,2.3072615743384732,1.923881420140872
23524,4.556249017534535,5.10916634615385,5.421810679611651,4.750593343486262
23525,8.29637304397487,6.35407780059746,7.95214792499524,7.196183542737483
23526,1.8177797163525609,0.716120164301718,3.136094822006473,2.413363043780106
23527,-2.358945110887445,-1.58889198717949,-2.277835760517799,-2.3868059819785516
23528,-0.9314935110676117,-0.828829042904291,0.25179268480246053,0.10735809592076785
23529,1.325176830772249,0.917400905233377,1.4133988424197164,0.6295356748896825
23530,1.2718125199153598,2.05470476190476,1.8567174757281562,1.9797220846057724
23531,5.592243764106508,6.28885392156863,5.736506738440833,5.333965967815148
23532,0.5833357957918073,0.874434182364784,0.9811578323375654,0.3321286194310463
23533,-9.910461588251628,-9.27427788461539,-8.18914562154959,-9.71301597088321
23534,-0.18853616193676842,0.11262980769231,0.44047403846153854,0.06130743964376887
23535,2.9721917309994006,2.9698112660362,4.0233148151605675,3.4797904799787305
23536,4.064629846409168,3.98996603773585,3.5481456497386112,3.536995856837457
23537,-3.53069426646312,-2.77610943396226,-4.653576923076924,-4.515347850408454
23538,1.2283698098557325,1.6982941868823,1.0504489926739933,0.5457553571428573
23539,1.3890774205460128,2.35255338564627,2.24788,1.4262960497154835
23540,2.4396323443223444,1.08348971962617,2.998095238095238,2.1862651242887092
23541,1.2134482586909945,0.889902054311411,0.9920102156334231,1.4111253203852516
23542,5.660568171205105,6.29785740740741,5.343625471698113,5.5771526503822
23543,2.2043273165058648,2.47154166666667,1.71589906542056,2.8389139099512137
23544,-2.032886366308117,-2.36275462962963,-2.8661476635514016,-3.122886457414918
23545,-5.929580062305297,-4.13696111111111,-4.856680373831775,-5.535042973020632
23546,-0.16353103802974203,0.0376555555555562,0.2861367924528302,-0.0455071651090343
23547,2.5192506231649188,1.8604115610938,2.3915198818550523,2.3245101481220245
23548,1.7786245092688235,2.63478077189339,2.542159804267326,2.119559910432639
23549,-0.292608322851152,1.27006431846236,1.122715094339624,0.40807193753311793
23550,6.114067773159461,5.35491035972492,7.717972897196263,7.376652990850134
23551,-1.9795106802215887,-3.22705185185185,-3.292223360287511,-2.5634535641716774
23552,-2.238752310787872,-0.854519712703359,-2.681076864750486,-2.188182339749241
23553,6.074066079728625,5.75778052959501,5.446035514018693,5.517085700033643
23554,2.661502919336194,1.725053352794,1.7679713836477988,2.268413712770844
23555,-10.216442652677364,-10.5042763636364,-10.375982407407408,-10.363629863234543
23556,7.85065537112902,6.77172,7.188209055385661,6.8660560344362205
23557,-5.193214172099591,-3.29419099099098,-4.543883486238533,-5.313695191414656
23558,5.202407169554876,5.3059,5.546083486238532,4.929932268557131
23559,3.335891544496958,3.50436281736282,3.560442727272728,3.49347033515584
23560,0.4198873136232427,1.12339459459459,0.6608090742285238,0.844152872918791
23561,0.22555268001112025,0.630964602784603,0.06252181818181823,0.1658236809995983
23562,0.9853681195128858,1.03043072545022,0.4620845454545452,0.5021674055480253
23563,2.4780843075004912,2.01610638587682,2.1123765971643036,2.2143187676959695
23564,2.8520642116887536,5.86884889998101,4.446182568807341,3.8963707867958517
23565,0.31327942774416034,1.04485111111111,0.37560319148936155,-0.07411246775165566
23566,2.0288822886818556,2.43365188558303,0.9461646966115054,1.3971635099521782
23567,4.254351410552093,4.7816373583754,3.553176595744681,3.312262078990579
23568,6.456632171689712,6.82049265245504,5.636690751998199,5.338400849980322
23569,-3.6427081008283784,-3.08020814860317,-4.068983579272478,-4.236035289036213
23570,-0.03449797354588616,-0.539361411171093,-0.6765220185043712,-0.08248448518527034
23571,1.872893626013455,1.67317846864261,2.858079894179894,1.9596272347099315
23572,-1.795133067763871,-0.467027289642915,-1.7229793848852673,-1.8642792990385546
23573,5.719898026137169,5.63927246629659,5.691647019587977,5.585596657307577
23574,1.6601424916837642,1.973478125,1.0422299073438572,1.0309056881952883
23575,-0.49671548830212975,-0.814560204081632,-0.29233473684210537,-0.5730557158527192
23576,-0.6177338425940174,-0.302633482469911,-0.2817690208310126,-0.19623403475334372
23577,-0.4548434198133888,0.317095581737852,0.23538900523560197,0.027717123400375587
23578,1.5518026952765993,1.53375969387755,2.254209387357282,1.9299152237980493
23579,3.476856624597255,3.82269142519893,3.2427868749826865,3.1522779000281864
23580,3.4563038900671548,3.36523325483798,3.322924607329843,2.8855858866431423
23581,-6.300139828062121,-5.84050467795104,-6.641253656654726,-6.3604626486863864
23582,0.7260664793309418,0.108170295260297,0.6675184937169308,1.1125147250145357
23583,-0.4272424373229001,-0.0657923926767681,-0.011030619034633343,-0.5983055438424805
23584,2.0215492208777865,1.81060404040403,2.3498219488375884,1.783058912616885
23585,2.4270971579718723,2.96707808029534,3.4136529172063903,2.254730204265572
23586,-0.6070130324190247,-0.894724571131068,-0.7920578125000008,-1.3807340392001854
23587,4.377955748106203,4.6046592039801,4.895340302334277,4.425939938438538
23588,2.080372535963221,2.72917606467662,1.7214550462595826,1.7350021991309539
23589,2.754431365857352,2.88610767375245,3.8761382626625775,3.7526833001665683
23590,1.162688137610838,2.952442,2.9324591554938313,2.362950303124533
23591,6.280050747686312,6.88919459014838,6.488419529473961,6.643332269274138
23592,-1.9632060598803105,-0.601777619651453,-2.371863552735924,-3.1827866064952803
23593,-2.5826345524867635,0.70531641623961,-0.9688692307692315,-1.8562430324354933
23594,6.784785910609652,7.82075865086508,8.656000164835165,7.900574405948185
23595,2.815104455584507,2.45850570167919,2.4002975274725276,2.367455943550891
23596,10.431967220564474,9.2617920113585,9.910815306122448,9.845444133322111
23597,-6.553603629993078,-7.32373687562796,-7.212891878172588,-7.4627743349738385
23598,2.7426403970588087,2.9731555920398,2.630180042694991,2.785518464179329
23599,-0.7986600446159438,-0.318233799262277,-0.21039637362637342,-0.6086634970924722
23600,-0.9989122692193547,-1.73122291498175,-1.7667025380710675,-1.247388309946551
23601,-2.7329715826993493,-1.95032123152709,-1.822100507614213,-2.3673328179581907
23602,-6.58730628811888,-5.65344977893836,-4.657287480330948,-5.5656735341197425
23603,6.52170705001459,5.53503151329839,6.121285307852394,4.526924198993544
23604,5.03552602143516,4.43873738670401,5.480138376068376,4.672916991874657
23605,-14.05375315000894,-18.968463866571,-17.848096129663986,-18.468800602293246
23606,1.1914214225410351,0.205308765998549,0.29289489069714153,0.5753696913610165
23607,2.9480297025964037,1.45033806438397,5.2120645404040395,3.7562993356118115
23608,3.539831109251275,3.53397531707317,3.726215316481397,3.782260331650006
23609,-1.8083466423023549,-2.2520879479378,-1.525999837571697,-1.8676908783264117
23610,4.225080176014609,2.53934280084725,5.256178621237758,6.005613085932264
23611,-3.2956882253362747,-1.6037776699029,-3.4384279693877544,-3.192335048206032
23612,-3.0993658704247196,-2.80452046695859,-2.8753341336441336,-2.954732683842325
23613,2.395692976545936,1.39021769891386,4.284603517587939,3.6613288998979283
23614,3.6640688243952844,5.28266470588235,4.350678907035176,4.220101812431098
23615,1.0890442001020157,0.796667487684728,0.5454111136490534,0.6258177748083853
23616,9.321007835546668,9.27899945129981,10.236269191919193,10.618869158925943
23617,-1.7153953351939064,1.61218557213931,-0.41312358197358195,-0.10354636364567887
23618,-7.133936537043828,-6.10119253731344,-7.034635015021237,-7.208544514562323
23619,2.0344745475591326,2.16692638836275,1.068328000422967,1.3580899659863943
23620,12.548902053198944,8.39133952238807,8.656010452642596,9.301612423555278
23621,8.507766948403415,7.44841626884423,6.949546736285455,8.78087793283615
23622,-1.1845917798567485,-0.290793540048729,-2.5848332593180015,-2.5973521553396997
23623,0.9573955151520317,2.82115689447236,1.8969927461139897,2.070030060846959
23624,5.917888429941478,5.81957402525253,6.152944788096187,6.213928804870283
23625,3.617406289534522,4.09759895454546,3.499604663212434,3.0630188068218387
23626,-1.672545306161857,-2.13225441176468,-1.5666533612542954,-2.084919751147732
23627,1.4614653795356416,2.30369515829145,1.8882385492227969,1.8446241697851609
23628,2.9264524243617878,1.85801557788945,1.7917919429024585,1.8182017787511353
23629,0.13618028237234842,0.0258515820301508,0.502113636242859,0.1917576306614071
23630,-0.8123929785939282,-0.0008480014284444,-1.2412520618556688,-1.449407271867947
23631,6.087413829093941,7.2099556122449,5.888700204526861,5.936656086452309
23632,2.1537759821257234,1.923093,2.3779212435233164,2.433526938064394
23633,4.312606688809176,4.38689977860697,3.8375302564102562,4.150463078326887
23634,-1.3761047078638213,-2.91761650000001,-0.2962741130298291,-1.0752980337963485
23635,1.9236168065019927,2.85705495049505,2.4617589943193767,2.6149667459825254
23636,2.180243478505543,2.87547709718733,3.3147178005128466,2.514905688812334
23637,1.8754909979177004,-0.03816453627861,3.8087323076923076,2.920734943972967
23638,-9.048686492613706,-10.8487019280985,-9.322178772338773,-10.168797772401954
23639,6.771203998468376,6.50355423065778,8.014294808491004,6.9370484121778055
23640,10.643747146529066,8.14183215539946,12.637609090909088,11.879066265092932
23641,-5.557233291964502,-5.52137766990291,-4.569034000000001,-6.349179843650537
23642,1.2852025413457249,1.22657947213385,0.9413467661691544,1.0831297282961219
23643,-1.0430696511449318,-0.0655488039960623,-1.365654679802955,-1.5502146186246064
23644,3.2933153205570322,3.94773705177501,2.2206525531659276,3.7974281610590763
23645,-2.913676575186548,-2.76115754716982,-2.405820871418424,-2.5448946049665455
23646,7.659185916567167,5.95550953066758,9.916740303682447,8.774811024135136
23647,3.1901672295779773,1.94226961495327,1.9652569475867263,1.9658152386324461
23648,-6.452832062894174,-7.45777064085448,-8.045317100572285,-7.6166659646681625
23649,-19.034204459371555,-16.4940870030855,-19.073667376373628,-20.298080039754662
23650,13.761805578067035,14.2587912442396,14.279764372710622,13.292444169659731
23651,9.3212245576752,10.7388328186561,8.342316172823102,9.331962734444222
23652,-0.2144896217622217,-0.41616311006323,-0.684964721981176,-0.11911166126647697
23653,-16.61387285592889,-14.8121238169365,-16.729665689472757,-16.637982576581926
23654,-4.826008284320188,-4.61261247752928,-3.569996244131457,-5.30824532274726
23655,-0.3728525848773314,-1.22658295570916,0.6363714471508866,-0.02355959790657549
23656,2.5765273725839264,1.43832228557515,2.3292087424633934,1.7258721707750642
23657,4.81812503420039,4.88895192307692,3.7305745391705067,4.238091051644375
23658,6.309080749123787,5.57855806376933,7.5078339071465825,7.053722984300357
23659,2.107799537758211,-0.810683503450839,1.0100662037037036,0.6268324887030983
23660,5.930255732145651,7.51324278875288,7.163266857798164,6.2710393806106834
23661,5.877089730171478,5.02174785076556,6.461897260273973,5.9115967008823604
23662,1.267443226437904,2.47898992723698,1.6225722655104524,1.5521450427388575
23663,4.180790119576863,5.19498577187807,4.422961085972851,4.000270998074648
23664,-1.71763644582963,-1.88513066666667,-2.1250585667485664,-2.685202359770485
23665,-14.007402450724449,-7.601373029214,-10.461652733276262,-11.907936177928214
23666,1.4281086612196732,2.33923377192983,1.7004982668767425,1.294743699038704
23667,4.234183513585793,3.50787980195704,4.806639158889832,3.681315469282307
23668,4.60898719111071,5.16985902903811,5.198292607142858,5.009921898308352
23669,5.421980920149694,5.63337092205433,6.276096420563741,5.522202879692683
23670,1.7611425200454303,1.06684260481366,2.919562248501925,2.0908496897187425
23671,2.1256047190223457,2.52067463186325,2.4517363046274996,1.9590295215706248
23672,-1.5334133291074739,-1.67130062597222,-1.4450951074032201,-2.398566066895466
23673,2.5962091797231204,2.25306627207601,3.41485440897598,2.6578483708038494
23674,2.061914769046166,2.50173666565946,2.3172246927892415,2.1912466848940313
23675,-2.041282216383902,-0.526164593131763,-2.270811678818075,-2.662158441107344
23676,8.626397645226135,7.86127048081629,9.56560003227644,8.576325900057562
23677,-1.152412044584782,1.71139376095833,-0.672699591914569,-0.797941384425094
23678,-0.0490521513431999,0.484911864406786,-0.06929027243888636,0.2806269783746795
23679,5.271101231216108,6.02379589016185,6.397818590461263,5.766356987367603
23680,3.3965054028216453,7.171949380854,6.486336861772976,5.4665603718307745
23681,8.535026418064641,9.26520655812324,9.27961551724138,9.527694943608795
23682,5.062840085619139,5.56904665406215,4.776909007659008,4.767336327234606
23683,-11.195318493403006,-14.0027322530864,-13.66460636317543,-14.774852134500835
23684,9.41196299320763,9.29691114319306,9.030918803418803,9.269689254052317
23685,-0.3125766435945842,-1.17924833506225,0.4616093488521794,-0.2687191206950731
23686,7.230131849597386,9.39686703318673,7.957116030752727,7.81133972311026
23687,12.056415722618652,12.7885537951624,11.669301255230128,12.043334858645554
23688,18.367516503252972,16.2172163595719,19.373979831932775,18.284898872933205
23689,-27.077923551608862,-21.225132534501,-26.91404359439834,-27.177598652416663
23690,3.9582196895546327,3.33969395309168,1.8256546259730395,2.3178791810006327
23691,-5.377785669723945,-3.94912061715652,-5.924928048175277,-6.1010401528894205
23692,2.6453510325104705,2.32431424045005,2.372681433382104,2.2242415023372946
23693,1.2428642849991063,-0.0781288973554481,0.7735974570590692,0.9651337713087114
23694,2.5977417808059013,2.55896042888162,2.6583761212063552,2.3107487292976856
23695,4.008655017813703,3.50064885228524,3.659685434484214,3.0502571980244144
23696,3.022485170785947,5.03834458261171,4.039504055283922,3.3097723332026088
23697,2.0899655462036737,0.693841631289974,3.38562455357143,2.140974070295425
23698,9.370024826106244,4.38164676460902,6.5575791788054465,5.33188458603429
23699,6.028868850868526,4.53785962748776,6.64182817919514,5.595118076411957
23700,6.412978676778534,5.87773876027747,7.013353623255171,5.930185928161903
23701,-34.521891031403115,-30.4046693813773,-34.88643321007686,-37.742385267512724
23702,-0.008669523461810047,1.52398040072022,0.34344840909090874,-1.378888211390636
23703,-9.342326148637737,-8.74359223067272,-9.248315417435009,-11.041786612697894
23704,2.806495740047168,3.67294527420801,3.896079267330843,2.5333412087412883
23705,-3.7545760797746306,-2.53797564878312,-3.7475589636348534,-4.167007229018474
23706,-2.722149798837335,-3.21372532860794,-3.6732877355560163,-3.918417240317141
23707,-1.277228482338063,-3.83850061209007,-2.512155565046823,-2.630054788554707
23708,1.4077791906411894,-0.97932896683918,0.04728337129840596,0.05197109235111167
23709,1.2861689678522692,1.7805735641415,0.9638720390489686,0.6820817903618698
23710,3.3400275677934186,4.25733947139849,4.170505012904506,3.7629923378755405
23711,2.820482475694436,1.64663063450952,2.456149428969726,2.763503063996611
23712,-2.4495101329399502,-2.19949701357202,-2.79416862448738,-3.368629248536408
23713,0.008000836403970757,6.03582920411218,0.9656237360034431,1.2517360548248877
23714,-4.560722180900164,-1.98196719870329,-2.66253931752328,-4.834315260112106
23715,0.15717354619871154,0.613940184888545,0.4378295879929054,-0.33351044348681086
23716,-1.911033212652517,-2.56692041430238,-2.700805967530546,-2.147411572342885
23717,-3.2947020412661927,-2.91676632329485,-2.924323057311252,-3.674973473234285
23718,1.6831398841610163,2.00685362330905,1.4527047534800945,1.2142888489235513
23719,-1.1287430017989792,-1.08512399554286,-1.1528716615698267,-1.302083562883106
23720,0.981202727908664,1.86774292029888,1.2638229357798163,1.6297831731345815
23721,2.580815430201522,1.02555675138865,2.246413493711076,2.163433621269631
23722,0.7986810535598583,0.381644003709426,0.6795175799086756,0.8298668487891193
23723,2.092497311796844,1.91281164394718,2.3492134748415268,1.8910555131226758
23724,-3.028263481687843,-1.77711480554237,-2.9786167081147727,-4.424359906764543
23725,-2.3322272470728436,1.14366364017584,-0.1940415510574174,-1.4360715659535022
23726,-0.9918628312431057,0.307615359232453,-1.0757357174493034,-1.0883492655836149
23727,-1.066491448107304,-1.55186971272798,-1.7248770372057547,-1.0425516117984617
23728,2.1462644856714967,1.7201425177645,2.1979975070917126,1.922228996135605
23729,1.5219802502543627,1.66543607866528,1.677224126744785,0.7805338781172299
23730,3.14024270170411,2.77524120999842,3.464459762325775,3.075330436321205
23731,-1.3838397250601417,-1.92844511181246,-1.8215418232626803,-1.851707004085963
23732,0.8479193866175803,1.73680885647743,1.181378657991956,1.2862175854393316
23733,0.7709677785746157,0.287554942195596,1.2430531930823578,0.7432906210174715
23734,-0.49921422812549626,-0.989919631236443,-0.899246160613296,-1.0382311177914103
23735,2.702038572378163,3.45719903278468,1.6902628206846084,1.7580940700962537
23736,1.7259413281147675,1.87359789836534,2.3491659817351596,1.9263437872165594
23737,-2.7984051973590063,-2.65720176748684,-2.8365051369246252,-3.1428281834812473
23738,2.2992558193322172,2.52525810197647,2.1021596691300597,1.792535228596745
23739,0.24009613724135978,0.360672717862385,-0.03875757016840453,0.039408900226107116
23740,-0.5010831199772446,-0.718159267890591,-0.7257157808319468,-0.7304802114812391
23741,1.0834543227609577,1.94179898814315,1.634836187214611,1.08355522537753
23742,2.072886071270374,1.93002275796658,1.8955998239332343,2.0570353556563687
23743,2.6998853750403953,3.73883145247897,2.698133750544663,2.4967143425398017
23744,3.546198790808259,4.37678516955157,3.997646592261338,3.636025889695444
23745,-1.6270559432988563,-1.52933046124394,-1.7315572429906543,-2.4069254118343526
23746,-8.360249340920344,-12.3499103623579,-10.554420938440492,-10.13646467879618
23747,8.406252427961391,9.10568716059197,8.671641701768241,6.225605880808289
23748,2.050140993653279,2.24948272128202,1.8844837484193744,2.012749889180669
23749,-0.08931841278858368,-1.33350175608892,-2.0367920422535226,-2.541687937707077
23750,-1.6249060177486605,-0.629208719724251,-2.0019046184398124,-2.0754294672707783
23751,0.3068604367198899,0.676447417825766,-0.042948716436864987,-0.6149319676426114
23752,0.20788735196919497,-0.353877737183957,-0.18291489857525794,-0.5611551345701196
23753,0.4945816683361654,1.09996480406692,0.960282496763987,0.62114547966828
23754,-1.2280906860684004,-1.32288816914489,-0.49351415564978796,-0.9331468798660427
23755,-0.5659405554774694,-0.541345994132897,-0.047739020914199654,-0.6141223671957703
23756,0.11143636222536446,0.421672473648275,0.33704717138870743,-0.33814575645217254
23757,3.810812255118067,3.95762053107026,3.400947581324017,3.9391896351979594
23758,2.3225489461162225,2.39306028903624,2.797482564014925,2.387881071217661
23759,9.79940472519279,10.5238305746828,10.350702198355336,9.899301030447951
23760,4.26604769391277,3.85254931907674,5.533519195839965,5.209909572287211
23761,-0.7539787818557293,1.4202024294313,-0.27103901325971347,-0.14437181197110016
23762,3.0757731731437574,3.14773973345097,3.045082603956306,3.101364610124192
23763,-4.642712758710655,-3.56808556203577,-5.681891482202039,-5.772667597846995
23764,5.32344379469673,3.88276053149472,4.227984772467061,3.7396504637032897
23765,0.1285027183364244,-0.0931696632028434,-1.3089726531818016,-1.0315509463599741
23766,1.636089166885649,1.23657415579778,1.3062744118745333,1.1937039875013515
23767,1.5977496465426015,2.16187876272039,2.726105609425505,2.1321619521228867
23768,2.5742557297233795,3.30391891509435,1.4104690751245166,2.2728843489433395
23769,1.8607726760098289,3.17528769681762,1.200350458763423,0.7339166657250147
23770,4.97565071909411,7.42428326693656,6.810397722678012,6.1407648510719115
23771,14.466347716811024,14.4611277851768,12.942576594724223,13.48106061761075
23772,-1.0758104302424512,-0.106802886856828,-1.9689937170263787,-2.1489852722863527
23773,-7.745810892476797,-9.27155311643113,-8.116629865296712,-7.81260547950504
23774,-3.232888661014668,-3.31108793792503,-3.4171648204272946,-2.595550773274433
23775,0.10720765827136787,0.367838525467849,0.0910843750000015,0.14537495348573476
23776,1.3771786653489744,-0.231224331503737,3.1872159036144576,1.5864116063113622
23777,4.475743860944259,4.13713436033463,5.780254892601431,5.070623693484
23778,-2.647711022302157,-3.3060613940939,-2.1457495101389843,-2.9785584555953895
23779,0.0904740147828245,-0.559202874331551,-1.0599018718248872,-0.7673584812888204
23780,-2.1199931324899777,-3.10549300009859,-2.062220140282242,-1.88465618979289
23781,1.6407588158436386,1.02099034436834,2.1672382916321467,1.964681487065273
23782,5.451075554067791,3.07490856535121,3.8837787319493584,3.213994116108417
23783,5.912506764225327,6.89709181322444,8.228400108634535,7.1122827891664855
23784,3.517626348006563,3.29095353844824,3.9298434078800377,3.785670442792103
23785,-3.1805026724545717,-1.19251648837888,-2.225157572045016,-2.4731910468015372
23786,4.847950872922227,6.80004216980019,6.231994739636426,6.158649978321767
23787,2.847548220186848,3.38684995435915,3.113141328812355,2.8848167411376355
23788,0.6268152860455484,0.763246558144732,0.4179051007603164,0.22853384058950377
23789,2.081819501796725,2.69890742620549,3.102529263450466,2.3536043943122875
23790,7.074493367135518,6.7847236389917,6.871098573040955,7.2585373667064506
23791,5.291315000007547,2.63075842171701,4.470532563644172,4.246500538180239
23792,0.019767171354901726,0.969715047081491,0.1349079696862196,-0.10713502830582931
23793,8.334547060696357,6.26484285823528,9.45379606505973,8.574886713649267
23794,0.9650786941340866,4.97154511521864,1.6539958529881855,1.379712863007022
23795,11.830813196063794,12.0302710144849,12.938853239931664,12.68965492518289
23796,0.8512199343920372,1.26609331088365,0.5604770205525671,-0.5912821124610932
23797,-16.690290956290525,-15.1348421371475,-13.873024271470047,-14.660362646820177
23798,11.41103194274623,11.6853083180291,10.935604793901751,10.146700277265557
23799,3.1126767988017527,2.67313488398416,1.7403425876518115,1.6541627047576848
23800,2.1484594048055476,3.14938790297508,2.245754920726542,2.0485123457271976
23801,-7.723729633049156,-7.65778716728968,-7.423446279190944,-8.462978862572852
23802,0.41018227614954966,0.971109329140462,0.17818476019594368,0.04801591155882412
23803,-5.432991934743506,-5.16677701005246,-5.397047351344635,-5.912450301660047
23804,-0.9380025312931131,-1.0674521091756,-1.348970656755525,-1.3685588211029909
23805,2.446037903012,-5.57882293576716,2.799775367956266,2.1840897300373965
23806,-3.6093107043017834,-1.93341981204449,-3.1048251938040172,-3.3653454224622688
23807,7.159127028004851,5.77274311459145,5.26124732139437,5.517960684339679
23808,-0.5816637215729253,-1.12082692252534,1.047176894986373,0.20859532963432453
23809,-5.088759229398867,-3.54744374150531,-4.047000493897788,-4.73303436751418
23810,-0.9458361281764347,-0.514497716836735,-0.04833410822844414,-0.11865651577157114
23811,3.322485430375429,2.88708645452626,3.842868036784371,3.3537290743129744
23812,2.632653644889282,3.69421364817018,2.8950162130623003,2.758174895613257
23813,2.01369732999256,3.08578953493684,2.7201711455211455,2.2416016498715385
23814,3.557329003905342,3.3220534098241,3.4516895489390893,2.9978836962362916
23815,4.319396852440609,6.17863804671261,5.561627207130732,4.929516001892697
23816,-0.11519440687530885,-2.33871379748511,-0.3482186392874814,-1.3125111064728254
23817,4.225574239426009,5.82568665093103,4.261687326580049,3.9503393718128157
23818,7.306726822726215,7.16307987088781,7.034469572488129,6.973168555037228
23819,7.525694739617737,6.63684764299971,7.053273819967821,6.741814254564719
23820,3.072171114085097,2.87389505833261,2.844081763971303,2.582060301003515
23821,-10.915214365861987,-11.7372352920029,-12.822914830383963,-12.146774470920667
23822,-6.975127652570954,-4.90710165800866,-6.010180026506024,-7.176679796858089
23823,3.9326041226972737,2.09782526656884,2.3598530880905515,2.474223500520668
23824,5.112363864234134,3.59456356424148,4.552381029332041,4.871682266639774
23825,3.781244315620808,4.8242036480436,4.239351916117798,4.413672263361349
23826,4.880205152541899,6.17348465894466,5.516375609097085,5.127671492122796
23827,1.2416134819054228,0.989086805824733,0.8353350004669845,0.6331459444616115
23828,-0.30021992390720176,0.76231855653846,-0.2574644268774702,0.11823598645709765
23829,2.508847138340192,2.63778790912707,2.0885643209302334,2.4700105222034807
23830,9.589607452202438,9.93714388310686,10.181180621621621,8.944860499411893
23831,4.115031398655188,4.88576420230149,3.3405685308216304,2.685372251261775
23832,4.095874780858922,5.47375511275143,3.388074546434767,3.410608859321181
23833,-1.9805680796147234,0.352501077263745,-1.310435683547842,-1.9909221011109206
23834,2.713841092225866,2.09733963448611,3.457448494366866,2.8434633809558725
23835,2.5778502715879394,2.47587015465343,3.1677438072272315,2.2187617999838647
23836,2.126877431303689,2.42945220534078,2.0687813897002796,1.2266721205104705
23837,3.255813609353745,3.8366069237006,2.3354147861852628,2.5223124170912286
23838,3.919136125859705,5.49509279400992,2.6698605495953323,3.5349998728090055
23839,0.3595891828116338,0.780601585691857,0.3657957039337467,0.14825714885615449
23840,0.6629619657491075,0.645073137583267,0.40672422227767013,0.12446003224936986
23841,-4.856660859424591,-3.85314570460878,-4.670234503904407,-5.174999015571716
23842,4.972156146421234,5.46632133115619,4.441575715236194,4.077060879259274
23843,1.655484494167478,2.09240474105836,1.4261729933799265,1.749627177935138
23844,2.008566505324877,2.79451904143056,1.3516892730110488,1.4763699164767288
23845,-3.771068747235857,-4.05958168853932,-3.739153386924082,-5.219461862305827
23846,-1.356370719888258,-2.11001107991288,-3.2330746255681677,-2.7789457606477845
23847,-1.1557658449801382,-0.0922819658944674,-0.21038536935483812,-0.8282405300112206
23848,1.8800390327825471,2.99591705939005,2.295799183243478,1.6424853465207754
23849,-1.3198471969219576,-1.67081456129734,-1.8715413862621801,-1.463475172740118
23850,0.5018362053276056,1.54095314514088,-0.02811372663893627,0.1583501942948179
23851,1.4284420218332763,3.59746418774704,2.565064088408644,1.9292630282966194
23852,2.222248030832702,1.35552872693789,1.4885058877993191,1.9598473500377551
23853,2.339657895966488,2.15959936692587,2.1804158373009965,1.8465766724114656
23854,-1.8584690728079685,-2.5276673760152,-2.514310648303175,-2.681563701644596
23855,7.044379618632579,6.34236613282322,6.936271484131698,6.552464163806428
23856,17.117576547057755,16.8368666917258,15.318379263858125,14.480955220859656
23857,-12.010306716978503,-13.3581727885473,-11.412977797553234,-13.652357291741152
23858,0.017880311471336667,-0.010190596370804,0.09300747075931537,-1.3257995080131728
23859,-0.5134735944645155,-0.434848080429696,-0.7789640332618246,-1.1289501074199402
23860,1.923346792767855,2.99197874185603,1.7292992160079752,1.8904620581870553
23861,1.8611795227199377,2.20420854092527,1.588978695676032,2.0571484239240565
23862,0.6717426333453037,0.0618000810822261,1.1359142147370216,1.3025988571242804
23863,-0.11341351652855713,-0.328876597263215,-0.8212166981508938,-0.1992919607581618
23864,1.3713942761146367,1.10059828130924,0.5828231966509233,1.2267744408907042
23865,1.5465219040040417,1.16066593789624,0.4551288260869566,1.0676397767878543
23866,5.32962250278444,5.23542847278845,6.11698692748857,5.630065345679802
23867,5.023185620343693,4.5885880587348,4.6774022129702315,4.661603403205882
23868,2.876703479761372,3.40101272227079,3.660483712823532,3.064051320946495
23869,-8.258057484042123,-6.40056609589041,-7.620192315832316,-7.9924774607325455
23870,0.765240389559143,1.38946795395962,1.4880170295173407,1.326549611894153
23871,5.317693681255861,3.81446523684683,6.172808487097386,5.381567832697035
23872,2.252655499676298,3.54948908939822,1.8878991545481838,2.619193679277472
23873,2.866801385606724,2.48922918169019,3.2196160927960924,2.5831740520603375
23874,-0.08790529806552497,0.559641745802179,-0.41332956250682074,-0.21432071897246482
23875,6.992027839653867,7.85390039880996,7.7899724241257395,7.294319070984197
23876,3.4781741335887952,4.64792090948822,4.058662991141147,3.7805126615864557
23877,1.7844521052716456,2.03376633198734,1.836875492662474,0.9718524901879836
23878,1.0952596028632218,0.172595724749699,1.3900705027420406,1.234965247043279
23879,5.49559641190095,4.11928804813589,5.492280467051606,5.309992802260197
23880,6.392238218366603,5.59984218881093,7.319231982279427,7.059852944964456
23881,-10.499828780600684,-7.67450012483079,-9.747089778678655,-10.226457621529434
23882,-0.44701586310539504,-0.646793588798579,0.36694771450459657,-0.8123461470003215
23883,3.544581793292855,3.42243879078208,2.2712976371010405,3.0662411287428224
23884,-0.8525648379627455,-0.60397553934887,-0.08333567112283213,-0.11070253468807224
23885,5.660410674049354,5.70284189528023,5.029297457618032,5.177775801443163
23886,2.173404746429347,0.755520182479968,3.1515720669716822,2.999816322752873
23887,0.1339792891325514,-0.743763906599173,0.0008553537925490295,0.042782787697734595
23888,-0.7380340341801646,-0.313657822719758,-1.4768257100808313,-1.1267382474959726
23889,2.5959467376402574,2.12567398368024,3.105391968671864,3.416362367669711
23890,4.705196643710604,5.49258267504489,4.879792528735631,4.1468761819214635
23891,2.279802453400077,2.16369942472726,-0.0009547435986832081,0.12478037684119647
23892,14.193108991444102,13.6745551818244,13.402509732572115,13.019920029519513
23893,-16.89862968819171,-13.2783703559096,-15.908430889624164,-16.74198562868094
23894,-18.881577748492727,-17.2275428942486,-19.493596400803444,-20.600896865046504
23895,-8.687549704373733,-7.01686555782301,-8.078940692272266,-9.011437927456704
23896,-4.4146352543975365,-5.56961250743543,-4.8467307376125275,-6.222369708732275
23897,7.08228061519673,6.7261009093904,6.446058472074094,6.564130638192288
23898,0.41060963689361046,-1.65741488299644,1.4922139851992415,0.6909143511212544
23899,3.574967806279847,2.72545520231793,2.1535449162752145,1.8155110847152223
23900,4.701286111029159,4.21620309151782,4.2414524829663085,3.6006988583434736
23901,3.0951885046508227,3.2967188939435,2.961411994871341,2.946850169659064
23902,0.4450311759212586,3.17534836291551,2.0003580599662656,0.49624227344950944
23903,-0.8208659789616471,-2.25302011590787,-1.0896174173353905,-0.9946403729904072
23904,17.458852748380735,16.2299687546828,17.64835055964075,16.465915437118074
23905,-35.88079286853197,-25.3700487928831,-30.624617755835914,-36.37408137702923
23906,-5.927547708765804,-3.18158837538087,-5.36871591308298,-5.22778411279571
23907,-5.603191488722534,-3.20907117237414,-6.053823643984221,-4.398650625359482
23908,-2.1235861701843954,-2.26063271687998,-1.6595947506561681,-2.0053276331471612
23909,-1.9940059386038766,-0.835946957588755,-0.5853634480620153,-1.1875870076084825
23910,0.12806988644847192,-0.55677954088256,1.881827811633017,0.6178711060430361
23911,3.6728088204243066,6.23486996336996,4.2744550880626235,3.2851980739301316
23912,-0.28062108522813717,-1.43428457479324,-1.1228433762259051,-1.5833241792725161
23913,1.380533138578136,1.25988973632205,2.3709197177816326,1.7809213832419628
23914,3.8557386782976737,2.72309263921478,3.455107049267063,2.679716883301912
23915,3.0126023452074833,2.58671000771786,2.6170804946447817,1.2983144660602948
23916,3.8673921488401946,4.42502719209362,5.224362822165937,3.786610354519626
23917,-4.817569343842652,-2.5004130509586,-5.0809752817923535,-5.5892926946930555
23918,1.7898460306299089,1.03841775534029,2.314230263453045,1.6573797195708073
23919,3.9271499416475018,5.26738886648098,3.0781343742238487,3.5258463627168966
23920,-0.596568436374944,-0.0764940343002326,0.25958581129807684,-0.270151249661878
23921,-1.99824847232257,-2.04698374791406,-2.254543748185777,-2.1606391259775894
23922,2.653254326072378,3.66395473889198,3.696479873559105,2.3983430988303116
23923,-0.4989659797509729,0.731348864172126,-0.5889219454604709,-1.0102578307130543
23924,1.6149477241092554,2.76670672927808,2.251861113480016,1.777110127797225
23925,3.089151891046237,2.46865665009042,3.468344917217964,3.3153685746976995
23926,-3.0297100098758762,-2.24531734312099,-2.8795211957853466,-3.4731276279776346
23927,-1.688259470834153,-2.42878089484413,-1.543663244044046,-1.6501383783828858
23928,6.016337376697802,5.15355623388078,7.170427846060989,5.680192865081799
23929,-5.172619187540209,-4.5050871177258,-5.279870010537772,-5.817254275899716
23930,-2.82070222262811,-2.32914254445086,-2.421978493708014,-2.3923197746032883
23931,-2.85017230288208,-1.44186065196346,-2.8142970233088214,-3.464467978788097
23932,5.637670335403317,7.18525473890271,6.720381373517127,6.7288587219129985
23933,-2.6953426892734997,-3.31555137730052,-3.472202586520947,-3.6129130359646275
23934,0.3121504904262454,0.744329032380377,0.1993683637705218,0.5493458894785865
23935,2.6368069256105047,2.62428463443162,2.915199037869281,2.3542948482820956
23936,1.623506289032603,0.78090925688614,0.2622837209302321,0.4140953887324698
23937,0.3251352772522835,0.972200719186254,1.140651995531044,0.6868812640091791
23938,4.021607493160524,5.71969439631967,4.843060153768908,4.5750455368275595
23939,4.550130039709296,4.79331535668533,4.62747656297779,4.795335789021953
23940,8.731138788648806,9.75259354296577,8.534331246211032,8.361500927981687
23941,-11.649720309455661,-10.5488907241649,-12.28964436761171,-12.818701574234263
23942,1.8187909167291227,2.10417101876156,1.4400979436247876,1.4666919998873087
23943,2.059817575753466,1.66827045306495,2.5908334869986342,1.9335630397900316
23944,0.3256963814938306,0.214339413636324,0.5771361569322904,0.22770489409443276
23945,1.3178038967428787,2.34484498308764,1.3279352669329554,1.4819863474873018
23946,0.5489599092917453,-0.37483413668428,0.9520226529853946,0.6757057261951929
23947,0.6871841716638853,1.75902140651197,1.4473636127215221,1.1380371120159591
23948,-0.3203148801536155,0.331705566934681,0.8800000121623565,-0.4947970429027857
23949,0.3185188214917922,1.08047463657389,0.4047809221012458,0.32748103414341917
23950,6.222023896529983,6.47108810998179,6.2565519703459636,5.874200717955982
23951,9.808800682502,9.49677744903324,10.004548785317649,8.887364522402361
23952,5.269705418012812,3.58442799733959,6.216139304848629,5.321364443370438
23953,-8.794303625401952,-7.00478286162312,-9.387745870231514,-8.83726538255019
23954,-0.6246448532383277,-0.51061665574048,0.3655648083405828,-0.9194338758235882
23955,-2.5417911102249353,-3.22833003076367,-2.527152659446582,-2.797556032658173
23956,3.1557239781565625,3.63225075748678,3.3728654877570596,3.0235990500447563
23957,-3.876657258328669,-4.00734170542636,-1.3553984517996511,-2.0396076605556885
23958,-0.7136656703081019,-1.45629238104532,-1.081916322555513,-1.3260806594183154
23959,-2.6795780600164045,-1.67559047655882,-2.972073644515276,-2.332303342366481
23960,3.3968591422972003,3.09740814384928,2.7177970416097064,2.5079342329498604
23961,5.586649866886628,5.3357057472648,5.5289787999724584,5.36683765809959
23962,3.8818636263008086,7.11716226133904,5.311016559485532,5.101176695984036
23963,-2.120136841914092,-2.71714588931807,-0.9958301458670993,-1.4273378129206815
23964,10.156754906234328,8.55103530679053,11.401971345362767,10.562629476940979
23965,-14.490914146651082,-13.8669442625369,-14.622263834605995,-15.021366963860538
23966,-0.6431258068708867,-0.623910485905215,-0.2847463647843676,-1.2220904096295817
23967,5.717494835903539,5.81303563819638,6.094698894121646,6.273218944649275
23968,4.946134602639327,6.08318760988786,6.193976892648491,5.1332476001137906
23969,3.266947836943231,3.95822479464151,1.3682489911648374,0.3328536849069858
23970,5.918099904480057,4.9327748913527,6.388015217875767,5.68868171839226
23971,4.709348138324155,7.50472887131546,6.18093972688222,5.411534740185911
23972,-4.166215616206418,-4.72798095229586,-5.033584015705793,-4.080037999882476
23973,0.38152467937296963,1.08574687414302,1.2307681616832766,0.43900898238917835
23974,-3.6623460943871873,-2.49040533577844,-3.1050009540337715,-3.698645011052265
23975,8.99617852911861,8.78704517877331,7.781175891020725,8.222937909376016
23976,15.973814180673592,14.6683875033143,16.71023309471975,16.637227500817676
23977,-14.510117699859357,-11.4173975423494,-14.307850405552866,-15.052833913579697
23978,1.4807353347656091,1.66684096651265,0.34901789130252836,0.5770754497524129
23979,1.9228313476469114,2.92090257900361,2.706525522299008,1.3352470402654428
23980,-3.982207533752944,-3.11824660146759,-3.35643824455166,-3.392863873946165
23981,1.569569874453602,0.253191967663371,-0.08409270322678533,0.7246049165840808
23982,10.585644929307227,10.5154237622984,12.026869779071504,10.977582497948303
23983,-2.0800935936394604,0.0456460849608478,-0.6195530096919852,-1.3787480800123577
23984,1.880708291400283,3.16852485408289,2.422076499393311,3.012811956738217
23985,7.665363516275153,4.96719460835231,8.05044224965312,6.187385697661621
23986,-2.2255477351162862,-3.40244793900086,-4.391404337713746,-4.594543934874594
23987,-4.0266626672225625,-3.60302630864304,-5.574634218336841,-6.556885488323101
23988,11.66915748589381,10.2047457226055,14.104411161207867,12.057267484303932
23989,-23.667966547110105,-14.4304055148298,-19.2463032614772,-21.74563207075603
23990,1.092281457638474,0.21838871188566,0.9441889865633324,0.46449149115033544
23991,4.261769614714156,3.00981993378868,4.381304767677704,4.617493282475208
23992,-2.642273137229357,-2.0385183442846,-1.6882521351240563,-2.0651692903439733
23993,-5.48844011199593,-6.33186805970256,-6.224730794005627,-7.035643530859883
23994,5.456219887718002,4.66031618002024,5.842530648926238,6.283264810431268
23995,-3.9788324071152883,-2.90303075621633,-3.733995013034561,-3.7820949239398973
23996,5.494777047512471,5.28543136848255,7.343435334947113,6.496298857375287
23997,5.7725822386203,4.9104453916411,6.928858027212711,6.424327834812036
23998,11.96704348665433,11.5808174309045,12.555706048876992,11.691953738919237
23999,2.3711135007635735,5.51903996374031,4.760613580604655,3.17488504434485
24000,10.895335786974766,8.76457479136061,12.440133203180261,13.635152381956269
24001,-13.62504245257087,-8.33726655934973,-12.154224009993287,-12.051808612843939
24002,17.994330906298885,19.8806874569193,24.99713334630519,26.183653129878486
24003,-4.557584846923648,-2.57079146522909,-6.540231204455309,-8.8605598109706
24004,-9.486330141905901,-11.6834433980909,-13.486113173582703,-11.381017320844112
24005,-8.366821314680227,-10.7030989082757,-8.649118252513176,-7.4756123422800025
24006,27.281992483302673,29.4769646850371,25.296113996035302,24.892519118133492
24007,-7.655046735688205,-7.3713359621451,-6.997287882054534,-7.823400883546348
24008,12.645862270654165,12.2352155785047,12.720482818423982,11.780025969799588
24009,4.596769894177003,3.55509866523821,6.9567158705088,6.641699306833278
24010,0.22217704573658328,2.56098719639719,0.767524640471895,1.1472508917382278
24011,-2.5673941718659776,-2.54938989911643,0.9786769584993971,1.7616510237694967
24012,15.462077033829805,13.0922604773698,18.254543498388237,19.99839852833517
24013,-63.36411707307599,-78.9469960585912,-80.743003272483,-78.74836656169535
24014,9.30109655413285,17.2131564297686,16.846292651938015,14.858124924997993
24015,15.676678619902018,17.6806593787928,17.69604111564334,19.0989788157726
24016,0.6398192635009025,-1.25267573296429,-3.2333707704361463,-2.3557827637563835
24017,-1.7165608105703594,-0.284551080622769,1.006890952512294,-0.24688719763946224
24018,8.649734820498828,8.03829685307254,9.910499138048053,9.246224848233851
24019,13.755397039922471,15.3345073275122,14.208168904106303,14.652728853201094
24020,7.755823628871215,9.35496697204718,8.371206782431955,8.324094429287397
24021,12.22613258967567,12.4076982449544,14.141397259794857,13.526985775729623
24022,-18.487807340662776,-17.0383570565831,-19.846934288788884,-20.75279029700773
24023,-12.864824668342775,-12.5221351555648,-15.357524358684712,-14.271790067900131
24024,-6.131707769277599,-4.29630525083922,-6.875453486758815,-7.123626152999139
24025,0.24399860190597394,3.62584290893357,0.004425633277257632,-0.12593426380167333
24026,14.22177624854811,13.3895464972025,12.1071222572764,12.893735636959539
24027,-1.64065635429347,-0.351395822285204,-1.4735981348257625,-2.036990543595897
24028,10.487332528470194,10.1175796620064,11.208739694537867,10.12066310891421
24029,9.596241140165484,11.7165516544825,9.51171236866832,10.21501451235362
24030,14.027575889611821,11.9217357382147,15.609326359826376,14.974960085973557
24031,0.9936073677202534,3.31637987746501,2.6489244831730763,1.4490627100940965
24032,-1.0609801886867734,0.17435248184488,-2.0775425613633374,-3.2215383319329502
24033,14.160056893313092,13.461408632575,14.029105208592913,13.846896254672547
24034,-7.360725443289459,-6.42693526538066,-8.358251020153588,-9.279073364897261
24035,-37.2132186182319,-32.2803628110484,-36.657464082998935,-39.10499111405006
24036,15.936128630879784,14.9111889244618,15.509642550866081,15.260926402459088
24037,-5.781377836161758,-4.8215148926416,-6.312215066335744,-5.377847397653357
24038,3.5671693929229407,5.03850686138564,4.17238690861176,4.204564483522813
24039,-0.6161843823276326,-0.536425280271109,0.8228314788251367,0.1507694395085783
24040,-11.689409704083102,-11.8073205581821,-11.451511385149805,-11.878270280811053
24041,-31.04571010585732,-32.8268037394928,-31.32479916525883,-30.162189824321434
24042,-7.205220781341448,-5.96608185278621,-7.749406258499842,-7.976294629432791
24043,2.2925611867617133,4.99150027877199,3.526097686500672,3.0424085787053823
24044,-1.1171087998715052,-0.497776977526795,-0.45560216363878664,-0.46298991923320415
24045,-5.441982628544539,-4.57814934415145,-5.141544211753339,-5.091950506663684
24046,4.332614548303311,7.053442227321,6.155583257058745,6.229241715979474
24047,2.8181890794212165,3.9308632537724,3.5106608450015617,3.211054350753753
24048,-5.373529177338108,-5.59731760108647,-4.781682694595435,-5.2800182089382535
24049,0.4603491094765784,2.996331300382,-1.9156296606524237,-0.30688193953528015
24050,-1.3485979394875767,-2.96085879605523,-2.3016869550136203,-2.246245650828258
24051,-1.7141713220498556,-0.838845364572894,-2.166683044098866,-1.8022686688113874
24052,-6.400878920123586,-7.02783325937767,-6.979274145493044,-6.097673273284018
24053,3.876892381882631,3.34288764221992,4.0412437094472455,3.88597220520306
24054,0.024167860851708953,0.219003545107582,-0.09254182887033294,0.4203440274040034
24055,-3.0058394538622486,0.392620455262565,-0.2575242473500952,-0.8940964512155078
24056,0.2838835357374547,1.44020670344897,0.6530041312586686,0.5308327785250856
24057,4.744810144898723,5.6170496646278,4.703610287750069,3.944466485170242
24058,-1.2672594971553062,-0.983548433179343,-1.9125908685968818,-1.3807713427893105
24059,-4.7469470118135595,-3.09352132549169,-5.378931002207062,-5.3660134477844785
24060,-7.321207900333075,-6.71804642844487,-7.9318103139013445,-8.074549271990081
24061,8.040549442741389,7.16731264213472,7.605183827715356,7.575800609130321
24062,6.54470848481661,7.51569932527359,5.143551850355528,7.207910965640975
24063,4.300207589613601,4.41305909997006,4.888914367275047,4.929760306675785
24064,2.5641657787895387,2.32188442622951,2.9264702206701076,2.90631356041316
24065,2.0842374033752784,3.20319502601775,2.7707332372650773,2.265853252457903
24066,1.7505581760011606,1.15819862847107,1.541689954954955,1.366163523131163
24067,-1.2572194004347683,-0.0897747054490399,0.046689395775084686,-0.9047290291852852
24068,2.8194195714874404,2.81906892661081,4.121858122171945,3.4589370349734394
24069,2.2703197328636726,0.897646998403132,3.373462572504011,3.0292545557933965
24070,1.7239310336788716,1.37044279835391,1.777663589252433,1.9695463070696404
24071,2.9228338979613993,2.91158503609951,3.187964520327935,2.2722513342225414
24072,-0.6101925659302988,0.297867264229032,-0.6299815910896455,-0.6165588165494084
24073,0.9560168578902448,1.68375987443811,1.361413501144164,0.6030344984022084
24074,-3.28860716983101,-3.87616727713812,-4.387990703631001,-3.6665199833403097
24075,0.18647609128956247,-0.515750781967944,2.0463048307353167,0.7854978957105005
24076,1.1181354930583678,0.8331789598691,0.5874652173913043,0.7928065569119505
24077,-0.3176715395067087,-0.672940068078762,-1.0802676352420117,-0.9705319926751647
24078,0.6749393238530031,0.627784666446976,0.8457451395878582,0.8612280889197139
24079,0.3045957704431607,1.5508212782707,1.5519610043282714,0.6708134538925099
24080,-1.0342772301201701,-2.76921680782331,-3.1649669257294706,-3.098372200490034
24081,0.7929228169698408,-0.762167454244694,1.3836448423494674,1.3969147673603555
24082,0.6071554633180094,-0.434351104142652,-0.48180718860984306,-0.5067935581860319
24083,-0.8600317406532743,-0.0262803226998409,-0.5097311070501616,-0.6092408073670953
24084,1.0315285988852574,0.102010841109149,0.5077167546395207,0.7874882060818827
24085,-0.28048239455933816,1.16205592507375,0.8864834674773989,0.4432702143199745
24086,-1.3989383064600742,-1.20085634808789,-2.328982867403285,-1.908613752137037
24087,5.04196685543675,4.68942540176419,5.138149513840178,5.550021812841449
24088,-1.1654546959638847,0.28995733480761,-1.2425424593967522,-1.1862004921277436
24089,2.739592437273067,2.45328612348591,1.9456238219952182,2.7169230902073602
24090,0.266702748295017,-0.0189908791390582,0.1722248684354187,0.4258796322574071
24091,0.866661646977295,1.49980203219623,1.348333810495371,1.467590047020223
24092,5.432924216312119,5.90308951445717,5.514859646364564,5.502760766486657
24093,4.359522330248371,3.05423660860378,5.192608788598575,5.263511726599079
24094,5.288245248246588,7.38117946274255,6.008145566211319,6.148428011463817
24095,6.178007327336066,6.00340341269773,6.443963932978629,7.0647074516857185
24096,6.143884340498967,6.89112332518243,6.281088838905011,6.054088744551003
24097,-13.349886858706,-13.5822826552463,-14.186425032204635,-14.800106447477756
24098,2.821663274542693,2.62726460572474,3.0837308056872037,2.0088385328782596
24099,4.590486993270417,3.70457334420274,4.766048294600137,5.090296582034305
24100,7.692532937102338,6.84506203046629,7.9778848326445075,7.160578853386128
24101,2.3072866118361817,5.51889407443706,1.3176267051580397,3.4402921318556317
24102,11.554001798742307,11.1740325400861,12.53907965696239,12.68282071320195
24103,-0.7834630390606023,-4.02201915619358,-2.6860443708872705,-2.5485041947771347
24104,-4.101843439953416,-4.55702885693364,-4.262993794167298,-4.200120725025472
24105,1.8678071984263338,-0.104252337336003,4.309929227053138,3.1978040317322063
24106,3.693236256972038,4.92501120098039,3.8688099669092564,5.613167431067435
24107,8.016782653995637,7.35867041297717,8.46673522167488,8.502938319232884
24108,3.8074994461522094,8.1216225270708,0.6938455974238202,0.5564143617494456
24109,-20.36024622272537,-21.847863334119,-19.254380161624006,-22.10309647967963
24110,5.766959209722286,6.66961426663437,5.815648359355433,7.531716244772908
24111,-29.09154767852371,-25.13817448021,-31.711226799665777,-33.817347528185955
24112,-33.930587501727175,-37.846541466905,-36.172865382706064,-37.7312631186538
24113,-22.054995608263987,-19.9742152898388,-21.92761089818242,-23.25464036418829
24114,-0.7793400526190964,-1.13509072646104,-1.1591356097471057,-1.46959047429012
24115,-4.893255395976998,-2.1082013363029,-3.714421229848867,-3.0861344857484108
24116,-27.964076065121667,-25.3463167045455,-26.772245285359798,-27.4611830851277
24117,-10.949128301678398,-12.5893919863566,-10.15735650880362,-10.636529374799569
24118,2.3588600026028703,2.69507488840995,3.373165998075875,1.9590164739830507
24119,5.844881906124857,8.98470807483202,8.693188664987407,8.104383656587682
24120,-0.1357692934858011,0.792086225952217,0.76394086366319,0.38162277141064116
24121,-11.44775644282124,-7.62777218390804,-10.72974107142857,-10.786157873656045
24122,6.7901926397662775,7.75792954369683,7.506718331481468,7.4404804946030385
24123,0.8447571130620113,0.863193432153548,2.1425738072808023,1.466027641754468
24124,-4.977388656033691,-3.35024060815955,-3.5830250336464684,-3.8523238056609976
24125,1.9057911695645944,1.69286352369591,2.604091324266285,2.502361731225188
24126,0.4143380241447674,1.01715645325229,1.0549166530809604,1.1938677672862437
24127,5.29459637105715,3.06970618572834,3.7722648225433955,3.5967166862109177
24128,-1.6680197212963839,-1.35642039189236,-1.9218604238160601,-1.4014614109330872
24129,5.627944614852406,7.07245256355141,4.333389462707251,4.1283588145955985
24130,1.3482698386735201,1.95585441527447,2.659166666666667,1.4647042209450127
24131,7.993378377739828,8.1063323778402,8.962709711615101,8.614889377297832
24132,-3.371812674951403,-3.31041427959939,-2.6434956442870887,-3.6173233729459153
24133,-5.418476695179023,-3.58037901214813,-6.0236375232649895,-5.422669555618262
24134,1.2428778149899784,3.0652829002194,2.596930234927701,2.9557539747071506
24135,8.093273309992997,7.19064080633975,8.8282123770916,7.93412241839639
24136,3.1793703140758347,3.29498714595036,2.9432821434866914,3.06317067369767
24137,0.9015050087584383,1.10316639443212,1.251135205270468,1.124330759884914
24138,4.896341319213737,5.45114978187313,6.000667797796306,5.568748122565624
24139,-1.8655672539278207,-1.47984860167655,-0.8659872516759006,-1.7776588886248779
24140,3.168418350620556,3.69250241876544,3.1860152238650405,3.1736644740798194
24141,-0.43932439907203025,-1.44623497831104,0.0894642584688049,-0.22691970560304217
24142,9.88863247417651,5.72241366706059,8.208758253808806,5.927978795359992
24143,6.799451104499794,9.29949598052922,7.377034185236768,7.63873052042412
24144,4.12915837168779,3.91398926502566,5.348378488700565,4.568418846326866
24145,-13.651850336321274,-13.8192549130852,-15.156079557861995,-15.065362403293303
24146,-0.23344660685055627,-0.226917583359449,0.2114999999999992,-0.22941677102037727
24147,1.8224092065671562,1.59266930946292,2.784180888161832,3.050112280327748
24148,2.6670734075544056,2.77236318231067,1.6738568265508451,1.9944572130372027
24149,7.063473031722118,7.16688860878207,7.392201890603794,7.151278352236812
24150,2.932350028644169,3.42099510762175,3.568353834827145,3.4031567312688424
24151,2.555522264453688,3.64243909535571,3.4440297912867934,2.622955399550343
24152,2.1700453326362448,2.05302047189452,2.310361613930635,2.2173209239471747
24153,-3.569603640700843,-3.98590721985285,-3.751225925925925,-3.8607550299391584
24154,3.8545730561924416,4.54522402305642,3.9136758456486045,3.7648748228335487
24155,0.8680894657590513,2.60945286914133,0.5540571014492756,0.8000418543929155
24156,0.06992242734049345,0.656468744924055,-0.5869686878446138,-0.7947596463706568
24157,-2.385861785125086,-2.84369720812184,-1.682178345354901,-2.166944724227349
24158,1.4140726472157814,2.85326403376041,2.608835110623879,2.441996563379062
24159,4.395656118515056,3.37915903181183,4.844717098943324,4.53626823233943
24160,4.826291143414992,6.63894362005905,6.211309027986007,5.523991736930616
24161,-2.8951776257255717,-2.11618369961906,-3.9579539651150992,-3.4886258129754704
24162,3.9698979221178257,5.49679732988157,4.774911380432572,4.459979866674041
24163,-3.8280389364916503,-3.17335333333333,-3.135291625866991,-3.4200443059693932
24164,-1.1937761552826573,-3.15800332614795,-1.7276174409177159,-1.9034799798279736
24165,-0.8850461787878369,-1.38106656824148,-0.5648558462532288,-0.014681723733623217
24166,1.0200516299426576,1.78299645978197,1.4423193459840076,1.3649253169784337
24167,-0.12908669480217252,2.82679304151807,-0.24881229013393666,0.37082863515485665
24168,0.7215289734969943,1.70926634449783,0.0691368757591529,0.5728628021180587
24169,-4.569303111779215,-4.28502926685085,-3.1306571929824565,-3.6944887588942814
24170,1.956564501268258,0.999824995145039,2.2614458823529406,2.1411983352362234
24171,-1.2570836304476605,-0.145736450669309,-1.806742565311854,-1.5224805863811923
24172,-1.625775719537996,-3.39954386380459,-2.401244235728416,-2.162028171410384
24173,1.7341952693395661,2.49848620755307,0.45411948740841895,1.0339028384067062
24174,0.45737928718479803,1.78973991470582,-0.9439627815918388,-0.26948436939484655
24175,-0.9566812024205099,0.460785051546396,-0.32314091443822124,-0.8061206279392217
24176,2.6841551448502936,2.63988519662467,2.9231728365926886,3.0445119778491696
24177,3.9164053361283266,3.90081036112712,3.533963924357244,3.828218970593009
24178,5.24350516466854,5.46417621483376,5.123145178540625,5.238880253425533
24179,1.3636070929218682,2.29931727071897,2.4935117647058824,3.1602977049591066
24180,1.5041764858895719,-1.09665208739598,3.8203357373024396,3.3017341143428776
24181,3.4752236867904256,5.26897221415944,4.529736814440062,4.191735045476239
24182,-6.454583370526517,-8.86354866015677,-7.270164414387454,-7.532554011258309
24183,7.256366652902891,6.76675041058143,8.537403541619671,8.618519928252951
24184,-13.26872473850538,-16.1720328130823,-13.602512064932798,-14.112098474502135
24185,6.781239547792378,7.0520711542278,8.247680403458213,7.467182137982002
24186,4.372509990894541,5.28533055446219,4.698386423321291,5.180339761066694
24187,14.84776193968683,15.3604968640351,15.373203276114106,15.820280500999703
24188,-7.010204445523676,-6.74298191218663,-6.882076249873236,-8.483313441129209
24189,5.979923372515284,6.43278186700211,6.741110423197492,6.801073065055229
24190,0.3102498506148246,-0.873736408977554,-0.5425644205118069,-0.6848867907071121
24191,0.38891090493159675,2.07969434235044,1.2716921186227699,-0.022961503038169843
24192,5.998273018251621,6.92764379990254,5.892077298850575,5.069104603907584
24193,2.750643691894738,3.02543085071274,1.4838465218827424,2.4799806284558077
24194,0.9963459328038012,-1.16983760029227,0.7479953381677017,-0.02328225348658368
24195,-11.675540081441023,-9.9688289992148,-13.742295759233924,-13.867963315893872
24196,-8.600301436285566,-11.7135068006885,-9.852054111654713,-9.29757790530461
24197,7.77718495846216,7.21063341616098,6.8820749065007485,7.03793102906351
24198,1.0805129346141427,2.65585810429923,1.0768439858148773,1.8435280562565641
24199,-3.0759449921068773,-4.04839338653995,-4.055393593437306,-3.6831075369267747
24200,-6.128374909613746,-6.3208950382317,-6.725909228039042,-5.573546402104624
24201,-2.1229859570044534,-0.0231362110033237,-4.7027132109813445,-2.8283658917957046
24202,9.066384569009916,6.92672341363117,8.165655408753098,8.163269644497822
24203,3.3789934721489536,2.87730058625286,5.477052276585892,4.051608158484765
24204,1.8362667717749797,1.8067154658747,1.666891176470588,2.1198473577958996
24205,-5.5279796780920005,-1.29343227462572,-5.482667417067743,-6.110764140454913
24206,-2.247476464361817,-3.58142713145711,-3.299417441860465,-2.5172861500893706
24207,-0.744907369641445,-0.518255522759733,-0.8848014992191566,-0.011212161050172878
24208,6.468184413721197,5.69030127877238,5.836344741454103,6.268309178559821
24209,5.827966406541874,3.93942040646477,7.790129282875563,7.426297682570169
24210,-4.994404923737425,-4.75717161167486,-5.876503725392365,-5.813800157938287
24211,4.076250200838767,5.53283787027882,4.035677510377108,4.5581850681354155
24212,4.261919547440246,5.1535004246568,6.074072528843972,4.781547054825986
24213,-7.529315160836765,-6.25450948555506,-7.063772072382364,-7.828069777175073
24214,4.362315454280523,5.01627470873847,4.719675543869506,4.219960246986356
24215,-1.3068601985589903,-1.87959480121073,-1.8883589820359283,-1.2874033787923445
24216,-0.3936013331662877,0.0470822155189909,-1.3105428035178037,0.015660813991106325
24217,0.42825771026171355,1.3507914507772,1.2455406791326264,0.8363634999046391
24218,2.805706254983755,4.24831136450174,3.868267964071856,3.479119856128063
24219,-3.536371274544883,-3.27549199287281,-3.261806606606607,-2.8248892969283363
24220,1.522736679834002,1.95740207253886,2.2990995227726367,1.9400817813600009
24221,2.567715203791891,2.5446909397422,2.8822213285291944,3.1586871408390844
24222,0.9971926224624181,-0.188389794943176,0.521281898438772,1.474707607806132
24223,5.352404949474972,5.57811937984496,5.44007754491018,5.714458652805823
24224,9.23642801965557,9.4594059007833,8.941921678096007,8.886247029107247
24225,-1.9641384872056713,-2.8082470375294,-1.0344650129591564,-1.0499010445025136
24226,0.8689980321047147,0.228134115852844,1.1034807525624886,1.4395872799996088
24227,2.764880425370355,4.48090438649891,3.737648048048048,2.678626605785928
24228,10.112756696660757,10.7696811745583,11.085163493614097,11.410463232661067
24229,-16.276199575667725,-16.3655924841043,-18.518184211057953,-18.429536583163973
24230,0.6255433560830697,-0.222746017297262,-1.6790956810478221,-0.39545603785870675
24231,-2.3943821236910483,-1.29799404046748,-2.978485743447375,-2.1990782691123156
24232,2.216594788258818,1.60088586308926,2.084173198653199,1.654086563890909
24233,8.238432748264369,9.11609544768769,9.545813824103753,9.204897520114235
24234,5.810305757526898,4.93416368309721,6.7259818915300835,6.565788074048717
24235,6.000966280950523,7.30381201640962,7.9102861671912885,7.082488528563615
24236,3.4989669522919318,6.11511260191991,4.506245510796589,4.402420075201855
24237,-7.208156940635164,-6.88165241870401,-8.24020200675453,-7.959075746912952
24238,7.9073609606841275,6.69806967521218,7.203354270090986,7.433800601094381
24239,5.363796062929873,3.13313472646827,5.579645509389987,4.870139143189487
24240,-7.7999528966768965,-6.5193632388664,-8.204091161310563,-8.563534152588831
24241,-2.243706421173866,-3.71407085812441,-3.6549330357142855,-3.4165653552822284
24242,-1.2799104471169322,-1.19035423282903,-2.3781684884775918,0.3864485314722966
24243,4.0782985505986735,5.03050136578845,4.229052539499312,3.571121194056919
24244,-17.15323931660161,-15.785110188209,-19.185559469013786,-21.210153967291255
24245,-4.968879510754557,-1.96683619618111,-5.215743674698796,-5.115376896126433
24246,-3.5948423351997794,-5.94526666712594,-2.9866187229437235,-3.9594902260321105
24247,-2.1727108575700855,2.96342495262995,-0.921059376742011,-0.6129743018227602
24248,1.449527140158496,1.71544282545265,-1.638998805818918,-0.8089353137089959
24249,5.980057427538559,5.77893912216074,8.305494621087902,7.309430837808605
24250,0.1699295054314997,-2.07409244829493,-0.27792132042221834,0.21758267228503048
24251,-17.564875714489972,-20.7837180818923,-17.952341791044773,-17.570969710660123
24252,-9.52494842301376,-8.37241160235456,-8.97225177162581,-9.119023627857166
24253,-3.860214219811855,-5.1509647044803,-0.5930677514792926,-0.09506956568959557
24254,-11.42271937199495,-13.748609573987,-10.307892011834321,-11.091406219702254
24255,-3.904462835289033,-1.22060954366518,-6.465104142011834,-3.9791100318772332
24256,0.8701909155561383,0.635643465070201,-0.43894267149589794,0.5920721829210704
24257,-1.11520115874325,2.24345124970937,4.318809494122309,1.461203287977858
24258,4.488564188753313,7.1892110168178,3.230704691836414,3.76701341444434
24259,-0.3353480264288375,2.79795939849624,1.828054437869822,0.8766080522894312
24260,1.008734096203261,0.513303369861807,0.5459343195266274,1.2761819250655393
24261,-0.3857218856190258,0.991230664687071,0.006411875527554192,0.5772183293359313
24262,6.021035875838946,4.2815262374462,6.028772455429706,6.07493871906725
24263,6.746450006988669,5.91224057769522,6.195655413717558,6.76609418227565
24264,4.813161607187538,4.83189507900596,3.7898250121483277,5.300474002831493
24265,4.687083093059172,5.50727562483235,5.156117798857104,5.8677103474741275
24266,12.00152087521053,10.9555467130413,12.649518394227744,12.151009574502087
24267,-4.933986738240092,-3.9088900198936,-5.706682964850366,-5.641448312173045
24268,15.784618714919574,16.8981603718988,17.289293468458073,17.687612139890497
24269,11.029579954941136,10.8204749235417,9.344695405405405,10.069258218326167
24270,-9.998465129246643,-7.83504613173761,-9.652144501893698,-10.132809283733424
24271,5.291614685127243,3.17339972514005,4.013407662211084,3.5395228829453314
24272,-2.63117746999138,-1.4467384416253,-2.1146218878007756,-2.6022379632030965
24273,9.93395189498446,10.1231005834301,9.556527578274343,10.28583105229154
24274,11.336442922053301,11.7802887257187,11.948475208484409,11.679617941614294
24275,10.277388626708987,9.83166525902555,10.13903757160759,10.091837573251842
24276,4.525250750479084,3.83960499510319,5.564009016039797,5.931640179507754
24277,-36.04292666568636,-36.0502006799653,-36.671008422770235,-37.66215800032768
24278,10.105496831187278,10.0878667732101,9.910741117870053,9.9711585204696
24279,14.049883492015026,12.7410372007003,15.460795864137125,15.703347124478286
24280,5.635390388153069,3.22229740402249,5.737608664534796,5.789440383988695
24281,-0.8467646600495297,-0.0044866878096629,-0.9982498301941173,-0.35869903855604096
24282,8.074877416342288,9.22822174538985,8.080570387163405,6.891356552905356
24283,-7.198773374287754,-2.99775219562408,-6.889494271864373,-6.212324837928346
24284,10.861151320723678,9.28403260971054,11.336231897435898,10.373193978213923
24285,6.679128476278399,7.07362156423454,7.348825075497239,7.448641315385195
24286,8.351785903898474,6.11333732382291,6.462266344211347,7.162880949419431
24287,5.57736849083191,6.66338627936643,4.978009289433786,4.502983050807666
24288,4.222621354781383,6.50232283114257,1.4906255037034564,2.8484707504789477
24289,7.854386569375499,6.39046141917799,7.671791095396749,8.052416856077766
24290,3.4744535393702933,3.90906960217348,4.0518377732498525,4.12768988896314
24291,5.500121307294042,3.85967174904042,6.29090695602782,5.118278209372389
24292,2.1046124380836724,0.633595095948817,2.829814892220919,2.9619453754181198
24293,-5.896099009309552,-4.57974757233685,-6.934069602544614,-8.930549867839126
24294,8.815085414378327,7.21567650543855,9.212754000516195,8.386662228639572
24295,7.0250182889468675,6.03341647426647,6.538507163553018,5.35846813943956
24296,14.060973590689215,13.1859576530563,14.901022142893275,14.673208322125742
24297,5.269019428568128,5.81150217369583,4.38313958357823,5.504123642622249
24298,5.102296046999609,5.89246245027483,4.854430259932063,4.444214601406917
24299,6.885743575359217,6.06781908677629,5.3658415036583555,5.833916942250824
24300,-13.313192728400836,-22.5286012578235,-14.695042354382448,-12.799255336981977
24301,10.970091363628631,,11.238972750306186,9.647041308390559
24302,6.376634727091801,,6.405967021350473,7.145367595146402
24303,8.4324916911759,,9.010878352895146,9.243029111953877
24304,1.8933896242700958,,0.45750080531885023,1.5390326797726677
24305,1.5187461371564523,,-1.7772377947686102,-0.6119742236891134
24306,0.5127786924984307,,-0.21119286887093108,-0.5216060228248253
24307,-9.179115186116036,,-8.984704879703147,-8.649390843989984
24308,-0.16887528303492866,,0.3613824696784701,-0.2419868195165172
24309,-0.7765470512578508,,-0.6499073974627428,-0.1184521342553475
24310,1.314676543968019,,0.24506422240259743,1.855643195404362
24311,3.1532766361125444,,4.111467986467861,3.8178842103441237
24312,15.513391437513821,,15.29758530281135,15.574637500240119
24313,-1.9220732648061056,,-3.7654297589655092,-3.088683724811217
24314,10.994635420462235,,12.13845038393084,12.879345762202313
24315,3.2146481486315555,,2.8760050374022446,2.619982785273928
24316,8.494868687727449,,8.235727469370657,7.018141151129731
24317,-1.586995344844402,,-2.932543235156616,-1.8823146040020753
24318,14.642694124563405,,15.99642615271496,15.191278844419042
