signal,in_sample,post_sample,post_pub
AOP,0.35601826581640983,0.3546493050910091,0.0036804387088701564
AbnormalAccruals,0.5331654459476943,0.07704985019956621,-0.1514351610676957
Accruals,0.5564751299693197,0.7336443720567546,0.0973708761948828
AccrualsBM,1.3602827917409805,2.0905585219320577,1.0071862545654262
Activism1,0.2402973011435394,0.027482298321810063,-0.2181558215175629
Activism2,0.4383249726952884,1.0316545708858098,0.7766220395118186
AdExp,0.48801014798397474,-0.022684317149250382,0.3883805256325242
AgeIPO,1.6107858657134897,0.34310844755856784,0.6917207155724511
AnalystRevision,0.9612854729837959,1.1774629867300783,0.5563362169720499
AnalystValue,0.21135496199705517,0.3653575480982573,0.30776984806177754
AnnouncementReturn,1.125520635336179,1.3435689123795953,0.8109836014095135
AssetGrowth,1.1052873838237873,-0.42731517055837487,0.6108540150264933
BM,0.7997339528663789,0.8546581848757575,0.5680386177056359
BPEBM,0.22171827156468352,-0.11668312751756577,-0.033125337619529543
Beta,0.7014706238172399,-1.5769740076024632,0.19137614529512598
BetaLiquidityPS,0.15992884000169888,1.086532132523424,0.04610993476701151
BetaTailRisk,0.4116884030603602,0.03149379394623978,0.1592563427497003
BidAskSpread,0.974047516833996,-0.6528407612718385,-0.030834163026116298
BrandInvest,0.4267033406431454,-0.2673909447245959,-0.43777262608691525
CF,0.542597507721316,-0.6102165116021072,0.37088507240432544
CPVolSpread,0.9769581411100443,0.5802302627241447,0.4453906911785583
Cash,0.7249952209269477,-0.4158474277589455,-0.12193852725375394
CashProd,0.43083450257569095,-0.3656279030375195,0.24315774103544388
ChAssetTurnover,0.2305493963435272,0.17518950885332832,0.025911765517216863
ChEQ,0.506655093153914,0.6843168608876522,0.42526931558506254
ChForecastAccrual,0.3908688070145567,0.09889839927277519,0.10933609263465714
ChInv,0.696677052708641,1.2405246099275737,0.26535338749048065
ChInvIA,0.3629897376589036,0.39076026731162955,0.20540892872572278
ChNAnalyst,0.7785005372962202,0.3806796842529574,0.1518101118956326
ChNNCOA,0.2887184822788453,0.21677767606349194,-0.07195138416445335
ChNWC,0.2135362002688373,-0.03249837464404686,0.009567230934151811
ChTax,1.1601174450089602,0.32206809542991033,0.43209205365154596
ChangeInRecommendation,1.0485869264973169,1.1725769520972527,0.2626619270136755
CitationsRD,0.16190507912935853,0.3470859185321311,-0.005813335718444404
CompEquIss,0.26730007500712183,0.6318128600735794,0.3350364944269692
CompositeDebtIssuance,0.26543329829167495,0.44709983129552827,0.21930316232740865
ConsRecomm,0.5164989966932828,2.887484374831719,0.08928501846750653
ConvDebt,0.22735250161524861,0.339137861884427,0.3802061690211989
CoskewACX,0.28387148296480436,0.8026825759594424,0.3018007266489036
Coskewness,0.042302329995991005,0.039563548293549404,0.22841514569153296
CredRatDG,0.5935279642860986,1.3550306015819646,0.2794047767719442
CustomerMomentum,1.032743820762053,-0.19927773313726574,0.3811894101281433
DebtIssuance,0.17443069729108845,0.5535266010823153,0.14492318012579813
DelBreadth,0.6832617355122175,1.8909316811792714,0.325698391960002
DelCOA,0.4752435485895805,1.1543113527532407,0.09843802044076999
DelCOL,0.25002251340685877,1.0854738034055442,0.04807433250816797
DelDRC,1.6912112408913604,-0.04992663742937504,0.14565555712162762
DelEqu,0.5031480716884504,2.0378453800713725,0.23692482427467196
DelFINL,0.597625228154949,0.5878896829509394,0.20794106983964686
DelLTI,0.169135519396132,0.6550778552370526,0.11395558642444138
DelNetFin,0.4485387060377577,-0.4010240158452041,0.0444223165979486
DivInit,0.4239029246089076,0.39759350854389475,0.26957553382462063
DivOmit,0.6301947167957777,0.1811042504978349,0.8780171952437699
DolVol,0.8475493966294162,0.7433904826222921,0.33658082676971224
DownRecomm,0.599286711819787,0.9955768469809616,0.21227494986203113
EBM,0.2925073073119309,0.03459616399914635,0.1571480409330778
EP,0.4095882527500875,0.6421384735355626,0.22264758493293998
EarnSupBig,0.42701041845758464,0.1955948379346517,0.4705064705379894
EarningsConsistency,0.28207611652397213,0.16324891968631447,0.392765165246276
EarningsForecastDisparity,0.6467416586644956,0.11000202083563808,0.13900228530573228
EarningsStreak,1.1198403094748992,0.3776668948781912,0.6647275329380172
EarningsSurprise,1.2052781629622882,1.2075505453509103,0.387548703851531
EquityDuration,0.598883767672466,1.6448701367038139,0.055862765637834995
ExchSwitch,0.44659444574011015,0.8860426812841897,0.7708923863540826
ExclExp,0.030345410703949763,0.8209873540862185,0.04129914320976324
FEPS,1.0766467936425685,0.23191238337600037,0.6461873334045621
FR,0.29796253736246475,-0.4953499104743615,-0.4791304140430184
FirmAge,-0.04089826860200135,-0.2721376283132553,-0.14956328837307215
FirmAgeMom,1.1865454348150661,0.7913349353668826,0.773938612950004
Frontier,1.4770245497663113,0.6109852468453006,0.9060334240753752
GP,0.34072125803301107,0.2989206283895968,0.9985048622685881
Governance,0.5179682959720546,-1.6679049215451474,-0.4507179512548765
GrAdExp,0.251636138843959,0.14138077265426616,0.18770320088616416
GrLTNOA,0.27249375562572714,0.23529020072192044,-0.04082440418144191
GrSaleToGrInv,0.3245181707136315,0.38238896338211065,0.001822285614633687
GrSaleToGrOverhead,0.06542596562129653,0.11907536368298316,-0.12998571672221582
Herf,0.11165370974060593,0.2002045456190944,-0.3130235484294107
HerfAsset,0.10483465011471883,0.11225423689133883,-0.37430245564617687
HerfBE,0.1422334983229646,0.18794277524007183,-0.3393157816818626
High52,0.008022838473873214,-0.4119151973759278,0.19161830638268992
IO_ShortInterest,2.290748906726147,-0.5429186904761836,5.8151891927910055
IdioVol3F,0.5971983047141348,0.19300719741696065,0.26543672537433194
IdioVolAHT,0.23209580847234032,1.101741011167044,-0.006161646325306399
Illiquidity,0.3602170290961758,-0.3844951194981985,0.09982616371135142
IndIPO,0.6687946878564215,-0.046642951616764676,0.41672273749384076
IndMom,0.320361096062416,0.32072380516424187,0.46293840600338715
IndRetBig,1.5179196488814308,1.5460959688843716,0.6031072813082752
IntanBM,0.4019190383026403,0.09097895737222239,0.12412356801506559
IntanCFP,0.32001117325440254,0.320383732894243,0.3370034082003689
IntanEP,0.332112919755362,0.040777681312888725,0.254062510194227
IntanSP,0.5225065186134255,-0.1345058784640729,0.19068047983340766
InvGrowth,0.7626602604226662,0.23657812855656427,0.40582383036787323
InvestPPEInv,0.6558562102848037,-0.5394190506689974,0.1961733137527711
Investment,0.19709576725270572,0.07814626103850845,0.04132630925656255
LRreversal,0.784520058681048,-0.6401737802871976,0.42011063014665784
Leverage,0.3481389486543266,1.1523878824807507,0.33688907790290773
MRreversal,0.49814076367359184,-0.14572243142407718,0.2952630117088957
MS,1.1620578757517106,-0.15219856997291273,0.5062824740975207
MaxRet,0.7133736577878056,-0.06694588512824394,0.37046482781186996
MeanRankRevGrowth,0.430473933210642,0.042100391151896975,0.03436511452905375
Mom12m,0.9735751242461848,-0.19158812611376297,0.8572209713406274
Mom12mOffSeason,1.01916096596774,1.3450840397136286,0.919191720245239
Mom6m,0.5557059491792786,-1.1595500493710444,1.0010174701323993
Mom6mJunk,1.9104824896195836,1.5632439931636235,0.6844507871265934
MomOffSeason,1.1131406019343282,0.1550363550851554,0.38904325699744885
MomOffSeason06YrPlus,0.5695960029449767,0.8296120748862582,0.47368456155864663
MomOffSeason11YrPlus,0.24095274165592298,0.5690682513960986,-0.06538112848701196
MomOffSeason16YrPlus,0.2651547533271363,0.19209199455972434,0.2712530754775411
MomRev,0.7185807461121776,1.5785727587846232,0.08046820639009193
MomSeason,0.818490262079764,0.8549590280250692,-0.06211007729758205
MomSeason06YrPlus,0.7851967259056142,0.28594663527157826,0.1309690571615448
MomSeason11YrPlus,0.6044818755941671,0.24707028410587487,0.2654663030043996
MomSeason16YrPlus,0.5095894891811077,0.12168857921255201,0.5972224404212652
MomSeasonShort,1.0964028431940935,-0.26409694154069663,0.06026931142144146
MomVol,0.9145436399737734,3.529829064469874,1.35600121170434
NetDebtFinance,0.7185302878634665,1.040608291488578,0.39251287862171474
NetDebtPrice,0.5467213411727078,0.48554853138639253,0.1305345737522273
NetEquityFinance,0.7116735997307342,0.6988946804049456,0.9905277695405222
NetPayoutYield,0.5900977453825488,0.9422317327578976,1.4150473464118145
NumEarnIncrease,0.4876306656625874,0.5102925713802988,0.29617411761737167
OPLeverage,0.3326298933149541,2.7894040684872494,0.008221818750946661
OScore,0.6574339952337485,1.5219302104022974,1.101473756463675
OperProf,0.43893266842252465,1.1335836403166022,0.44176008047316057
OrderBacklog,0.22188588901069473,-0.10721748649852797,-0.27993082590943547
OrderBacklogChg,0.3623828682876827,-0.17251796735600614,0.7868694360969655
OrgCap,0.4646389045291018,-0.1169065689413511,0.1918468797775372
PS,0.786167802282156,0.8319748061939142,0.5996848940827344
PayoutYield,0.28170245184357534,0.4138368455070415,0.18427716777769612
PctAcc,0.4563911184468099,0.7187979503365538,0.14922976575842167
PctTotAcc,0.4665505780886742,-0.475868264404168,0.3820139517320954
PredictedFE,0.41227634268849384,0.1502604132168602,-0.03164217795847388
PriceDelayRsq,0.5561824505118903,2.043510037025811,-0.23686201445031363
PriceDelaySlope,0.1881506497445352,0.8888872680107406,-0.12779261422195481
PriceDelayTstat,0.15514992845223455,0.9008213310652958,-0.12233778003838182
ProbInformedTrading,1.6614716542224288,0.7762079367611395,0.5674394660364174
RD,0.7993492104867516,2.6271573179419296,0.29659722935919386
RDAbility,0.10441253281437764,0.054488161218683454,0.18786387065883253
RDIPO,0.8235045591397476,0.5119225694311353,0.6472922541491795
RDS,0.4171389891959342,0.04072611474636739,-0.11860752053574786
RDcap,0.4307621132596785,0.8668397368688212,-0.20715478538853876
REV6,1.1164336377637765,1.254554727840636,0.5813447019188761
RIVolSpread,1.045060952109228,0.38368883475110455,0.17469303325341448
RealizedVol,0.5149697348829952,0.5872758877713734,0.05378564524626536
Recomm_ShortInterest,0.8119460355504385,0.640307295979775,0.4283312561015312
ReturnSkew,0.5184263973810103,0.017491380745796054,0.29929790134534867
ReturnSkew3F,0.39326628015955256,-0.23838305695769949,0.2012921514202569
RevenueSurprise,0.6788242363477001,0.6395882336203691,0.3810501743778439
RoE,0.1437904967785446,0.34744831851308094,0.39885673323671356
SP,0.6424659996614407,1.4706167265055923,0.9214547450523035
STreversal,3.4632600313796864,2.9215900906141994,1.6521423482054292
ShareIss1Y,0.4496518488967543,0.43163148061609874,0.9706934397985953
ShareIss5Y,0.3342484265028909,0.5784034586348175,0.8502509412162397
ShareRepurchase,0.2766250150703479,-0.12115444036207872,0.27119281606109236
ShareVol,0.5805074868143435,0.07815485410657026,0.04745821391769676
ShortInterest,0.7611598290527166,0.5932854425571834,0.9886449885356482
Size,0.4967133669589979,1.0575097503186688,0.04123191346221221
SmileSlope,1.821287213974395,1.0102336597316623,0.8993675067800407
Spinoff,0.33748406135287157,0.1471880795113029,-0.009595466661657675
SurpriseRD,0.1019129533521235,0.18747987054715173,-0.03085098566633232
Tax,0.32110286089612966,0.7209405501086992,0.35955097341216347
TotalAccruals,0.3299768624759617,1.4475030714671862,-0.041103016174096146
UpRecomm,0.6520710993403098,0.9873225426755473,0.20970394070338438
VarCF,-0.6121994041067451,-0.10578331124055908,-0.05872427634104429
VolMkt,0.19772159253349936,0.3551260342710088,0.3896848630263246
VolSD,0.36818689199438387,-0.2029168372510131,0.03558421398402087
VolumeTrend,0.4906363442707392,0.9129983267241449,0.6969613255537908
XFIN,1.0960154696302178,1.2322961651482702,1.241834377515945
betaVIX,1.089992422494382,0.4271080854178079,0.21016112558415587
cfp,0.3745680530838381,-0.47687585149858935,0.9413419745418043
dCPVolSpread,1.3433018844157898,-0.06807484543536724,0.6922420723158824
dVolCall,0.875190177324769,0.16375601094788575,0.43232816444303673
dVolPut,0.3846302012647519,-0.12316042041476616,0.3379297939969773
fgr5yrLag,0.7593206655956346,-0.18636955049016046,0.012001588786602612
grcapx,0.4251615293929964,0.5439309521981641,0.1837606266112594
grcapx3y,0.48655389988773196,0.5231739531845486,0.06442992701275449
hire,0.5078709811520896,0.5473271358291707,0.15367817212042917
iomom_cust,0.4222731394386097,0.7492145141024672,0.04815066801551306
iomom_supp,0.6632542741681782,0.16842024414398615,0.03214546135774386
realestate,0.29624981416659124,0.21226916967548445,0.05734016363394222
retConglomerate,1.3859053248603428,-0.09668139405191904,0.2777702685279705
roaq,1.3017253654623753,0.704068324348707,1.1858723554745856
sfe,0.6857840541094895,-3.500452661714956,0.8213293978393468
sinAlgo,0.2626242438427024,-0.4613315728782899,-0.058918155961203304
skew1,0.638163920782595,0.455394299914101,0.20840162235561124
std_turn,0.5903159471006992,1.3182355001197292,-0.05851278670443527
tang,0.4470706976034843,-0.2181401391173776,0.11687036069963637
zerotrade12M,0.6668778122660464,-0.03335846284643755,0.16989255675909484
zerotrade1M,0.6152720205000235,0.16959818848499353,0.2524710356086508
zerotrade6M,0.6812331047754651,-0.04596294830535282,0.24825114930249645
