control_cutoff,estimator,n_obs,n_treated_units,n_control_units,n_cohorts,period_first,period_last,conservative_cov,term,coef,se,t,n_cohorts_in_bin,n_obs_in_bin,wald_pre_stat,wald_pre_df,wald_pre_p
2014,sun_abraham,146133,198,14,32,1926-01,2013-12,1,-11 or earlier,0.10832490915736073,0.15350678455456757,0.7056685440431079,32.0,87163.0,,,
2014,sun_abraham,146133,198,14,32,1926-01,2013-12,1,-10 to -6,0.07324932463207309,0.11908438241503368,0.6151043751210302,32.0,11725.0,,,
2014,sun_abraham,146133,198,14,32,1926-01,2013-12,1,0 to 4,-0.03492631676507816,0.11218648540918585,-0.3113237449028632,32.0,10812.0,,,
2014,sun_abraham,146133,198,14,32,1926-01,2013-12,1,5 to 9,0.12982312092971834,0.1634675261628275,0.7941829424909967,27.0,7200.0,,,
2014,sun_abraham,146133,198,14,32,1926-01,2013-12,1,10 to 14,0.08551474846723185,0.2059702180875426,0.41518016177895145,22.0,3599.0,,,
2014,sun_abraham,146133,198,14,32,1926-01,2013-12,1,15+,0.12422118268798032,0.2392495373498485,0.5192117989609103,17.0,4248.0,,,
2014,sun_abraham,146133,198,14,32,1926-01,2013-12,1,post,0.05385213262779128,0.12892347595435427,0.41770617980279856,,25859.0,0.505722143625675,2.0,0.7765757625926157
2014,twfe_pooled,146133,198,14,1,1926-01,2013-12,0,-11 or earlier,0.1571879613106304,0.08787675735389767,1.7887319246157698,1.0,87163.0,,,
2014,twfe_pooled,146133,198,14,1,1926-01,2013-12,0,-10 to -6,0.11083998130474565,0.08065633939043959,1.3742252889533417,1.0,11725.0,,,
2014,twfe_pooled,146133,198,14,1,1926-01,2013-12,0,0 to 4,-0.12338887494462107,0.0763939712971678,-1.6151650823943426,1.0,10812.0,,,
2014,twfe_pooled,146133,198,14,1,1926-01,2013-12,0,5 to 9,-0.02050787665553922,0.08910160753497676,-0.23016281325215004,1.0,7200.0,,,
2014,twfe_pooled,146133,198,14,1,1926-01,2013-12,0,10 to 14,-0.1387689539508739,0.123795756341979,-1.1209508148852234,1.0,3599.0,,,
2014,twfe_pooled,146133,198,14,1,1926-01,2013-12,0,15+,-0.26180990806851334,0.18289241214048238,-1.4314968292255519,1.0,4248.0,,,
2014,twfe_pooled,146133,198,14,1,1926-01,2013-12,0,post,-0.11962315567366741,0.07645782323865659,-1.5645639727444751,,25859.0,3.215785281631602,2.0,0.20030929323314145
2016,sun_abraham,151107,208,4,34,1926-01,2015-12,1,-11 or earlier,0.11290471536645813,0.17377411731672004,0.6497211271151412,34.0,92492.0,,,
2016,sun_abraham,151107,208,4,34,1926-01,2015-12,1,-10 to -6,0.040463107741723556,0.12150089320395738,0.3330272451067515,34.0,12325.0,,,
2016,sun_abraham,151107,208,4,34,1926-01,2015-12,1,0 to 4,-0.013621421939104272,0.10818232169714696,-0.1259117176024103,34.0,11730.0,,,
2016,sun_abraham,151107,208,4,34,1926-01,2015-12,1,5 to 9,0.23528878263744196,0.16972976637446835,1.3862552672012358,29.0,8976.0,,,
2016,sun_abraham,151107,208,4,34,1926-01,2015-12,1,10 to 14,0.1605778352100838,0.22420042415299826,0.7162244934046276,24.0,4571.0,,,
2016,sun_abraham,151107,208,4,34,1926-01,2015-12,1,15+,0.13813647956227823,0.2661896396300001,0.5189401050855549,19.0,5436.0,,,
2016,sun_abraham,151107,208,4,34,1926-01,2015-12,1,post,0.11190974575110937,0.1466253299514129,0.7632361051681371,,30713.0,0.5358235019397923,2.0,0.7649752864512622
2016,twfe_pooled,151107,208,4,1,1926-01,2015-12,0,-11 or earlier,0.16059512079374283,0.09618354602154572,1.669673529792388,1.0,92492.0,,,
2016,twfe_pooled,151107,208,4,1,1926-01,2015-12,0,-10 to -6,0.0849875902260084,0.08120596621051052,1.0465683026995178,1.0,12325.0,,,
2016,twfe_pooled,151107,208,4,1,1926-01,2015-12,0,0 to 4,-0.13922386557699673,0.07376318430591156,-1.887443809361671,1.0,11730.0,,,
2016,twfe_pooled,151107,208,4,1,1926-01,2015-12,0,5 to 9,-0.01732888862825476,0.08558730375669289,-0.20247031823221384,1.0,8976.0,,,
2016,twfe_pooled,151107,208,4,1,1926-01,2015-12,0,10 to 14,-0.11124789377553551,0.11471935598805454,-0.9697395249248043,1.0,4571.0,,,
2016,twfe_pooled,151107,208,4,1,1926-01,2015-12,0,15+,-0.29640351865989123,0.1687169027446238,-1.7568098621899113,1.0,5436.0,,,
2016,twfe_pooled,151107,208,4,1,1926-01,2015-12,0,post,-0.12725567992148365,0.07673840267135945,-1.658305040130558,,30713.0,2.9936522465036997,2.0,0.22383947281558875
2011,sun_abraham,138621,171,41,29,1926-01,2010-12,1,-11 or earlier,0.08554690397818139,0.12596978252400087,0.6791065465393039,29.0,75921.0,,,
2011,sun_abraham,138621,171,41,29,1926-01,2010-12,1,-10 to -6,0.10406711486668072,0.12094359639164409,0.8604599000817429,29.0,10105.0,,,
2011,sun_abraham,138621,171,41,29,1926-01,2010-12,1,0 to 4,-0.07273778702086546,0.12360677881660707,-0.5884611484681198,29.0,9078.0,,,
2011,sun_abraham,138621,171,41,29,1926-01,2010-12,1,5 to 9,0.054235487765381375,0.18468513572175108,0.29366460681001005,24.0,4596.0,,,
2011,sun_abraham,138621,171,41,29,1926-01,2010-12,1,10 to 14,0.09112523160672274,0.20025367749574358,0.4550489796056785,19.0,2627.0,,,
2011,sun_abraham,138621,171,41,29,1926-01,2010-12,1,15+,0.06945001463385186,0.27688897665363094,0.250822605772165,15.0,2808.0,,,
2011,sun_abraham,138621,171,41,29,1926-01,2010-12,1,post,0.0012221621077498992,0.11832907334417589,0.01032850231316422,,19109.0,0.7468294553313166,2.0,0.6883796835362102
2011,twfe_pooled,138621,171,41,1,1926-01,2010-12,0,-11 or earlier,0.14343763277458585,0.08364040383420696,1.7149323317341902,1.0,75921.0,,,
2011,twfe_pooled,138621,171,41,1,1926-01,2010-12,0,-10 to -6,0.14536774258940846,0.08871483555722634,1.6385956382192428,1.0,10105.0,,,
2011,twfe_pooled,138621,171,41,1,1926-01,2010-12,0,0 to 4,-0.1062860952377962,0.08820133608560099,-1.2050395147602257,1.0,9078.0,,,
2011,twfe_pooled,138621,171,41,1,1926-01,2010-12,0,5 to 9,-0.057677858445607216,0.1138337451847306,-0.5066850638359213,1.0,4596.0,,,
2011,twfe_pooled,138621,171,41,1,1926-01,2010-12,0,10 to 14,-0.14016444885480805,0.14918530243066444,-0.9395325583091609,1.0,2627.0,,,
2011,twfe_pooled,138621,171,41,1,1926-01,2010-12,0,15+,-0.29441843369793264,0.2310653771386841,-1.2741780587977245,1.0,2808.0,,,
2011,twfe_pooled,138621,171,41,1,1926-01,2010-12,0,post,-0.12689787947826156,0.0819401302117754,-1.5486658265039637,,19109.0,3.140625954767352,2.0,0.20798007910861363
