model,set,weighting,universe,turnover_pm,cost_pm,cost_cs_pm,quoted_share_of_traded,gross_mean_pm,gross_vol_pm,gross_sharpe,gross_t,net_mean_pm,net_vol_pm,net_sharpe,net_t,net_cs_mean_pm,net_cs_vol_pm,net_cs_sharpe,net_cs_t
huber,public,ew,all,1.2112588675944254,2.673983626844581,2.2446345658427904,0.986395676356816,2.8525555936281766,5.304425736814033,1.8628863762908852,10.20344890363575,0.1859996990803865,5.627810272798552,0.11448890896584898,0.6270815802475095,0.6141561238016164,5.295294174678109,0.4017716769318579,2.200594104222566
huber,public,ew,ex_small,1.2591032882666315,0.6875282251420859,1.2293966506520344,0.9657995840131994,1.1269766605090206,5.308060023962121,0.7354780564402507,4.0283792206238305,0.4413582359923296,5.345652331181664,0.2860099541522955,1.5665410356023062,-0.09900499944675788,5.312049565566765,-0.06456328659155391,-0.35362768452864907
huber,public,vw,all,1.4940520435322626,0.6898134655946954,1.2919330780075287,0.9904221376004657,1.2872202847049468,5.765050317735474,0.773464518352377,4.236439641314655,0.5993229676257922,5.748381193877057,0.36116527246889146,1.978183667187114,-0.001124090308116542,5.784762787913048,-0.0006731413533573816,-0.003686947036233938
huber,public,vw,ex_small,1.4426519776121156,0.49256389047159266,1.1121643624141355,0.9883781028989298,0.9969307128792732,5.1971736111842475,0.6644898845083227,3.6395609897921095,0.5057350554367682,5.193245302301695,0.33734544016124646,1.8477170724782386,-0.11214430408371198,5.219365394668958,-0.07443036375680415,-0.4076718919291659
gbrth,public,ew,all,0.9637715640366274,2.543601227392968,2.012421584927845,0.9817478519716406,2.576501925120411,8.394777394791284,1.0631925136875002,5.82334522717264,0.039966256692423534,8.635609369614599,0.01603212563624948,0.08781156855730705,0.5696704001506987,8.466326290612148,0.23308765638366646,1.2766736727734718
gbrth,public,ew,ex_small,0.9785030384207045,0.5460636335765717,0.9531431598354246,0.9465015482631999,1.140879859851884,7.10188576453851,0.5564893461008605,3.048017678707409,0.5963330697019136,7.100322996469133,0.2909386447548541,1.5935365858221566,0.19038431990489071,7.113650744367297,0.09271057207885078,0.507796716467952
gbrth,public,vw,all,1.1783653042774678,0.9971609340090833,1.6083553286845222,0.9897614842005759,2.339425692270096,8.854130968414196,0.9152799239131938,5.013194607588684,1.345034649744371,8.889841262081559,0.5241192238684288,2.8707192173483853,0.7355380172763641,8.88831073629683,0.28666621917674406,1.5701355471782275
gbrth,public,vw,ex_small,1.1344474504252995,0.40634510659905865,1.0034007322520517,0.9797988618648816,1.1297105507562972,7.625625660670648,0.5131948928068517,2.8108841918675846,0.7244941805644581,7.595571751026229,0.3304190314194791,1.8097795693745693,0.1290970427605013,7.629032691397974,0.05861886983921322,0.3210687730639631
huber,full,ew,all,1.2293002591718745,2.684284928946363,2.253445249289431,0.9854269970674087,3.433369248566468,5.0517525705768005,2.354339368993564,12.895247804202539,0.7565406666449564,5.005918142829456,0.5235270874327341,2.8674759525188787,1.1861835694139522,4.885527018201221,0.8410679960111311,4.606719138109617
huber,full,ew,ex_small,1.3018872676114759,0.7092217843753955,1.2473740846587695,0.9650798139535037,1.552617938137693,4.996437644443,1.0764522025360366,5.89597153405107,0.8453662142744514,4.9310050302174755,0.5938818659290357,3.252824944625916,0.3087087814918646,4.956512929373014,0.2157562390760176,1.181745590644124
huber,full,vw,all,1.5275498854416658,0.6613609027072093,1.302992016554377,0.9901621499433491,1.757167054262633,5.520702635923682,1.1025779927231323,6.039068380232265,1.097643265174055,5.426953737091885,0.7006412790561334,3.8375703325831623,0.45779445997646284,5.492786243678233,0.2887144079256254,1.5813539389761335
huber,full,vw,ex_small,1.4831061799878198,0.4858913044393332,1.1229532993914855,0.9872047889531489,1.3743580079042457,4.894516915031934,0.9727039210625634,5.327718793396905,0.8898164015327994,4.816762953208738,0.6399348408192792,3.50506747650197,0.254524023233292,4.87160068330794,0.18098714104274893,0.9913073976748268
gbrth,full,ew,all,0.9817369337844344,2.478384173534055,1.9910357099306897,0.9826111035043218,2.6973867776254616,8.778211750085813,1.0644561966658233,5.830266703900268,0.22588700457344588,8.979875585836508,0.08713879495342818,0.4772788362980995,0.7118817224445795,8.837051428842834,0.2790558190550474,1.5284516689952947
gbrth,full,ew,ex_small,0.9944686956281534,0.5552462006946419,0.962349830381563,0.9475473234335369,1.3171457825217219,7.988862485954765,0.5711359834553564,3.1282406154139606,0.763441932384565,7.966148117221537,0.3319848428778233,1.8183558719399213,0.35746914611344094,7.969466389493824,0.15538172644105164,0.8510607659586089
gbrth,full,vw,all,1.1910317057022477,1.0195022044200088,1.6449611988126154,0.9899949189016082,2.402767823336439,9.465249775591966,0.8793673801492713,4.816493504419766,1.3860975694842637,9.482129559218036,0.5063823267971596,2.7735702310875703,0.7623759611871921,9.449432392369191,0.27948216240198986,1.5307868476789208
gbrth,full,vw,ex_small,1.1568103827805905,0.43114037166218583,1.0355742931013152,0.9801079521272176,1.3405469664010323,8.335668518181322,0.557098797936727,3.0513557838895786,0.9106042068823526,8.315306959136,0.3793516606559706,2.0777946176832014,0.30784926855833167,8.295257983785644,0.12855792436068617,0.7041407511839073
gbrt,public,ew,all,1.1468888813237308,3.449460466170818,2.726042715401344,0.9822221195475,3.8029575878914486,5.0349576964899025,2.616473129793965,14.33101354294297,0.36307895634888304,5.395719001302707,0.23310005558240432,1.2767415859819087,1.084487213366219,4.925788485436777,0.7626746293563279,4.177340985353526
gbrt,public,ew,ex_small,1.0138763269638618,0.6071799943708158,1.0322074785234243,0.9512607428083688,1.0901314653499725,5.628214863251435,0.6709633980906218,3.6750178839455225,0.4846380820746312,5.632676402529303,0.2980529046756755,1.6325029922080452,0.06079122982244669,5.62095727173131,0.037464614519171595,0.20520214480385846
gbrt,public,vw,all,1.3224442777195349,0.8862562827645311,1.4569176210500403,0.9877321064306169,1.6211390594253317,6.73899109771526,0.8333280683546427,4.564325808400448,0.7373445996684799,6.753665895923572,0.37820002617635956,2.071486855858365,0.16826843176709694,6.741441784285122,0.0864650270539879,0.4735884575276363
gbrt,public,vw,ex_small,1.1858242785034074,0.4566689930103257,0.9985636203085438,0.9825633113430735,0.852012719389879,5.734747811196074,0.5146623242253465,2.8189216447625984,0.39661225136013756,5.709853346262697,0.24062003999092965,1.3179302369082735,-0.14377711308447436,5.735454995454582,-0.08683853853800418,-0.4756342641804657
gbrt,full,ew,all,1.163935320013431,3.5556928010504327,2.8018675029674966,0.9831087175555867,4.065305690312083,5.232628250960199,2.69131138931083,14.740919571961095,0.5194898137090137,5.43578047150411,0.33105926778147754,1.8132862883505854,1.2712211526306083,5.038389682249456,0.8740172010789973,4.787189366784955
gbrt,full,ew,ex_small,1.0554237406798506,0.6225573588762678,1.0703518914516987,0.9532962808627136,1.2456329890513738,6.04464708345117,0.7138546204054148,3.909942783753334,0.6248049561719846,6.020619525780699,0.3594958705750116,1.9690399764389157,0.17825429729815215,6.000498544754407,0.1029066159370342,0.5636427486523425
gbrt,full,vw,all,1.344242370892368,0.8271968403045078,1.4641117748173997,0.9888013068347921,1.7159632122558024,7.020160465110193,0.8467428863820123,4.637801792784622,0.8910641409521405,6.999600533033255,0.4409875556892699,2.4153883183007876,0.2559184145906733,7.013197004143877,0.12640845434731462,0.692367619053862
gbrt,full,vw,ex_small,1.2027795583756853,0.43981991228997747,1.0107340466251862,0.9834266716723322,1.0671915441182338,5.998786464053031,0.6162679691624787,3.375438681781877,0.6285933538068397,5.97188053808774,0.3646273963953729,1.9971465009012366,0.05926509206700656,5.961522521053637,0.03443756195260006,0.1886222950692071
nn1,public,ew,all,1.1335168068569867,3.5313351633920984,2.674892594542339,0.9845797824764578,3.7665456746054162,5.028411803162929,2.5947948309809457,14.21227661026069,0.24501977555607357,5.2314960258525405,0.16224295995831628,0.8886412896557727,1.0990833372701398,4.827430516773645,0.7886879677665609,4.319821907786527
nn1,public,ew,ex_small,1.0432257684928472,0.5983637319417059,1.080554294183564,0.9511105308649124,1.4598966846603163,5.216773066857849,0.9694173770744662,5.309717650611766,0.8631950741962265,5.213335468005889,0.5735666674536595,3.1415540199743353,0.382343930182818,5.231884020617443,0.25315511981248157,1.3865876966921917
nn1,public,vw,all,1.3324604564058415,0.8786894891133484,1.5127029103904048,0.9902360822829032,1.8229258222790021,6.699561594858368,0.9425691809564606,5.162664024190223,0.9466771373020796,6.719004027258399,0.4880761772188176,2.673303320436355,0.31442486441745937,6.752190963648874,0.1613105563115455,0.8835343045554084
nn1,public,vw,ex_small,1.1882274037948226,0.39703424880216237,1.00804345726365,0.9828102646763942,1.3518376864441153,5.9853591021311585,0.7823930081902256,4.285342994201107,0.9559063105552924,5.973640463892585,0.5543280708523243,3.0361798866414,0.34659434989508653,5.983851123624608,0.20064637680055197,1.0989854665534355
nn2,public,ew,all,1.0838218627046234,3.5421822434244694,2.687759515411956,0.983331593928194,4.053452889248864,4.838969188322969,2.9017693963449562,15.893645550562816,0.5211100409450178,5.0656056394968205,0.35635978458865,1.9518629260688547,1.3731593724908298,4.625629363154783,1.0283494907691457,5.632502130932118
nn2,public,ew,ex_small,1.0402804355629485,0.6164769215196506,1.096780491456473,0.9476139473702414,1.6378838778424867,5.337709053232069,1.062964678302702,5.822097321376122,1.023119392215946,5.326273742876133,0.6654163323457332,3.6446353535811262,0.544149998862282,5.342629979466428,0.35282078249489657,1.932479013290787
nn2,public,vw,all,1.3560469520789336,1.1963222527676742,1.743854652353482,0.9905843452490803,2.817655301445888,7.103998527698349,1.3739648512853149,7.525515422681979,1.624656166047013,7.063108586010905,0.7968126187375424,4.364322453873156,1.078644689793388,7.073809845839627,0.5282209860745174,2.8931854942063544
nn2,public,vw,ex_small,1.2522113758209357,0.4499123414150183,1.0999725850086275,0.9835254305916576,1.7802568680943094,5.939218547367909,1.038350524221509,5.687280047134349,1.3315942831832217,5.915811787703142,0.7797370965505553,4.270795967043228,0.6833397624884835,5.936868211417784,0.3987217318335763,2.1838888669277545
nn3,public,ew,all,1.0806824490918627,3.5507556304751344,2.6943437194186077,0.9828171019927207,4.110679604124393,4.993012907440089,2.8519477357533747,15.620761076979065,0.569787183733911,5.235015021046192,0.3770382120246485,2.065123337673156,1.4238201728152815,4.783858000395746,1.031020937474965,5.647134247151618
nn3,public,ew,ex_small,1.0288632008812972,0.6022560454204884,1.076023521415936,0.9471179145177044,1.649890599638885,5.617292256144632,1.0174632955509342,5.572875984067925,1.049307487677898,5.618182457591539,0.6469899812401956,3.5437100720509944,0.5768560324491045,5.620313904985677,0.355547385340213,1.947413232128163
nn3,public,vw,all,1.350653501772283,1.1418408547232348,1.7234062079423234,0.9902361472004968,2.4376740011697016,7.380751126387848,1.1441044820547899,6.2665183296417295,1.2990049265984758,7.340070207793811,0.6130574963061832,3.357854197745366,0.7190550326938845,7.382956752798261,0.3373824043034969,1.8479195334235332
nn3,public,vw,ex_small,1.250165319874426,0.4489857225787818,1.0959323190806387,0.9852296027632477,1.5799258618305125,6.392412416951664,0.8561750044867876,4.689463631295005,1.1321873218144496,6.377632446475205,0.6149636190313138,3.3682944618846387,0.48703779919176465,6.377185172317605,0.2645600498064546,1.4490550709368544
nn1,full,ew,all,1.1761198371409098,3.6539512410126074,2.80307070132405,0.9852765746473411,4.460038141243908,4.981436743641505,3.1015199276353376,16.98772426917665,0.8162367647896691,4.84021032196659,0.5841744277950873,3.1996551162104225,1.6647537474235363,4.59358945685676,1.2554182735351762,6.876209075194069
nn1,full,ew,ex_small,1.0933712515857372,0.6443818253261158,1.160074905742973,0.9524997961307157,1.8590803168143755,5.2741142317347185,1.2210662957198177,6.688055543750181,1.2164884410030548,5.198824688698254,0.8105754330273935,4.439704492286214,0.7022278413651336,5.248133923310375,0.4635149626542399,2.5387760078689188
nn1,full,vw,all,1.3646671061396267,1.0691107878549682,1.6689105967220574,0.9903485864649908,2.62879495292307,6.6688958624958365,1.3655053295252244,7.479180713744906,1.5626539172565876,6.53452431733551,0.8283987779047923,4.53732697268167,0.9645202189696849,6.6283670236684005,0.5040752928187666,2.760934085578604
nn1,full,vw,ex_small,1.241292493090988,0.44830768434966406,1.0948146179754255,0.9855995085246052,1.8026547265859942,5.706776126998241,1.0942393763020966,5.993395897110423,1.3555923413595237,5.652253627525612,0.8308030616856139,4.550495777295668,0.7108812603271669,5.6833547706157725,0.4332942463494481,2.373250327627932
nn2,full,ew,all,1.1200182286035896,3.6722591383953938,2.8387201810866203,0.9839688996200584,4.705788096744325,4.837193496604223,3.369997118757352,18.458234406708183,1.0437296781778078,4.681163045413231,0.7723690947884483,4.230439759354789,1.874953249494057,4.400780031937233,1.4758812148629519,8.083734335785676
nn2,full,ew,ex_small,1.0648670533208227,0.6211031970703028,1.1608937774035155,0.9486221815525109,2.032901574343188,5.408332702590084,1.3020977100254536,7.131882878567617,1.4135236639314137,5.338071326138081,0.9172956500756928,5.024235194478225,0.8752325018769045,5.377627422153833,0.5637977653272447,3.0880475394073597
nn2,full,vw,all,1.3306960368886964,1.1366638821266946,1.7969271596157947,0.9904897129967352,3.4162463917810886,7.5337860250014,1.5708203822360611,8.603737571395781,2.2827399093269682,7.264287638004379,1.0885641374480766,5.962311333714657,1.6243106964975595,7.382644606737382,0.762162830117509,4.1745377454733745
nn2,full,vw,ex_small,1.2564132590479837,0.4462934187259966,1.1523413545812653,0.9846676734164564,2.076421620473007,6.092903819865916,1.1805430878023917,6.4661007929617185,1.6313679056879158,6.021187983995103,0.9385563466875477,5.140684825704091,0.9272812140989118,6.050894574131942,0.5308630504288299,2.9076566766587266
nn3,full,ew,all,1.1105622213816282,3.6755262356184115,2.8335304966147685,0.9835620665038268,4.722968267344762,5.133696961352382,3.186951260723301,17.455650951676798,1.0576518268252897,4.971096819084831,0.7370231429597026,4.03684200802384,1.8973086887761448,4.721436934974989,1.392048688507825,7.624564678412183
nn3,full,ew,ex_small,1.0551130931145534,0.6109204911854768,1.1439271787156047,0.9474959965728582,1.9881238312463572,5.61564101429495,1.2264072716512568,6.717309273717595,1.3789003414252845,5.558381071643504,0.8593600975315943,4.706909104378939,0.8473742280271843,5.583783217247388,0.525699211041743,2.879373163502316
nn3,full,vw,all,1.3271847123223095,1.0955299838695125,1.7798662320568037,0.9908071658405421,3.230320551536149,7.890536038990388,1.4181747076109752,7.767662778418246,2.137833706510719,7.666885744758746,0.9659297715089071,5.290615248212394,1.4553983923461702,7.78181984410712,0.6478751786335827,3.5485584978530236
nn3,full,vw,ex_small,1.2472114689170817,0.4373222594681225,1.1447218548983835,0.9844367567211141,1.8854327153207526,6.681388721431242,0.9775408656326592,5.35421182990134,1.4493252399067085,6.621318442094462,0.7582492744198265,4.15310231811664,0.7438906433526427,6.651826983640229,0.387399249177935,2.121873075353197
enet,public,ew,all,1.2365620565825646,2.7061879276555354,2.297335618255546,0.9805409188711,2.6105039400225225,5.248631871900321,1.7229348782050056,9.436902979052977,-0.08816679894508103,5.512399094199565,-0.05540577621612313,-0.30346993449653864,0.3195498095954637,5.186922165760627,0.2134123042839762,1.1689073310549019
enet,public,ew,ex_small,1.2617275018317742,0.6959264389131427,1.2404263736793386,0.9565028331495401,1.067877941115914,5.359350370050158,0.6902399442406668,3.780599875517213,0.37388463119975235,5.384113312358544,0.24055480998910977,1.317572957474045,-0.16910280374764858,5.3533336251125805,-0.1094251426510398,-0.5993461898819514
enet,public,vw,all,1.4696513958441348,0.6844239726328307,1.273189925740753,0.9901668135502212,1.1084794053264584,5.725214012126938,0.6706972508284961,3.6735601353546783,0.4259566103953855,5.712246758465018,0.2583146429839747,1.4148475689621658,-0.16117388173168162,5.754404478940429,-0.09702527969106978,-0.531429343350468
enet,public,vw,ex_small,1.4276821037396414,0.49615472977915953,1.114758072914828,0.9864978461544494,0.96234980207454,5.387483884610236,0.6187818980241999,3.3892080372371574,0.4675732798781003,5.3793188709423685,0.30110156933999266,1.6492012162771992,-0.1493117206377469,5.409065180703263,-0.09562298758488394,-0.5237486731627738
pcr,public,ew,all,0.9029634821550834,2.3783176534161443,1.7991060654179516,0.9821266231591923,2.131187445636775,6.563794334592505,1.1247533813915558,6.160527986183665,-0.2405237698532133,6.812460322825233,-0.12230512034483267,-0.6698927331124888,0.33707889706720723,6.579953070850948,0.17745955619837825,0.971986019747075
pcr,public,ew,ex_small,0.9456211178372397,0.6591207462669135,0.9500596989303051,0.9453516095946249,0.8424624311773306,5.797104023606978,0.503419544767535,2.7573424055816074,0.18517257587226948,5.797414201705474,0.11064529751378545,0.6060292533017057,-0.10495821303372378,5.815856095316369,-0.0625163190652015,-0.3424159816420114
pcr,public,vw,all,1.0794357083385038,0.6593624232930305,1.0129746971561115,0.988717790599653,0.9242694238330135,7.089935525138926,0.45159271090263486,2.473475145662823,0.266738562826908,7.078091621721392,0.13054500219700407,0.7150244247286061,-0.0858914547198866,7.1206266723507925,-0.04178518839879892,-0.2288669025562534
pcr,public,vw,ex_small,1.0358827190478863,0.4783591415008665,0.8615644694394159,0.9829245340857333,0.722146415630252,6.437694545579059,0.38858453861695025,2.1283651729824102,0.24511604952244348,6.392706690980243,0.13282431747493206,0.7275087486624793,-0.13702481917183226,6.422370604694204,-0.07390851861774547,-0.40481362838729745
pls,public,ew,all,0.9699186091619189,2.4314765206123696,1.893911852422294,0.9852930542984504,2.752097045769501,6.233436031813177,1.5294203345651178,8.376980171484133,0.3273746266032763,6.534317416796992,0.1735543133941333,0.9505961239828781,0.8634460596039352,6.242308763396958,0.4791600356581265,2.6244676018493567
pls,public,ew,ex_small,0.9986990177566387,0.6583583268617507,0.9896544301361767,0.9540529695608395,1.0504739961129688,5.797616802468329,0.627662846748662,3.437850996721503,0.39394444238138965,5.828495263622223,0.2341365167859499,1.2824185177935172,0.06356860606050357,5.818106911906816,0.037848756349868354,0.20730617626339795
pls,public,vw,all,1.172111493465296,0.6594538118905572,1.0841306383931661,0.9893564638321114,1.2889116053055558,6.668465143462645,0.6695574885153156,3.6673174000634456,0.631289609559139,6.662695008149658,0.3282232420092153,1.7977527354592449,0.2077924409079262,6.687113381372699,0.10764198079363259,0.5895794101521041
pls,public,vw,ex_small,1.1382648544723277,0.47979459840130495,0.9251438707767007,0.9854163738346365,0.8584538721738175,6.2438241613182575,0.47627405389499766,2.608660428727215,0.3799920365458497,6.22404627323962,0.21149120198504107,1.1583850204108836,-0.06412015451739231,6.257903825893739,-0.035494110648921426,-0.19440925060998596
enet,full,ew,all,1.2970902481274709,2.776742917153433,2.378419107396832,0.9869296090283682,3.30342915704163,5.182434733946386,2.208115464232192,12.094346493359634,0.534399414658067,5.128824591211506,0.36094310548616276,1.9769668085073806,0.9316167693875671,5.008352769552769,0.6443665819916012,3.529341122593022
enet,full,ew,ex_small,1.339443107305087,0.7109845567543518,1.2881526889052148,0.9668351397789722,1.5184642914589461,5.557564691586716,0.9464783401504858,5.1840753709046865,0.8094546918066899,5.482147039558757,0.5114845123698245,2.801516052394831,0.23388980446735716,5.512237264390555,0.14698533654450832,0.8050718444791565
enet,full,vw,all,1.549755562314748,0.6590917251367268,1.3290857217821985,0.9907056317355971,1.7156413133488968,5.7020021390823725,1.0422928121744632,5.708872847534488,1.0583803985597722,5.605266569304459,0.6540879372550504,3.5825871782661487,0.3902474963494266,5.669789343406143,0.23843160663097607,1.3059436937398394
enet,full,vw,ex_small,1.513994908598472,0.49355163360222093,1.167340148473807,0.988383052076802,1.3587395346257836,5.326261692220693,0.8836989409144622,4.84021843982276,0.8665588777835689,5.241499212907409,0.5727079002034084,3.1368503580282434,0.19464199767551488,5.2970716796149855,0.1272891324306939,0.6971912915755346
pcr,full,ew,all,0.8951454709777728,2.2480222630756685,1.7249178085550199,0.9819873216423814,2.4200425513020627,6.777508178241823,1.2369255912638828,6.7749204829064364,0.1782647945127154,6.926544926225882,0.08915373670003379,0.48831512676484706,0.69991618110414,6.768833065964152,0.3581977498625966,1.961929876473372
pcr,full,ew,ex_small,0.9521735639618542,0.660632847296123,0.9394495759875822,0.9430860276973158,1.1529712574173523,6.348809840189408,0.6290957983563895,3.4456995959151597,0.4941735013637187,6.317320485675381,0.27097995552291854,1.4842183427164912,0.2161312635852913,6.32710514293321,0.11833226133499626,0.6481324881377384
pcr,full,vw,all,1.0807950107334052,0.6034752610488147,0.9956645169347255,0.9881336511343635,1.3372572821875413,7.128444678658917,0.6498465401504783,3.559356089571036,0.7354583413083068,7.049973792005526,0.36137757432256884,1.9793464923297064,0.34435850002207896,7.10381316935709,0.16792288981621087,0.9197515467379322
pcr,full,vw,ex_small,1.0435162466797656,0.46742989859689016,0.8562078596998141,0.9818470398363629,1.0295261211124145,6.432067758956468,0.5544691431469977,3.0369525714217165,0.5633946389005157,6.353627084047478,0.3071719905430705,1.6824502825420327,0.17569661657843325,6.387464275791681,0.09528521913935149,0.521898639194458
pls,full,ew,all,0.9799780965177919,2.406724909211514,1.8931149021952138,0.9844052132735254,3.3186032738215965,6.241293882182262,1.8419223926733723,10.088624436410944,0.9185637115801146,6.184726583373866,0.5144929196135579,2.8179937774903783,1.4307470241324807,6.087851459906083,0.8141218802384056,4.459129183650941
pls,full,ew,ex_small,1.0278039865498165,0.6509816106190477,0.9952630346259499,0.9542628828111074,1.5494423155812558,5.9284359549433505,0.9053695896794248,4.9589134714661744,0.9002689872139276,5.8573486906208,0.5324291616205052,2.916234620931146,0.5569439004959335,5.885050521308934,0.32783240488137266,1.7956120323469456
pls,full,vw,all,1.2072971708927314,0.6140036255180897,1.1094636398608846,0.990162258526741,1.8255338496399216,6.572859418474058,0.9621131922055353,5.269710982442754,1.2132357897482708,6.490818999634926,0.647494878388428,3.5464755076240633,0.7191520532230951,6.542380450932968,0.38078124740429903,2.0856247867829008
pls,full,vw,ex_small,1.175972133542834,0.45719006183361993,0.9408705726442315,0.9858555724029754,1.5064658319655184,5.915133680642706,0.8822371569960148,4.83221191955944,1.0505457425258808,5.831416043895416,0.6240674951103288,3.4181584447767204,0.5682087886897433,5.8615917359778225,0.33580178751689405,1.8392621387355956
