model,outcome,control_cutoff,estimator,n_obs,n_treated_units,n_control_units,n_cohorts,n_always_treated_dropped,period_first,period_last,conservative_cov,term,coef,se,t,n_cohorts_in_bin,n_obs_in_bin,wald_pre_stat,wald_pre_df,wald_pre_p
gbrt,imp_bp,2016,sun_abraham,2772,113,19,19,21,1995,2015,1,-10 to -6,0.011590173015064023,0.014891654175015858,0.7782999040166524,15.0,701.0,,,
gbrt,imp_bp,2016,sun_abraham,2772,113,19,19,21,1995,2015,1,0 to 4,-0.003257180257998055,0.015697628209273985,-0.20749505686940328,19.0,530.0,,,
gbrt,imp_bp,2016,sun_abraham,2772,113,19,19,21,1995,2015,1,5 to 9,-0.015194384725210128,0.021027496191623276,-0.7225960041435231,14.0,398.0,,,
gbrt,imp_bp,2016,sun_abraham,2772,113,19,19,21,1995,2015,1,10+,-0.013415472670789692,0.018484064762440924,-0.7257858508508117,9.0,216.0,,,
gbrt,imp_bp,2016,sun_abraham,2772,113,19,19,21,1995,2015,1,post,-0.009328158001978296,0.015000079012435384,-0.6218739244136684,,1144.0,0.6057507405923306,1.0,0.4363922320776704
gbrt,imp_bp,2016,twfe_pooled,2772,113,19,1,21,1995,2015,0,-10 to -6,0.010604339017129268,0.011760686810971772,0.9016768482633408,1.0,701.0,,,
gbrt,imp_bp,2016,twfe_pooled,2772,113,19,1,21,1995,2015,0,0 to 4,-0.004072312228697736,0.009801642212689074,-0.41547244230418606,1.0,530.0,,,
gbrt,imp_bp,2016,twfe_pooled,2772,113,19,1,21,1995,2015,0,5 to 9,-0.015952666582077536,0.013918360149092132,-1.1461599219444036,1.0,398.0,,,
gbrt,imp_bp,2016,twfe_pooled,2772,113,19,1,21,1995,2015,0,10+,-0.006774815430551213,0.015969638327281526,-0.42423098705858253,1.0,216.0,,,
gbrt,imp_bp,2016,twfe_pooled,2772,113,19,1,21,1995,2015,0,post,-0.008715775274366889,0.009661981944989285,-0.902069091413165,,1144.0,0.8130211386941117,1.0,0.36722855495971274
gbrt,imp_bp,2016,twfe_static,2772,113,19,1,21,1995,2015,0,post,-0.008203891717643335,0.008919223224200424,-0.9197989008038067,,2772.0,,,
gbrt,share,2016,sun_abraham,2772,113,19,19,21,1995,2015,1,-10 to -6,0.1494263131261252,0.1327453700134695,1.1256612046880663,15.0,701.0,,,
gbrt,share,2016,sun_abraham,2772,113,19,19,21,1995,2015,1,0 to 4,0.027745785855499125,0.17862140701537715,0.15533292632226633,19.0,530.0,,,
gbrt,share,2016,sun_abraham,2772,113,19,19,21,1995,2015,1,5 to 9,-0.18267598895894352,0.23218334675543986,-0.7867747257143177,14.0,398.0,,,
gbrt,share,2016,sun_abraham,2772,113,19,19,21,1995,2015,1,10+,-0.2387349070406004,0.355216099809428,-0.672083577204639,9.0,216.0,,,
gbrt,share,2016,sun_abraham,2772,113,19,19,21,1995,2015,1,post,-0.09577492746767016,0.18855953291085903,-0.5079293843655599,,1144.0,1.2671131477397883,1.0,0.2603089508147631
gbrt,share,2016,twfe_pooled,2772,113,19,1,21,1995,2015,0,-10 to -6,0.1849025580354013,0.11198772462637868,1.6510966594980494,1.0,701.0,,,
gbrt,share,2016,twfe_pooled,2772,113,19,1,21,1995,2015,0,0 to 4,0.030397913694145313,0.14748797887263726,0.20610434780176443,1.0,530.0,,,
gbrt,share,2016,twfe_pooled,2772,113,19,1,21,1995,2015,0,5 to 9,-0.14600037944694388,0.1453998365432105,-1.0041302859618753,1.0,398.0,,,
gbrt,share,2016,twfe_pooled,2772,113,19,1,21,1995,2015,0,10+,-0.198837864448786,0.32923673882925575,-0.6039358340015164,1.0,216.0,,,
gbrt,share,2016,twfe_pooled,2772,113,19,1,21,1995,2015,0,post,-0.07425370234521367,0.15400186230717133,-0.4821610676181799,,1144.0,2.7261201790056178,1.0,0.0987188393219056
gbrt,share,2016,twfe_static,2772,113,19,1,21,1995,2015,0,post,-0.00784146937122668,0.12418681969323053,-0.06314252503282457,,2772.0,,,
huber,imp_bp,2016,sun_abraham,2772,113,19,19,21,1995,2015,1,-10 to -6,0.0031137792604743228,0.019388611192307743,0.16059836517376175,15.0,701.0,,,
huber,imp_bp,2016,sun_abraham,2772,113,19,19,21,1995,2015,1,0 to 4,0.021490067713911213,0.02741881240683848,0.7837709159333032,19.0,530.0,,,
huber,imp_bp,2016,sun_abraham,2772,113,19,19,21,1995,2015,1,5 to 9,-0.005965645823476621,0.03489984442474833,-0.17093617240443157,14.0,398.0,,,
huber,imp_bp,2016,sun_abraham,2772,113,19,19,21,1995,2015,1,10+,-0.012435194109132896,0.04267035919871526,-0.29142464096030624,9.0,216.0,,,
huber,imp_bp,2016,sun_abraham,2772,113,19,19,21,1995,2015,1,post,0.0055326983593151574,0.024998824379245416,0.2213183418300473,,1144.0,0.02579183489648492,1.0,0.8724097425866773
huber,imp_bp,2016,twfe_pooled,2772,113,19,1,21,1995,2015,1,-10 to -6,-0.004185186139064292,0.022087889411245662,-0.18947877097453583,1.0,701.0,,,
huber,imp_bp,2016,twfe_pooled,2772,113,19,1,21,1995,2015,1,0 to 4,0.019279375434856534,0.027749577877996312,0.6947628363797158,1.0,530.0,,,
huber,imp_bp,2016,twfe_pooled,2772,113,19,1,21,1995,2015,1,5 to 9,-0.010030037361616114,0.03227690856875402,-0.31074962895690045,1.0,398.0,,,
huber,imp_bp,2016,twfe_pooled,2772,113,19,1,21,1995,2015,1,10+,-0.015801023106818923,0.03657632929834034,-0.4320013355614637,1.0,216.0,,,
huber,imp_bp,2016,twfe_pooled,2772,113,19,1,21,1995,2015,1,post,0.0024589974820610687,0.023055402654065894,0.1066560198039923,,1144.0,0.03590220465002061,1.0,0.84971759202633
huber,imp_bp,2016,twfe_static,2772,113,19,1,21,1995,2015,0,post,0.01725489310089098,0.011739008347385293,1.4698765509212945,,2772.0,,,
huber,share,2016,sun_abraham,2772,113,19,19,21,1995,2015,1,-10 to -6,0.044481321906784846,0.1054849555841668,0.4216840369363672,15.0,701.0,,,
huber,share,2016,sun_abraham,2772,113,19,19,21,1995,2015,1,0 to 4,0.07072878906603,0.09170763152099796,0.7712421299402491,19.0,530.0,,,
huber,share,2016,sun_abraham,2772,113,19,19,21,1995,2015,1,5 to 9,-0.0021296901444819655,0.13954099841529752,-0.015262110552940498,14.0,398.0,,,
huber,share,2016,sun_abraham,2772,113,19,19,21,1995,2015,1,10+,-0.17063501581331708,0.18914577231317656,-0.902134970961918,9.0,216.0,,,
huber,share,2016,sun_abraham,2772,113,19,19,21,1995,2015,1,post,-0.0001910156365248501,0.10283374700015854,-0.0018575189769614794,,1144.0,0.17781742700695144,1.0,0.6732556575794443
huber,share,2016,twfe_pooled,2772,113,19,1,21,1995,2015,0,-10 to -6,-0.018897059009623223,0.0802246351164747,-0.23555182248180245,1.0,701.0,,,
huber,share,2016,twfe_pooled,2772,113,19,1,21,1995,2015,0,0 to 4,0.07317168170605708,0.06678444197677195,1.095639636122237,1.0,530.0,,,
huber,share,2016,twfe_pooled,2772,113,19,1,21,1995,2015,0,5 to 9,-0.009609060887992668,0.11137600940813028,-0.08627585903873497,1.0,398.0,,,
huber,share,2016,twfe_pooled,2772,113,19,1,21,1995,2015,0,10+,-0.09315730798261793,0.13792918752003236,-0.6753995267976771,1.0,216.0,,,
huber,share,2016,twfe_pooled,2772,113,19,1,21,1995,2015,0,post,0.012967313414810921,0.08154486865741882,0.15902059354940387,,1144.0,0.055484661074498585,1.0,0.8137804615830365
huber,share,2016,twfe_static,2772,113,19,1,21,1995,2015,0,post,0.07796465280520784,0.06477491387899567,1.2036241831344088,,2772.0,,,
nn3,imp_bp,2016,sun_abraham,2772,113,19,19,21,1995,2015,1,-10 to -6,0.03026037785263389,0.03486237279909416,0.8679953607007539,15.0,701.0,,,
nn3,imp_bp,2016,sun_abraham,2772,113,19,19,21,1995,2015,1,0 to 4,-0.002757960612073252,0.02067172649635849,-0.1334170424787253,19.0,530.0,,,
nn3,imp_bp,2016,sun_abraham,2772,113,19,19,21,1995,2015,1,5 to 9,-0.0065836574612522835,0.039930571182954296,-0.16487761798064984,14.0,398.0,,,
nn3,imp_bp,2016,sun_abraham,2772,113,19,19,21,1995,2015,1,10+,-0.002646808765097765,0.05320541727547882,-0.049746978797168835,9.0,216.0,,,
nn3,imp_bp,2016,sun_abraham,2772,113,19,19,21,1995,2015,1,post,-0.004067941859474081,0.029639952629722095,-0.137245221350147,,1144.0,0.7534159461980318,1.0,0.38539687238435927
nn3,imp_bp,2016,twfe_pooled,2772,113,19,1,21,1995,2015,1,-10 to -6,0.02104656731536404,0.028267108536354384,0.7445603178088063,1.0,701.0,,,
nn3,imp_bp,2016,twfe_pooled,2772,113,19,1,21,1995,2015,1,0 to 4,-0.003457986558011694,0.022423656722258007,-0.15421153654119457,1.0,530.0,,,
nn3,imp_bp,2016,twfe_pooled,2772,113,19,1,21,1995,2015,1,5 to 9,-0.006651977601412304,0.032620652030614664,-0.20391921029565524,1.0,398.0,,,
nn3,imp_bp,2016,twfe_pooled,2772,113,19,1,21,1995,2015,1,10+,-0.009375076414554845,0.04415553128911838,-0.21231941142706223,1.0,216.0,,,
nn3,imp_bp,2016,twfe_pooled,2772,113,19,1,21,1995,2015,1,post,-0.0056863955128078165,0.026153765242392362,-0.21742167753309943,,1144.0,0.5543700668555506,1.0,0.45653756452302485
nn3,imp_bp,2016,twfe_static,2772,113,19,1,21,1995,2015,1,post,-0.00631108022512235,0.021557114580801735,-0.29276089810010336,,2772.0,,,
nn3,share,2016,sun_abraham,2772,113,19,19,21,1995,2015,1,-10 to -6,0.08850855803915804,0.09462194064472432,0.9353914899238844,15.0,701.0,,,
nn3,share,2016,sun_abraham,2772,113,19,19,21,1995,2015,1,0 to 4,0.053028465581530765,0.13486208283687187,0.39320515052161537,19.0,530.0,,,
nn3,share,2016,sun_abraham,2772,113,19,19,21,1995,2015,1,5 to 9,0.0875439751291239,0.20335727060216213,0.43049346044966597,14.0,398.0,,,
nn3,share,2016,sun_abraham,2772,113,19,19,21,1995,2015,1,10+,-0.10376709685164348,0.15981140761429413,-0.6493096982293407,9.0,216.0,,,
nn3,share,2016,sun_abraham,2772,113,19,19,21,1995,2015,1,post,0.03543172721997169,0.1417043556614392,0.25003978921173997,,1144.0,0.8749572394220239,1.0,0.3495865809823965
nn3,share,2016,twfe_pooled,2772,113,19,1,21,1995,2015,1,-10 to -6,0.06001329074991678,0.09068609188859676,0.6617695117310827,1.0,701.0,,,
nn3,share,2016,twfe_pooled,2772,113,19,1,21,1995,2015,1,0 to 4,0.042176126806685685,0.12990399243509332,0.3246715209908505,1.0,530.0,,,
nn3,share,2016,twfe_pooled,2772,113,19,1,21,1995,2015,1,5 to 9,0.06550293000623106,0.18556532578457635,0.3529912160544137,1.0,398.0,,,
nn3,share,2016,twfe_pooled,2772,113,19,1,21,1995,2015,1,10+,-0.05441841081873347,0.17961516699502994,-0.3029722474396567,1.0,216.0,,,
nn3,share,2016,twfe_pooled,2772,113,19,1,21,1995,2015,1,post,0.0320534410954344,0.14634042720597262,0.21903339840821645,,1144.0,0.43793888665679565,1.0,0.5081189482355756
nn3,share,2016,twfe_static,2772,113,19,1,21,1995,2015,0,post,0.053740430458221466,0.11430561809633324,0.47014688650675673,,2772.0,,,
huber_beta,log_abs_beta,2016,sun_abraham,2772,113,19,19,21,1995,2015,1,-10 to -6,0.022840403687903195,0.11776601686870758,0.1939473227948858,15.0,701.0,,,
huber_beta,log_abs_beta,2016,sun_abraham,2772,113,19,19,21,1995,2015,1,0 to 4,-0.02542253452195335,0.08418953749958165,-0.3019678605798218,19.0,530.0,,,
huber_beta,log_abs_beta,2016,sun_abraham,2772,113,19,19,21,1995,2015,1,5 to 9,-0.1512199975053703,0.14928372577108834,-1.0129704140506985,14.0,398.0,,,
huber_beta,log_abs_beta,2016,sun_abraham,2772,113,19,19,21,1995,2015,1,10+,-0.4828495515512654,0.20358104739582308,-2.371780466442242,9.0,216.0,,,
huber_beta,log_abs_beta,2016,sun_abraham,2772,113,19,19,21,1995,2015,1,post,-0.155555074684306,0.1155032570988096,-1.346759204818209,,1144.0,0.03761556401930365,1.0,0.8462171289112135
huber_beta,log_abs_beta,2016,twfe_pooled,2772,113,19,1,21,1995,2015,0,-10 to -6,-0.012187918210793462,0.09280463611081481,-0.13132876461301232,1.0,701.0,,,
huber_beta,log_abs_beta,2016,twfe_pooled,2772,113,19,1,21,1995,2015,0,0 to 4,0.030550801160747765,0.07244848891729454,0.42168997058894947,1.0,530.0,,,
huber_beta,log_abs_beta,2016,twfe_pooled,2772,113,19,1,21,1995,2015,0,5 to 9,-0.05457308726666693,0.14119593236085323,-0.3865060866427438,1.0,398.0,,,
huber_beta,log_abs_beta,2016,twfe_pooled,2772,113,19,1,21,1995,2015,0,10+,-0.33955513389578773,0.18892648875814144,-1.7972870619030927,1.0,216.0,,,
huber_beta,log_abs_beta,2016,twfe_pooled,2772,113,19,1,21,1995,2015,0,post,-0.06894411978883502,0.10879888275536463,-0.6336840787589387,,1144.0,0.017247244414779997,1.0,0.8955152379764258
huber_beta,log_abs_beta,2016,twfe_static,2772,113,19,1,21,1995,2015,0,post,0.06275235650340025,0.08807356682925514,0.7124993203131632,,2772.0,,,
huber_beta,abs_beta_bp,2016,sun_abraham,2772,113,19,19,21,1995,2015,1,-10 to -6,-0.8278722971637292,1.875747585795652,-0.44135591773269617,15.0,701.0,,,
huber_beta,abs_beta_bp,2016,sun_abraham,2772,113,19,19,21,1995,2015,1,0 to 4,0.5721280203255681,1.3220128082318559,0.43277040643106063,19.0,530.0,,,
huber_beta,abs_beta_bp,2016,sun_abraham,2772,113,19,19,21,1995,2015,1,5 to 9,-1.3403331004212222,2.3004357941293643,-0.582643125203367,14.0,398.0,,,
huber_beta,abs_beta_bp,2016,sun_abraham,2772,113,19,19,21,1995,2015,1,10+,-8.628596475737586,3.878929172158434,-2.224478997366223,9.0,216.0,,,
huber_beta,abs_beta_bp,2016,sun_abraham,2772,113,19,19,21,1995,2015,1,post,-1.8304209457643477,1.9650732640397315,-0.9314772020262644,,1144.0,0.19479504611767046,1.0,0.6589553502937856
huber_beta,abs_beta_bp,2016,twfe_pooled,2772,113,19,1,21,1995,2015,0,-10 to -6,-1.7029216078364788,1.5314967908921058,-1.111932860691479,1.0,701.0,,,
huber_beta,abs_beta_bp,2016,twfe_pooled,2772,113,19,1,21,1995,2015,0,0 to 4,0.9842486840694633,1.2044600149146092,0.8171700777789972,1.0,530.0,,,
huber_beta,abs_beta_bp,2016,twfe_pooled,2772,113,19,1,21,1995,2015,0,5 to 9,-0.9405556368853469,2.331802273013095,-0.4033599451251864,1.0,398.0,,,
huber_beta,abs_beta_bp,2016,twfe_pooled,2772,113,19,1,21,1995,2015,0,10+,-6.345529315081155,3.4434892163941346,-1.8427614888034716,1.0,216.0,,,
huber_beta,abs_beta_bp,2016,twfe_pooled,2772,113,19,1,21,1995,2015,0,post,-1.0693388749834631,1.8343206596265955,-0.5829618008015806,,1144.0,1.2363946866855358,1.0,0.26616701862607073
huber_beta,abs_beta_bp,2016,twfe_static,2772,113,19,1,21,1995,2015,0,post,1.759365330474153,1.5161759536400865,1.1603965398938092,,2772.0,,,
char_ic,char_ic_x100,2016,sun_abraham,2772,113,19,19,21,1995,2015,1,-10 to -6,0.0066395505841971405,0.35028395744544,0.01895476639186741,15.0,701.0,,,
char_ic,char_ic_x100,2016,sun_abraham,2772,113,19,19,21,1995,2015,1,0 to 4,0.18068956510492787,0.2859386248375754,0.6319173046578328,19.0,530.0,,,
char_ic,char_ic_x100,2016,sun_abraham,2772,113,19,19,21,1995,2015,1,5 to 9,0.23655824984620363,0.527635545562346,0.4483364546527725,14.0,398.0,,,
char_ic,char_ic_x100,2016,sun_abraham,2772,113,19,19,21,1995,2015,1,10+,0.7032616662514639,0.6458716582368599,1.0888566749797797,9.0,216.0,,,
char_ic,char_ic_x100,2016,sun_abraham,2772,113,19,19,21,1995,2015,1,post,0.2987938573904869,0.391524122790693,0.7631556780224772,,1144.0,0.00035928316897026775,1.0,0.9848771901095695
char_ic,char_ic_x100,2016,twfe_pooled,2772,113,19,1,21,1995,2015,0,-10 to -6,0.021884006729694545,0.21149470798728368,0.10347307002599017,1.0,701.0,,,
char_ic,char_ic_x100,2016,twfe_pooled,2772,113,19,1,21,1995,2015,0,0 to 4,0.1498076071386477,0.21670067058879555,0.6913112300557572,1.0,530.0,,,
char_ic,char_ic_x100,2016,twfe_pooled,2772,113,19,1,21,1995,2015,0,5 to 9,0.2546339681569751,0.3577215341281914,0.7118217492205142,1.0,398.0,,,
char_ic,char_ic_x100,2016,twfe_pooled,2772,113,19,1,21,1995,2015,0,10+,0.42967817001709024,0.48489712835556076,0.8861223234591316,1.0,216.0,,,
char_ic,char_ic_x100,2016,twfe_pooled,2772,113,19,1,21,1995,2015,0,post,0.2391196117427018,0.28325679117421027,0.844179624966651,,1144.0,0.010706676220603464,1.0,0.9175875217561761
char_ic,char_ic_x100,2016,twfe_static,2772,113,19,1,21,1995,2015,0,post,0.13418672961199385,0.2163246836359965,0.6203024424054451,,2772.0,,,
char_ic,abs_char_ic_x100,2016,sun_abraham,2772,113,19,19,21,1995,2015,1,-10 to -6,0.06217715751328409,0.24195846815733033,0.2569745047024112,15.0,701.0,,,
char_ic,abs_char_ic_x100,2016,sun_abraham,2772,113,19,19,21,1995,2015,1,0 to 4,-0.0713828656702493,0.1923696223343405,-0.3710714030835134,19.0,530.0,,,
char_ic,abs_char_ic_x100,2016,sun_abraham,2772,113,19,19,21,1995,2015,1,5 to 9,0.42577521584089945,0.2838553045920984,1.4999727288970017,14.0,398.0,,,
char_ic,abs_char_ic_x100,2016,sun_abraham,2772,113,19,19,21,1995,2015,1,10+,0.5158379882761734,0.41315989795499386,1.2485190136540416,9.0,216.0,,,
char_ic,abs_char_ic_x100,2016,sun_abraham,2772,113,19,19,21,1995,2015,1,post,0.2124533414048071,0.23749218343765646,0.8945698268026482,,1144.0,0.0660358960670496,1.0,0.7971984546183273
char_ic,abs_char_ic_x100,2016,twfe_pooled,2772,113,19,1,21,1995,2015,0,-10 to -6,0.15135370428550723,0.18416481779104374,0.8218383190715368,1.0,701.0,,,
char_ic,abs_char_ic_x100,2016,twfe_pooled,2772,113,19,1,21,1995,2015,0,0 to 4,-0.09967717218008176,0.13680971936273414,-0.7285825352495607,1.0,530.0,,,
char_ic,abs_char_ic_x100,2016,twfe_pooled,2772,113,19,1,21,1995,2015,0,5 to 9,0.3496568942123844,0.17756819566480053,1.9691414495895398,1.0,398.0,,,
char_ic,abs_char_ic_x100,2016,twfe_pooled,2772,113,19,1,21,1995,2015,0,10+,0.5009806495678717,0.3527039173025866,1.4204000153989718,1.0,216.0,,,
char_ic,abs_char_ic_x100,2016,twfe_pooled,2772,113,19,1,21,1995,2015,0,post,0.17005800956970799,0.1646879183802192,1.0326076815002951,,1144.0,0.6754182226943292,1.0,0.4111689216872021
char_ic,abs_char_ic_x100,2016,twfe_static,2772,113,19,1,21,1995,2015,0,post,-0.08944273466580159,0.1224407293083498,-0.7304982187794113,,2772.0,,,
gbrt,imp_bp,2018,sun_abraham,3036,124,8,21,21,1995,2017,1,-10 to -6,0.008411643168127333,0.013603257544043682,0.6183550624468219,17.0,878.0,,,
gbrt,imp_bp,2018,sun_abraham,3036,124,8,21,21,1995,2017,1,0 to 4,-0.0033027037397332214,0.014595757180201025,-0.22627834232630978,21.0,574.0,,,
gbrt,imp_bp,2018,sun_abraham,3036,124,8,21,21,1995,2017,1,5 to 9,-0.013297244267475783,0.020843212715452787,-0.6379651951456333,16.0,467.0,,,
gbrt,imp_bp,2018,sun_abraham,3036,124,8,21,21,1995,2017,1,10+,-0.012589422295708455,0.0201408598224111,-0.6250687610516,11.0,350.0,,,
gbrt,imp_bp,2018,sun_abraham,3036,124,8,21,21,1995,2017,1,post,-0.008994869031643437,0.01576214812493519,-0.5706626381345735,,1391.0,0.382362983253613,1.0,0.5363413129966264
gbrt,imp_bp,2018,twfe_pooled,3036,124,8,1,21,1995,2017,0,-10 to -6,0.009800666985155153,0.011204564025346064,0.8747031087496909,1.0,878.0,,,
gbrt,imp_bp,2018,twfe_pooled,3036,124,8,1,21,1995,2017,0,0 to 4,-0.005759067181332954,0.008843478602975827,-0.6512219274658538,1.0,574.0,,,
gbrt,imp_bp,2018,twfe_pooled,3036,124,8,1,21,1995,2017,0,5 to 9,-0.017400004861563737,0.012851949375833713,-1.3538805945098107,1.0,467.0,,,
gbrt,imp_bp,2018,twfe_pooled,3036,124,8,1,21,1995,2017,0,10+,-0.013316870314930626,0.013002028515578669,-1.0242148214776428,1.0,350.0,,,
gbrt,imp_bp,2018,twfe_pooled,3036,124,8,1,21,1995,2017,0,post,-0.011568951432538534,0.00912424664431955,-1.2679349740880772,,1391.0,0.7651055284563735,1.0,0.3817354681843199
gbrt,imp_bp,2018,twfe_static,3036,124,8,1,21,1995,2017,0,post,-0.008794713052814106,0.00840792491926936,-1.0460028053602504,,3036.0,,,
gbrt,share,2018,sun_abraham,3036,124,8,21,21,1995,2017,1,-10 to -6,-0.058198327630274375,0.15710888240617632,-0.37043308270638214,17.0,878.0,,,
gbrt,share,2018,sun_abraham,3036,124,8,21,21,1995,2017,1,0 to 4,0.05489960061055095,0.15580897632944837,0.3523519755015216,21.0,574.0,,,
gbrt,share,2018,sun_abraham,3036,124,8,21,21,1995,2017,1,5 to 9,-0.04915493772333094,0.17575749829516626,-0.2796747689295189,16.0,467.0,,,
gbrt,share,2018,sun_abraham,3036,124,8,21,21,1995,2017,1,10+,-0.019663093886125076,0.24298545598218846,-0.0809229252287694,11.0,350.0,,,
gbrt,share,2018,sun_abraham,3036,124,8,21,21,1995,2017,1,post,0.0012041207573809665,0.1438681827482236,0.00836961122591113,,1391.0,0.13722066876335334,1.0,0.7110598277927062
gbrt,share,2018,twfe_pooled,3036,124,8,1,21,1995,2017,0,-10 to -6,0.06843870408882524,0.10734168919835765,0.6375780426033426,1.0,878.0,,,
gbrt,share,2018,twfe_pooled,3036,124,8,1,21,1995,2017,0,0 to 4,-0.014682566565293945,0.14493613087162258,-0.10130370168566907,1.0,574.0,,,
gbrt,share,2018,twfe_pooled,3036,124,8,1,21,1995,2017,0,5 to 9,-0.16382030605903616,0.12609642595228857,-1.2991669258018563,1.0,467.0,,,
gbrt,share,2018,twfe_pooled,3036,124,8,1,21,1995,2017,0,10+,-0.12276885347342492,0.23873796584784251,-0.5142410133110983,1.0,350.0,,,
gbrt,share,2018,twfe_pooled,3036,124,8,1,21,1995,2017,0,post,-0.09194893950664798,0.14057419170727736,-0.6540954523012057,,1391.0,0.40650576040990977,1.0,0.5237483927213724
gbrt,share,2018,twfe_static,3036,124,8,1,21,1995,2017,0,post,-0.04565388992972097,0.11965585361431122,-0.3815433056612336,,3036.0,,,
huber,imp_bp,2018,sun_abraham,3036,124,8,21,21,1995,2017,1,-10 to -6,0.01242263879020564,0.017672414999519798,0.7029395128251116,17.0,878.0,,,
huber,imp_bp,2018,sun_abraham,3036,124,8,21,21,1995,2017,1,0 to 4,0.0177580631712749,0.026950996880730684,0.6589019044401838,21.0,574.0,,,
huber,imp_bp,2018,sun_abraham,3036,124,8,21,21,1995,2017,1,5 to 9,-0.009310834965186051,0.037045527683292424,-0.25133492616938075,16.0,467.0,,,
huber,imp_bp,2018,sun_abraham,3036,124,8,21,21,1995,2017,1,10+,-0.012706371380435755,0.04031594240332702,-0.31516989614974694,11.0,350.0,,,
huber,imp_bp,2018,sun_abraham,3036,124,8,21,21,1995,2017,1,post,0.0010048442476041659,0.028238930242531643,0.03558365132722821,,1391.0,0.494123958690805,1.0,0.48209344557996037
huber,imp_bp,2018,twfe_pooled,3036,124,8,1,21,1995,2017,1,-10 to -6,-0.001026734251711437,0.02027550723222601,-0.05063914011875074,1.0,878.0,,,
huber,imp_bp,2018,twfe_pooled,3036,124,8,1,21,1995,2017,1,0 to 4,0.020435748109873607,0.026111540203693568,0.7826328110274743,1.0,574.0,,,
huber,imp_bp,2018,twfe_pooled,3036,124,8,1,21,1995,2017,1,5 to 9,-0.002679957752063202,0.029169918230837304,-0.09187402346675264,1.0,467.0,,,
huber,imp_bp,2018,twfe_pooled,3036,124,8,1,21,1995,2017,1,10+,-0.003459813665529086,0.0343091890743227,-0.10084218714800348,1.0,350.0,,,
huber,imp_bp,2018,twfe_pooled,3036,124,8,1,21,1995,2017,1,post,0.006662576823809315,0.023083754958153086,0.28862621509747577,,1391.0,0.0025643225119664705,1.0,0.9596130735149226
huber,imp_bp,2018,twfe_static,3036,124,8,1,21,1995,2017,0,post,0.018136093748712417,0.011653004335294067,1.5563448898566592,,3036.0,,,
huber,share,2018,sun_abraham,3036,124,8,21,21,1995,2017,1,-10 to -6,0.10193045626444845,0.09260697420075065,1.1006779688480766,17.0,878.0,,,
huber,share,2018,sun_abraham,3036,124,8,21,21,1995,2017,1,0 to 4,0.04537511629163711,0.08808840777585569,0.5151088257503282,21.0,574.0,,,
huber,share,2018,sun_abraham,3036,124,8,21,21,1995,2017,1,5 to 9,-0.036117823236779936,0.13737009337582773,-0.26292348173605734,16.0,467.0,,,
huber,share,2018,sun_abraham,3036,124,8,21,21,1995,2017,1,10+,-0.12977741591606268,0.16383958204734328,-0.7921005064488144,11.0,350.0,,,
huber,share,2018,sun_abraham,3036,124,8,21,21,1995,2017,1,post,-0.02605593261739644,0.10770635691775732,-0.24191638602438567,,1391.0,1.211491991107527,1.0,0.2710368380563287
huber,share,2018,twfe_pooled,3036,124,8,1,21,1995,2017,0,-10 to -6,0.0036665494311636584,0.07471776337655563,0.04907199125709002,1.0,878.0,,,
huber,share,2018,twfe_pooled,3036,124,8,1,21,1995,2017,0,0 to 4,0.08001027780041078,0.06647745738145909,1.203570066485817,1.0,574.0,,,
huber,share,2018,twfe_pooled,3036,124,8,1,21,1995,2017,0,5 to 9,0.026629178358192916,0.10788425769944228,0.24683099208394127,1.0,467.0,,,
huber,share,2018,twfe_pooled,3036,124,8,1,21,1995,2017,0,10+,0.015496112646876267,0.15309067660982803,0.10122179214329409,1.0,350.0,,,
huber,share,2018,twfe_pooled,3036,124,8,1,21,1995,2017,0,post,0.04585576216902846,0.09318553659624938,0.49209098154052056,,1391.0,0.002408060325935919,1.0,0.960861924246049
huber,share,2018,twfe_static,3036,124,8,1,21,1995,2017,0,post,0.07578873420256442,0.05926816858017706,1.2787426373743707,,3036.0,,,
nn3,imp_bp,2018,sun_abraham,3036,124,8,21,21,1995,2017,1,-10 to -6,0.029109325026174783,0.03799932645834861,0.7660484471502874,17.0,878.0,,,
nn3,imp_bp,2018,sun_abraham,3036,124,8,21,21,1995,2017,1,0 to 4,-0.0019878056336582093,0.021730676520039696,-0.09147463181024693,21.0,574.0,,,
nn3,imp_bp,2018,sun_abraham,3036,124,8,21,21,1995,2017,1,5 to 9,-0.0026225692313504804,0.04329817089427924,-0.0605699773728083,16.0,467.0,,,
nn3,imp_bp,2018,sun_abraham,3036,124,8,21,21,1995,2017,1,10+,-0.009740041548740168,0.05674822728785306,-0.17163604951629952,11.0,350.0,,,
nn3,imp_bp,2018,sun_abraham,3036,124,8,21,21,1995,2017,1,post,-0.004151513160905495,0.03498066075425536,-0.11868023849150613,,1391.0,0.5868302233813668,1.0,0.4436474759586617
nn3,imp_bp,2018,twfe_pooled,3036,124,8,1,21,1995,2017,1,-10 to -6,0.02301594681937781,0.028015099073967414,0.8215550749476026,1.0,878.0,,,
nn3,imp_bp,2018,twfe_pooled,3036,124,8,1,21,1995,2017,1,0 to 4,-0.003952731233217816,0.020930154401118537,-0.1888534196865063,1.0,574.0,,,
nn3,imp_bp,2018,twfe_pooled,3036,124,8,1,21,1995,2017,1,5 to 9,-0.006289722293768259,0.03030655445131868,-0.20753669982087272,1.0,467.0,,,
nn3,imp_bp,2018,twfe_pooled,3036,124,8,1,21,1995,2017,1,10+,-0.019662495198940158,0.04208095207440729,-0.4672540479638638,1.0,350.0,,,
nn3,imp_bp,2018,twfe_pooled,3036,124,8,1,21,1995,2017,1,post,-0.00869018070358437,0.026223014375934026,-0.33139518512256616,,1391.0,0.6749527411721611,1.0,0.41133016670694234
nn3,imp_bp,2018,twfe_static,3036,124,8,1,21,1995,2017,1,post,-0.004122971779674112,0.019968549114414032,-0.20647327735483795,,3036.0,,,
nn3,share,2018,sun_abraham,3036,124,8,21,21,1995,2017,1,-10 to -6,0.09863902491425636,0.09298477204979216,1.060808374745882,17.0,878.0,,,
nn3,share,2018,sun_abraham,3036,124,8,21,21,1995,2017,1,0 to 4,0.03497964673278725,0.12896003099790515,0.27124409370958874,21.0,574.0,,,
nn3,share,2018,sun_abraham,3036,124,8,21,21,1995,2017,1,5 to 9,0.08633163982156317,0.20002868003608854,0.4315963081193531,16.0,467.0,,,
nn3,share,2018,sun_abraham,3036,124,8,21,21,1995,2017,1,10+,-0.038994742062983485,0.18885691187082534,-0.20647770672886556,11.0,350.0,,,
nn3,share,2018,sun_abraham,3036,124,8,21,21,1995,2017,1,post,0.03360678166732256,0.15638058934274315,0.21490379214306296,,1391.0,1.125314407931,1.0,0.28877699547337254
nn3,share,2018,twfe_pooled,3036,124,8,1,21,1995,2017,1,-10 to -6,0.06320296471266196,0.09115104513457922,0.693387164341851,1.0,878.0,,,
nn3,share,2018,twfe_pooled,3036,124,8,1,21,1995,2017,1,0 to 4,0.03602215202263645,0.12793290116405662,0.28157066473809517,1.0,574.0,,,
nn3,share,2018,twfe_pooled,3036,124,8,1,21,1995,2017,1,5 to 9,0.08697595362259161,0.18645028293731847,0.46648335552181225,1.0,467.0,,,
nn3,share,2018,twfe_pooled,3036,124,8,1,21,1995,2017,1,10+,0.02027281554587343,0.2368134524729675,0.08560668886911141,1.0,350.0,,,
nn3,share,2018,twfe_pooled,3036,124,8,1,21,1995,2017,1,post,0.0491660467604596,0.16682137002336647,0.29472271300477254,,1391.0,0.48078575967403314,1.0,0.4880666152149835
nn3,share,2018,twfe_static,3036,124,8,1,21,1995,2017,0,post,0.04736599953615458,0.10391290879214847,0.455824017311442,,3036.0,,,
huber_beta,log_abs_beta,2018,sun_abraham,3036,124,8,21,21,1995,2017,1,-10 to -6,0.034970483736530784,0.10802020645173588,0.32374020458992386,17.0,878.0,,,
huber_beta,log_abs_beta,2018,sun_abraham,3036,124,8,21,21,1995,2017,1,0 to 4,-0.016131262230635043,0.07759101855651425,-0.20790115313263563,21.0,574.0,,,
huber_beta,log_abs_beta,2018,sun_abraham,3036,124,8,21,21,1995,2017,1,5 to 9,-0.12899305158379226,0.1346967337115334,-0.9576553790832364,16.0,467.0,,,
huber_beta,log_abs_beta,2018,sun_abraham,3036,124,8,21,21,1995,2017,1,10+,-0.4476451150597869,0.17853270978470626,-2.5073563023806953,11.0,350.0,,,
huber_beta,log_abs_beta,2018,sun_abraham,3036,124,8,21,21,1995,2017,1,post,-0.1625987705829913,0.10991925777523602,-1.4792564458129336,,1391.0,0.10480772006792562,1.0,0.7461347297923744
huber_beta,log_abs_beta,2018,twfe_pooled,3036,124,8,1,21,1995,2017,0,-10 to -6,-0.05034430921973852,0.08913330738794187,-0.5648203875193484,1.0,878.0,,,
huber_beta,log_abs_beta,2018,twfe_pooled,3036,124,8,1,21,1995,2017,0,0 to 4,0.05253412732549306,0.07232146579018862,0.7263974361069991,1.0,574.0,,,
huber_beta,log_abs_beta,2018,twfe_pooled,3036,124,8,1,21,1995,2017,0,5 to 9,-0.0037046782070244144,0.1404291238481976,-0.02638112455240504,1.0,467.0,,,
huber_beta,log_abs_beta,2018,twfe_pooled,3036,124,8,1,21,1995,2017,0,10+,-0.26878103653360164,0.1766493266260705,-1.5215514356448956,1.0,350.0,,,
huber_beta,log_abs_beta,2018,twfe_pooled,3036,124,8,1,21,1995,2017,0,post,-0.047195440995404715,0.11391401438585767,-0.4143075920012875,,1391.0,0.31902207015750683,1.0,0.5721959384572466
huber_beta,log_abs_beta,2018,twfe_static,3036,124,8,1,21,1995,2017,0,post,0.10002255597807129,0.0899780420414037,1.1116329463142305,,3036.0,,,
huber_beta,abs_beta_bp,2018,sun_abraham,3036,124,8,21,21,1995,2017,1,-10 to -6,0.35867373803639646,1.606126584833693,0.22331598357394444,17.0,878.0,,,
huber_beta,abs_beta_bp,2018,sun_abraham,3036,124,8,21,21,1995,2017,1,0 to 4,0.207397289624147,1.174648616584291,0.1765611321513564,21.0,574.0,,,
huber_beta,abs_beta_bp,2018,sun_abraham,3036,124,8,21,21,1995,2017,1,5 to 9,-1.8805686965052366,1.9348714110241618,-0.9719347165865757,16.0,467.0,,,
huber_beta,abs_beta_bp,2018,sun_abraham,3036,124,8,21,21,1995,2017,1,10+,-7.628399068300757,3.2115377559576905,-2.3753104113907404,11.0,350.0,,,
huber_beta,abs_beta_bp,2018,sun_abraham,3036,124,8,21,21,1995,2017,1,post,-2.465218699445686,1.8017296677587553,-1.3682511552980485,,1391.0,0.049870028519598215,1.0,0.8232895882616281
huber_beta,abs_beta_bp,2018,twfe_pooled,3036,124,8,1,21,1995,2017,0,-10 to -6,-1.307322091282177,1.4219030345635764,-0.9194171891499144,1.0,878.0,,,
huber_beta,abs_beta_bp,2018,twfe_pooled,3036,124,8,1,21,1995,2017,0,0 to 4,1.3062177762048357,1.2308670283962024,1.0612176182075606,1.0,574.0,,,
huber_beta,abs_beta_bp,2018,twfe_pooled,3036,124,8,1,21,1995,2017,0,5 to 9,-0.2571205740678737,2.29850400440799,-0.11186431416903209,1.0,467.0,,,
huber_beta,abs_beta_bp,2018,twfe_pooled,3036,124,8,1,21,1995,2017,0,10+,-4.0703608189202605,3.4264479143296165,-1.1879243229986833,1.0,350.0,,,
huber_beta,abs_beta_bp,2018,twfe_pooled,3036,124,8,1,21,1995,2017,0,post,-0.5714828117686646,2.01763923682249,-0.28324330799031894,,1391.0,0.8453279677043296,1.0,0.35787740185944894
huber_beta,abs_beta_bp,2018,twfe_static,3036,124,8,1,21,1995,2017,0,post,1.9660267276914662,1.427766357625249,1.376994714290289,,3036.0,,,
char_ic,char_ic_x100,2018,sun_abraham,3036,124,8,21,21,1995,2017,1,-10 to -6,0.12397345713507894,0.34754953825303525,0.3567072992190812,17.0,878.0,,,
char_ic,char_ic_x100,2018,sun_abraham,3036,124,8,21,21,1995,2017,1,0 to 4,0.09069253250143162,0.286931493903675,0.31607730217261465,21.0,574.0,,,
char_ic,char_ic_x100,2018,sun_abraham,3036,124,8,21,21,1995,2017,1,5 to 9,0.09977438161858392,0.5295507427993298,0.18841325968339326,16.0,467.0,,,
char_ic,char_ic_x100,2018,sun_abraham,3036,124,8,21,21,1995,2017,1,10+,0.3160620944237803,0.6758523206077698,0.46764963999762105,11.0,350.0,,,
char_ic,char_ic_x100,2018,sun_abraham,3036,124,8,21,21,1995,2017,1,post,0.15044851396119593,0.43310517651130653,0.34737177508029243,,1391.0,0.12724009731617109,1.0,0.7213109405736736
char_ic,char_ic_x100,2018,twfe_pooled,3036,124,8,1,21,1995,2017,0,-10 to -6,0.08560487885904963,0.2007860302603559,0.42634877908611074,1.0,878.0,,,
char_ic,char_ic_x100,2018,twfe_pooled,3036,124,8,1,21,1995,2017,0,0 to 4,0.1010356027250836,0.2134868030021864,0.4732639268763084,1.0,574.0,,,
char_ic,char_ic_x100,2018,twfe_pooled,3036,124,8,1,21,1995,2017,0,5 to 9,0.16318085079991754,0.3354952691733562,0.4863879338805197,1.0,467.0,,,
char_ic,char_ic_x100,2018,twfe_pooled,3036,124,8,1,21,1995,2017,0,10+,0.2756894281218529,0.4680800063892553,0.588979286358558,1.0,350.0,,,
char_ic,char_ic_x100,2018,twfe_pooled,3036,124,8,1,21,1995,2017,0,post,0.1658455737817455,0.2936340617618745,0.5648035952867063,,1391.0,0.1817732814282173,1.0,0.6698537187740554
char_ic,char_ic_x100,2018,twfe_static,3036,124,8,1,21,1995,2017,0,post,0.0785098516066469,0.20632590817894628,0.3805137818104519,,3036.0,,,
char_ic,abs_char_ic_x100,2018,sun_abraham,3036,124,8,21,21,1995,2017,1,-10 to -6,0.27831852492695536,0.2560046977641354,1.0871617878800737,17.0,878.0,,,
char_ic,abs_char_ic_x100,2018,sun_abraham,3036,124,8,21,21,1995,2017,1,0 to 4,-0.1292171271206477,0.1812306033676815,-0.7129983828310243,21.0,574.0,,,
char_ic,abs_char_ic_x100,2018,sun_abraham,3036,124,8,21,21,1995,2017,1,5 to 9,0.1612900158477924,0.27567327416777854,0.5850767229239243,16.0,467.0,,,
char_ic,abs_char_ic_x100,2018,sun_abraham,3036,124,8,21,21,1995,2017,1,10+,0.2501022705424892,0.4050318911259427,0.6174878473081052,11.0,350.0,,,
char_ic,abs_char_ic_x100,2018,sun_abraham,3036,124,8,21,21,1995,2017,1,post,0.06375816040513194,0.24427364765340945,0.26101121024563384,,1391.0,1.1819207530265985,1.0,0.27696531506657296
char_ic,abs_char_ic_x100,2018,twfe_pooled,3036,124,8,1,21,1995,2017,0,-10 to -6,0.3289414137207749,0.21002805498829155,1.5661784504889713,1.0,878.0,,,
char_ic,abs_char_ic_x100,2018,twfe_pooled,3036,124,8,1,21,1995,2017,0,0 to 4,-0.10412989042828824,0.12926800064483907,-0.8055349344682973,1.0,574.0,,,
char_ic,abs_char_ic_x100,2018,twfe_pooled,3036,124,8,1,21,1995,2017,0,5 to 9,0.19952187922033193,0.16244368636726475,1.2282525943743856,1.0,467.0,,,
char_ic,abs_char_ic_x100,2018,twfe_pooled,3036,124,8,1,21,1995,2017,0,10+,0.26665962889479095,0.2982703225969453,0.8940199835272579,1.0,350.0,,,
char_ic,abs_char_ic_x100,2018,twfe_pooled,3036,124,8,1,21,1995,2017,0,post,0.0911121715335977,0.15521964263018057,0.5869886696664901,,1391.0,2.452914938776035,1.0,0.11730684616405364
char_ic,abs_char_ic_x100,2018,twfe_static,3036,124,8,1,21,1995,2017,0,post,-0.11669006463638508,0.1125182272509292,-1.0370769917673177,,3036.0,,,
