year,rank,share_sq,sign,crsp_return,has_permno,prc_bucket,size_grp
1995,1,0.01467835079640269,+,True,True,<1,nano
1995,2,0.013174964615365796,+,True,True,<1,nano
1995,3,0.01106805161625549,+,True,True,<0.1,nano
1996,1,0.25924742719155935,+,False,False,<1,nano
1996,2,0.05878135666967308,+,True,True,<0.1,micro
1996,3,0.027316357523188093,+,False,False,<1,micro
1997,1,0.048235576691206754,+,False,False,<1,nano
1997,2,0.010533611131790221,+,True,True,<1,nano
1997,3,0.009024761421466718,+,True,True,<1,nano
1998,1,0.9638438765565742,+,False,False,<0.1,<NA>
1998,2,0.0010924750287140683,+,True,True,<1,nano
1998,3,0.0009480572311307103,+,True,True,<1,nano
1999,1,0.9900153282752636,+,False,False,<0.1,nano
1999,2,0.0038426227158857053,+,False,False,<0.1,<NA>
1999,3,0.0005317084233149094,+,False,False,<0.1,<NA>
2000,1,0.9376799313721844,+,False,False,<0.1,nano
2000,2,0.02043767704079501,+,False,False,<1,nano
2000,3,0.0029004723921910365,+,False,False,<0.1,nano
2001,1,0.8794555562701237,+,False,False,<0.1,<NA>
2001,2,0.10593459623719029,+,False,False,<0.1,nano
2001,3,0.000797233169775511,+,False,False,<0.1,<NA>
2002,1,0.9503398659791481,+,False,False,<0.1,<NA>
2002,2,0.004690080408020021,+,False,False,<1,nano
2002,3,0.00043885643066885534,+,False,False,<0.1,nano
2003,1,0.8976425829842335,+,False,False,<0.1,nano
2003,2,0.09928047077675951,+,False,False,<0.1,nano
2003,3,0.0018655761124183841,+,False,False,<0.1,nano
2004,1,0.9999054472318494,+,False,False,<0.1,nano
2004,2,4.159669551804907e-05,+,False,False,<0.1,nano
2004,3,4.159639418555575e-05,+,False,False,<0.1,nano
2005,1,0.9508993319506261,+,False,False,<0.1,nano
2005,2,0.0452838995135879,+,False,False,<0.1,nano
2005,3,0.00020852639065639385,+,False,False,<5,<NA>
2006,1,0.45981075985632075,+,False,False,<1,nano
2006,2,0.008150866498967574,+,True,True,>=5,nano
2006,3,0.007254257205087192,+,True,True,<5,nano
2007,1,0.5083427801379556,+,False,False,<0.1,nano
2007,2,0.38336024867058555,+,False,False,<0.1,nano
2007,3,0.047908122623867094,+,False,False,<0.1,nano
2008,1,0.02891030136843411,+,False,False,<0.1,nano
2008,2,0.010716720839866977,+,True,True,<1,nano
2008,3,0.009583228532821082,+,False,False,<0.1,<NA>
2009,1,0.24791258495814691,+,True,True,<0.1,nano
2009,2,0.214794036281556,+,False,False,<0.1,<NA>
2009,3,0.09396358078944952,+,True,True,<1,nano
2010,1,0.4961312368916092,+,False,False,<0.1,nano
2010,2,0.14816718318373376,+,False,False,<0.1,<NA>
2010,3,0.02385707306060067,+,False,False,<1,nano
2011,1,0.08040260386583425,+,False,False,<0.1,<NA>
2011,2,0.06917082798684027,+,False,False,<0.1,nano
2011,3,0.04186186224438863,+,True,True,<1,nano
2012,1,0.11139866425197492,+,True,True,<1,nano
2012,2,0.03155499427825172,+,False,False,<0.1,nano
2012,3,0.022032150286088497,+,False,False,<0.1,nano
2013,1,0.2539505790439181,+,True,True,<1,nano
2013,2,0.010766823092685741,+,True,True,>=5,micro
2013,3,0.009584210556962824,+,True,True,<1,nano
2014,1,0.03320369037533369,+,True,True,<1,nano
2014,2,0.01437032708755823,+,False,False,<0.1,nano
2014,3,0.013377954565184043,+,True,True,<5,nano
2015,1,0.997878931459031,+,False,False,<0.1,nano
2015,2,0.001064622846443488,+,False,False,<0.1,nano
2015,3,0.0007376701287599043,+,False,False,<0.1,nano
2016,1,0.7825803558133747,+,False,False,<1,nano
2016,2,0.007149091913052445,+,True,True,<1,nano
2016,3,0.006171233581538848,+,True,True,<5,micro
2017,1,0.05892435330702179,+,True,True,>=5,micro
2017,2,0.05165358146747515,+,True,True,<0.1,nano
2017,3,0.0159178107244719,+,False,False,<1,nano
2018,1,0.9919122611491333,+,False,False,<0.1,nano
2018,2,0.00024202146375105547,+,True,True,<5,nano
2018,3,0.00022259972316994686,+,True,True,<1,nano
2019,1,0.17458135562047766,+,True,True,>=5,micro
2019,2,0.023449202970837055,+,False,False,<0.1,small
2019,3,0.020665775761817957,+,True,True,<5,nano
2020,1,0.29210103173165275,+,False,False,<0.1,nano
2020,2,0.03446427395785051,+,True,True,<5,nano
2020,3,0.012762543770720437,+,True,True,<5,micro
2021,1,0.09226370431743756,+,True,True,<5,nano
2021,2,0.07861600243884419,+,True,True,>=5,small
2021,3,0.05388046505418576,+,False,False,<5,micro
2022,1,0.09997390078855387,+,True,True,>=5,micro
2022,2,0.029052805310260152,+,True,True,>=5,micro
2022,3,0.013990994104391339,+,True,True,<1,nano
2023,1,0.3265886114051247,+,True,True,>=5,micro
2023,2,0.049808055686820764,+,True,True,>=5,micro
2023,3,0.03591959728390826,+,True,True,<1,nano
2024,1,0.1938667992621591,+,True,True,<5,nano
2024,2,0.0900641556301789,+,True,True,<1,nano
2024,3,0.04838879635049608,+,True,True,<5,nano
