year,n,mean,sd,min,max,q001,q999,n_abs_gt_1,n_abs_gt_5,n_abs_gt_10,share_sq_top1,share_sq_top10,share_sq_abs_gt_1,ext_share_no_permno,ext_share_not_crsp,ext_share_small,ext_share_prc_lt_1,share_no_permno,share_not_crsp
1995,87533,0.019406084035609,0.17548919818253533,-0.9963684678077698,6.328695774078369,-0.6410682408809661,1.4660048031806938,218,3,0,0.01467835079640269,0.083032712386642,0.26735115544608695,0.06422018348623854,0.06422018348623854,0.944954128440367,0.5504587155963303,0.021763220728182514,0.021763220728182514
1996,93049,0.011447002307298941,0.22952610237468776,-0.9748501181602478,35.6931266784668,-0.6408489270210266,1.43964884376531,215,8,4,0.25924742719155935,0.40971141930809774,0.5267280866687958,0.11162790697674418,0.11162790697674418,0.9209302325581395,0.4,0.02372943287945061,0.02372943287945061
1997,96723,0.012941673599525026,0.18982070610841836,-1.003670573234558,12.995686531066895,-0.7545907582044601,1.374887554168717,193,4,1,0.048235576691206754,0.10616216206721868,0.24520664021172425,0.08808290155440414,0.08808290155440414,0.9430051813471503,0.5284974093264249,0.02199063304488074,0.02199063304488074
1998,95307,-0.0005479577850156257,1.241032888246101,-1.0040210485458374,376.1396179199219,-0.8161566545963287,1.9031422281265427,351,9,4,0.9638438765565742,0.9688928128356954,0.976644887618895,0.05128205128205128,0.05128205128205128,0.9401709401709402,0.4301994301994302,0.022684587700798474,0.022684587700798474
1999,89318,0.03586885709369922,3.454222501519902,-1.0033406019210815,1027.2216796875,-0.6607512762546539,2.329786993026734,700,16,4,0.9900153282752636,0.9948854794248458,0.9969821826363338,0.045714285714285714,0.045714285714285714,0.7971428571428572,0.2342857142857143,0.02553796547168544,0.02553796547168544
2000,86499,-0.007943131874441317,1.3570765180213298,-1.0050020217895508,386.49566650390625,-0.8035786831378937,2.1103889408111542,612,9,4,0.9376799313721844,0.9629151969544211,0.973056871322603,0.0457516339869281,0.0457516339869281,0.6797385620915033,0.11601307189542484,0.024416467242395865,0.024416467242395865
2001,79444,0.030763384654561406,2.387010474382336,-1.0031830072402954,630.9978637695312,-0.8321922925114632,2.445388488292698,766,11,3,0.8794555562701237,0.9869097716971896,0.9916987830234198,0.031331592689295036,0.031331592689295036,0.9112271540469974,0.54177545691906,0.026370776899451186,0.026370776899451186
2002,72510,-0.006756786857874043,1.0437606223519196,-1.0015459060668945,273.9986572265625,-0.852222318828106,1.7222733746766739,324,4,2,0.9503398659791481,0.9573338801983048,0.9668580598363045,0.07098765432098765,0.07098765432098765,0.941358024691358,0.6203703703703703,0.03003723624327679,0.03003723624327679
2003,67234,0.11597513292298664,12.41058232813768,-1.0009385347366333,3048.999267578125,-0.758928782761097,2.0342963697911602,354,15,9,0.8976425829842335,0.9996987164382447,0.9998141327482496,0.1694915254237288,0.1694915254237288,0.9717514124293786,0.5875706214689266,0.03288514739566291,0.03288514739566291
2004,65152,0.25687656801389946,60.13575295880291,-0.9984137415885925,15348.9990234375,-0.6076954106092453,1.4634667105674941,127,8,6,0.9999054472318494,0.9999931929343502,0.9999947412473299,0.2755905511811024,0.2755905511811024,0.952755905511811,0.3937007874015748,0.033705795677799605,0.033705795677799605
2005,64617,0.013630747376619857,2.412411380722586,-1.0008361339569092,597.9969482421875,-0.6246765971183776,1.167511024475086,89,4,2,0.9508993319506261,0.9967158965887711,0.9971761995802982,0.25842696629213485,0.25842696629213485,0.9550561797752809,0.3258426966292135,0.033056316449231626,0.033056316449231626
2006,63693,0.010950042631236546,0.18664662920642044,-0.9985345005989075,31.996440887451172,-0.5701266038417816,1.1101989178657492,78,1,1,0.45981075985632075,0.4957116057035499,0.5486941069443715,0.19230769230769232,0.19230769230769232,0.9743589743589743,0.3076923076923077,0.03158902862166957,0.03158902862166957
2007,62774,-0.0027875784698557287,0.6381462771086864,-0.9862350225448608,113.99678802490234,-0.6370347564816475,0.9899083720445551,60,7,4,0.5083427801379556,0.9544201288230878,0.960177878637027,0.26666666666666666,0.26666666666666666,0.9833333333333333,0.4166666666666667,0.031016025743142064,0.031016025743142064
2008,61045,-0.0466134550923363,0.21193411249759522,-1.001001000404358,9.116130828857422,-0.8610058023929595,1.4744372043609577,134,3,0,0.02891030136843411,0.08549407247895782,0.18941468065331218,0.11940298507462686,0.11940298507462686,0.9328358208955224,0.5671641791044776,0.031992792202473586,0.031992792202473586
2009,57161,0.05148483771357831,0.43920931306655714,-1.000156044960022,52.6422233581543,-0.8352454209327698,2.568201141357353,519,14,6,0.24791258495814691,0.6458895755326587,0.787624200312148,0.08092485549132948,0.08092485549132948,0.9248554913294798,0.5973025048169557,0.03393922429628593,0.03393922429628593
2010,54987,0.024391749983777956,0.29566079895339725,-0.9957280158996582,48.999874114990234,-0.6681625784635544,1.3750366024971221,115,5,3,0.4961312368916092,0.6989729007251682,0.7481931883557702,0.16521739130434782,0.16521739130434782,0.9391304347826087,0.4434782608695652,0.0332260352446942,0.0332260352446942
2011,53409,-0.007518846751677612,0.17532993874423158,-0.9998199939727783,11.49998664855957,-0.6567360424995422,1.2362244548797325,85,4,2,0.08040260386583425,0.2549793280244742,0.3660791397006481,0.2,0.2,0.9176470588235294,0.5058823529411764,0.032840906963245896,0.032840906963245896
2012,52101,0.015619094302785033,0.1737074207187377,-0.9938385486602783,13.287092208862305,-0.653175002336502,1.1995933651924189,83,6,1,0.11139866425197492,0.26393583054706266,0.3991777021102341,0.14457831325301204,0.14457831325301204,0.9759036144578314,0.6144578313253012,0.037216176273008196,0.037216176273008196
2013,50912,0.031357949026257353,0.1666744346725749,-0.952528715133667,19.28443717956543,-0.6231269373297691,1.198363746166229,90,1,1,0.2539505790439181,0.308267245231422,0.41314002795765553,0.13333333333333333,0.13333333333333333,0.9666666666666667,0.4,0.03464802011313639,0.03464802011313639
2014,51983,0.003024058800687709,0.14631820580421417,-0.9954504370689392,6.0801591873168945,-0.6364621232748031,1.1161223645208762,70,1,0,0.03320369037533369,0.13054782513239097,0.24698776788782986,0.24285714285714285,0.24285714285714285,0.9142857142857143,0.4142857142857143,0.03172190908566262,0.03172190908566262
2015,52808,0.10549799809493163,23.87267653605679,-0.9998061656951904,5480.17138671875,-0.7526936851739884,1.2686520961522958,104,7,5,0.997878931459031,0.9999588549227276,0.9999654426799296,0.11538461538461539,0.11538461538461539,0.9807692307692307,0.4807692307692308,0.02829116800484775,0.02829116800484775
2016,51572,0.01684132473373756,0.39726076692760875,-0.9945271015167236,79.87981414794922,-0.7720400847196579,1.5265741820335326,123,4,1,0.7825803558133747,0.8156386614456891,0.854604903706881,0.11382113821138211,0.11382113821138211,0.975609756097561,0.44715447154471544,0.026778096641588457,0.026778096641588457
2017,50771,0.012268184442003184,0.1623140839653956,-1.000622034072876,8.903247833251953,-0.7380995535850525,1.300352873802269,112,2,0,0.05892435330702179,0.16946884402839524,0.3221798563899858,0.10714285714285714,0.10714285714285714,0.9642857142857143,0.3392857142857143,0.02664907132024187,0.02664907132024187
2018,50872,-0.005039836283296213,1.909757256930035,-0.9951580166816711,428.9984436035156,-0.7520730480551719,1.4269675329923859,87,5,1,0.9919122611491333,0.9930829584140778,0.9942387506799493,0.1724137931034483,0.1724137931034483,0.9655172413793104,0.4942528735632184,0.023333071237615976,0.023333071237615976
2019,50915,0.01688669903055241,0.21020067952269855,-0.9893007874488831,19.881669998168945,-0.787716968178749,1.7383711614609285,156,4,1,0.17458135562047766,0.27173419156980994,0.44300059680732184,0.019230769230769232,0.019230769230769232,0.9230769230769231,0.3782051282051282,0.018462142786997936,0.018462142786997936
2020,51076,0.0339415751379928,0.34292202918911185,-0.9941378831863403,42.09081268310547,-0.8333536475896836,2.805796664953339,403,19,2,0.29210103173165275,0.39354493240584654,0.6467176649279655,0.05459057071960298,0.05459057071960298,0.890818858560794,0.32754342431761785,0.016132821677500197,0.016132821677500197
2021,59041,0.012174852564686978,0.23821412419086646,-0.9928500652313232,17.604604721069336,-0.6194078612327576,1.9992086648940877,217,14,4,0.09226370431743756,0.37163501718056174,0.6097939140931556,0.05069124423963134,0.05069124423963134,0.880184331797235,0.2073732718894009,0.011060110770481529,0.011060110770481529
2022,65606,-0.02605101434897866,0.2136422494939769,-0.9976189732551575,17.43039321899414,-0.7932304263114929,1.5883135098218926,167,6,1,0.09997390078855387,0.2102369766056815,0.36053449156272516,0.0,0.0,0.9041916167664671,0.31736526946107785,0.0059293357314879735,0.0059293357314879735
2023,61932,0.005299380583016098,0.32980100367453413,-1.0037838220596313,46.910072326660156,-0.9044825128316879,2.340235538721471,348,12,4,0.3265886114051247,0.48557989852543965,0.6673269423672296,0.0,0.0,0.9339080459770115,0.42528735632183906,0.00429503326228767,0.00429503326228767
2024,58614,0.0027718453365813576,0.3658105602482904,-1.0045610666275024,38.99609375,-0.9341773224473,3.098811018705638,412,21,7,0.1938667992621591,0.48649475321579255,0.7371909115210324,0.0048543689320388345,0.0048543689320388345,0.9490291262135923,0.3640776699029126,0.00412870645238339,0.00412870645238339
