year,set,model,setting,pred_sd_over_y_sd,pred_mean_minus_y_mean_over_y_sd,run_id,robust,clip_lo,clip_hi,train_rows_clipped,crsp_only
1995,public,enet,"{'alpha': 0.0001, 'l1': 0.5}",0.0606132671236991,-0.0776417329907417,20261005-010838-8084b01,True,-0.5471841285228729,1.1188627748489528,2246.0,True
1995,public,pcr,{'K': 20},0.0626971647143364,-0.0775811523199081,20261005-010838-8084b01,True,-0.5471841285228729,1.1188627748489528,2246.0,True
1995,public,pls,{'K': 10},0.0628383308649063,-0.0775921866297721,20261005-010838-8084b01,True,-0.5471841285228729,1.1188627748489528,2246.0,True
1995,full,enet,"{'alpha': 0.0001, 'l1': 0.5}",0.0810773074626922,-0.0780601501464843,20261005-010838-8084b01,True,-0.5471841285228729,1.1188627748489528,2246.0,True
1995,full,pcr,{'K': 30},0.0642287880182266,-0.0778772085905075,20261005-010838-8084b01,True,-0.5471841285228729,1.1188627748489528,2246.0,True
1995,full,pls,{'K': 10},0.0867736190557479,-0.0780819654464721,20261005-010838-8084b01,True,-0.5471841285228729,1.1188627748489528,2246.0,True
1997,public,enet,"{'alpha': 0.0001, 'l1': 0.9}",0.0598719492554664,-0.0389022789895534,20261005-010838-8084b01,True,-0.573654827594757,1.1550867242813254,2556.0,True
1997,public,pcr,{'K': 25},0.0638123452663421,-0.038837045431137,20261005-010838-8084b01,True,-0.573654827594757,1.1550867242813254,2556.0,True
1997,public,pls,{'K': 5},0.0615660771727561,-0.0388858579099178,20261005-010838-8084b01,True,-0.573654827594757,1.1550867242813254,2556.0,True
1997,full,enet,"{'alpha': 0.0001, 'l1': 0.5}",0.0775487124919891,-0.0391103848814964,20261005-010838-8084b01,True,-0.573654827594757,1.1550867242813254,2556.0,True
1997,full,pcr,{'K': 30},0.0643987953662872,-0.0391853116452693,20261005-010838-8084b01,True,-0.573654827594757,1.1550867242813254,2556.0,True
1997,full,pls,{'K': 10},0.0827764347195625,-0.0390917360782623,20261005-010838-8084b01,True,-0.573654827594757,1.1550867242813254,2556.0,True
1999,public,enet,"{'alpha': 0.0001, 'l1': 0.5}",0.0429091490805149,-0.0788355022668838,20261005-010838-8084b01,True,-0.5992843766212463,1.193536646366117,2850.0,True
1999,public,pcr,{'K': 30},0.0424256026744842,-0.0791115313768386,20261005-010838-8084b01,True,-0.5992843766212463,1.193536646366117,2850.0,True
1999,public,pls,{'K': 5},0.0435696020722389,-0.0789140462875366,20261005-010838-8084b01,True,-0.5992843766212463,1.193536646366117,2850.0,True
1999,full,enet,"{'alpha': 0.0001, 'l1': 0.5}",0.0568762607872486,-0.0790962353348732,20261005-010838-8084b01,True,-0.5992843766212463,1.193536646366117,2850.0,True
1999,full,pcr,{'K': 30},0.0468595400452613,-0.0790808349847793,20261005-010838-8084b01,True,-0.5992843766212463,1.193536646366117,2850.0,True
1999,full,pls,{'K': 10},0.0603203102946281,-0.0790954232215881,20261005-010838-8084b01,True,-0.5992843766212463,1.193536646366117,2850.0,True
2001,public,enet,"{'alpha': 0.0001, 'l1': 0.9}",0.0377985313534736,-0.0511400699615478,20261005-010838-8084b01,True,-0.6202533977627754,1.2998759580850685,3140.0,True
2001,public,pcr,{'K': 30},0.0379807315766811,-0.0512573979794979,20261005-010838-8084b01,True,-0.6202533977627754,1.2998759580850685,3140.0,True
2001,public,pls,{'K': 5},0.0392194055020809,-0.0510646626353263,20261005-010838-8084b01,True,-0.6202533977627754,1.2998759580850685,3140.0,True
2001,full,enet,"{'alpha': 0.0001, 'l1': 0.5}",0.0516717545688152,-0.0511679835617542,20261005-010838-8084b01,True,-0.6202533977627754,1.2998759580850685,3140.0,True
2001,full,pcr,{'K': 30},0.0423333719372749,-0.0512555614113807,20261005-010838-8084b01,True,-0.6202533977627754,1.2998759580850685,3140.0,True
2001,full,pls,{'K': 10},0.0542325936257839,-0.0511174127459526,20261005-010838-8084b01,True,-0.6202533977627754,1.2998759580850685,3140.0,True
2003,public,enet,"{'alpha': 0.0001, 'l1': 0.5}",0.0576162077486515,-0.2253082990646362,20261005-010838-8084b01,True,-0.6226442495584488,1.2995024113655202,3460.0,True
2003,public,pcr,{'K': 30},0.0551876053214073,-0.2251677364110946,20261005-010838-8084b01,True,-0.6226442495584488,1.2995024113655202,3460.0,True
2003,public,pls,{'K': 5},0.0594093985855579,-0.2250598520040512,20261005-010838-8084b01,True,-0.6226442495584488,1.2995024113655202,3460.0,True
2003,full,enet,"{'alpha': 0.0001, 'l1': 0.5}",0.0710122883319854,-0.2252762168645858,20261005-010838-8084b01,True,-0.6226442495584488,1.2995024113655202,3460.0,True
2003,full,pcr,{'K': 30},0.0577622093260288,-0.2254552990198135,20261005-010838-8084b01,True,-0.6226442495584488,1.2995024113655202,3460.0,True
2003,full,pls,{'K': 10},0.0758458003401756,-0.2248098403215408,20261005-010838-8084b01,True,-0.6226442495584488,1.2995024113655202,3460.0,True
2005,public,enet,"{'alpha': 0.0001, 'l1': 0.5}",0.0798041522502899,0.0313808992505073,20261005-010838-8084b01,True,-0.6261309523582459,1.3037094230651856,3812.0,True
2005,public,pcr,{'K': 30},0.0762423649430275,0.0311467926949262,20261005-010838-8084b01,True,-0.6261309523582459,1.3037094230651856,3812.0,True
2005,public,pls,{'K': 5},0.0808581411838531,0.0310663189738988,20261005-010838-8084b01,True,-0.6261309523582459,1.3037094230651856,3812.0,True
2005,full,enet,"{'alpha': 0.0001, 'l1': 0.5}",0.0949007496237754,0.0316708981990814,20261005-010838-8084b01,True,-0.6261309523582459,1.3037094230651856,3812.0,True
2005,full,pcr,{'K': 30},0.0782719403505325,0.0312922485172748,20261005-010838-8084b01,True,-0.6261309523582459,1.3037094230651856,3812.0,True
2005,full,pls,{'K': 10},0.1000245511531829,0.0317351445555686,20261005-010838-8084b01,True,-0.6261309523582459,1.3037094230651856,3812.0,True
2007,public,enet,"{'alpha': 0.0001, 'l1': 0.5}",0.0936245843768119,0.0981219038367271,20261005-010838-8084b01,True,-0.6525562229752541,1.3285485415458729,4188.0,True
2007,public,pcr,{'K': 30},0.0780612006783485,0.0972801819443702,20261005-010838-8084b01,True,-0.6525562229752541,1.3285485415458729,4188.0,True
2007,public,pls,{'K': 10},0.0969815328717231,0.0984524264931678,20261005-010838-8084b01,True,-0.6525562229752541,1.3285485415458729,4188.0,True
2007,full,enet,"{'alpha': 0.0001, 'l1': 0.5}",0.1013658195734024,0.0980636477470398,20261005-010838-8084b01,True,-0.6525562229752541,1.3285485415458729,4188.0,True
2007,full,pcr,{'K': 30},0.0829537212848663,0.0973853394389152,20261005-010838-8084b01,True,-0.6525562229752541,1.3285485415458729,4188.0,True
2007,full,pls,{'K': 10},0.1069769635796547,0.0983348116278648,20261005-010838-8084b01,True,-0.6525562229752541,1.3285485415458729,4188.0,True
2009,public,enet,"{'alpha': 0.0001, 'l1': 0.5}",0.0355085134506225,-0.1152292713522911,20261005-010838-8084b01,True,-0.670678973197937,1.4245283426046336,4526.0,True
2009,public,pcr,{'K': 30},0.0264784563332796,-0.1151556372642517,20261005-010838-8084b01,True,-0.670678973197937,1.4245283426046336,4526.0,True
2009,public,pls,{'K': 10},0.0378588214516639,-0.115266628563404,20261005-010838-8084b01,True,-0.670678973197937,1.4245283426046336,4526.0,True
2009,full,enet,"{'alpha': 0.0001, 'l1': 0.5}",0.0380624495446682,-0.1152152717113494,20261005-010838-8084b01,True,-0.670678973197937,1.4245283426046336,4526.0,True
2009,full,pcr,{'K': 30},0.027988264337182,-0.1152317374944686,20261005-010838-8084b01,True,-0.670678973197937,1.4245283426046336,4526.0,True
2009,full,pls,{'K': 10},0.0408420674502849,-0.1151687279343605,20261005-010838-8084b01,True,-0.670678973197937,1.4245283426046336,4526.0,True
2011,public,enet,"{'alpha': 0.01, 'l1': 0.5}",2.9966731318609163e-09,0.0896189734339714,20261005-010838-8084b01,True,-0.6923152602910996,1.4953629970550537,4825.0,True
2011,public,pcr,{'K': 1},0.0061424211598932,0.0893907397985458,20261005-010838-8084b01,True,-0.6923152602910996,1.4953629970550537,4825.0,True
2011,public,pls,{'K': 3},0.0817349329590797,0.0889065563678741,20261005-010838-8084b01,True,-0.6923152602910996,1.4953629970550537,4825.0,True
2011,full,enet,"{'alpha': 0.001, 'l1': 0.9}",0.0472903810441494,0.0898691564798355,20261005-010838-8084b01,True,-0.6923152602910996,1.4953629970550537,4825.0,True
2011,full,pcr,{'K': 30},0.0739392265677452,0.08897215873003,20261005-010838-8084b01,True,-0.6923152602910996,1.4953629970550537,4825.0,True
2011,full,pls,{'K': 5},0.0924698635935783,0.0891773253679275,20261005-010838-8084b01,True,-0.6923152602910996,1.4953629970550537,4825.0,True
2013,public,enet,"{'alpha': 0.001, 'l1': 0.9}",0.0431353189051151,-0.1483319848775863,20261005-010838-8084b01,True,-0.6922756389379502,1.495676910281175,5082.0,True
2013,public,pcr,{'K': 3},0.0394871234893798,-0.1476980894804,20261005-010838-8084b01,True,-0.6922756389379502,1.495676910281175,5082.0,True
2013,public,pls,{'K': 1},0.0575223825871944,-0.1488104462623596,20261005-010838-8084b01,True,-0.6922756389379502,1.495676910281175,5082.0,True
2013,full,enet,"{'alpha': 0.001, 'l1': 0.9}",0.0433927811682224,-0.1484889984130859,20261005-010838-8084b01,True,-0.6922756389379502,1.495676910281175,5082.0,True
2013,full,pcr,{'K': 3},0.0417051501572132,-0.1475740075111389,20261005-010838-8084b01,True,-0.6922756389379502,1.495676910281175,5082.0,True
2013,full,pls,{'K': 1},0.0575446300208568,-0.1483834087848663,20261005-010838-8084b01,True,-0.6922756389379502,1.495676910281175,5082.0,True
2015,public,enet,"{'alpha': 0.001, 'l1': 0.5}",0.0502335280179977,0.0732791945338249,20261005-010838-8084b01,True,-0.6887338429689407,1.489884966611821,5330.0,True
2015,public,pcr,{'K': 3},0.0362917184829711,0.0736917555332183,20261005-010838-8084b01,True,-0.6887338429689407,1.489884966611821,5330.0,True
2015,public,pls,{'K': 1},0.0505989082157611,0.0742321982979774,20261005-010838-8084b01,True,-0.6887338429689407,1.489884966611821,5330.0,True
2015,full,enet,"{'alpha': 0.001, 'l1': 0.9}",0.0380208864808082,0.0732070505619049,20261005-010838-8084b01,True,-0.6887338429689407,1.489884966611821,5330.0,True
2015,full,pcr,{'K': 3},0.0397212654352188,0.0737568587064743,20261005-010838-8084b01,True,-0.6887338429689407,1.489884966611821,5330.0,True
2015,full,pls,{'K': 1},0.0521685369312763,0.0745747089385986,20261005-010838-8084b01,True,-0.6887338429689407,1.489884966611821,5330.0,True
2017,public,enet,"{'alpha': 0.001, 'l1': 0.5}",0.0550883747637271,-0.0409961678087711,20261005-010838-8084b01,True,-0.6974312232732772,1.466636097192787,5570.0,True
2017,public,pcr,{'K': 3},0.0451321639120578,-0.0401385948061943,20261005-010838-8084b01,True,-0.6974312232732772,1.466636097192787,5570.0,True
2017,public,pls,{'K': 1},0.0597080960869789,-0.0412378683686256,20261005-010838-8084b01,True,-0.6974312232732772,1.466636097192787,5570.0,True
2017,full,enet,"{'alpha': 0.001, 'l1': 0.9}",0.0419736355543136,-0.0409812107682228,20261005-010838-8084b01,True,-0.6974312232732772,1.466636097192787,5570.0,True
2017,full,pcr,{'K': 3},0.0452142916619777,-0.0402489267289638,20261005-010838-8084b01,True,-0.6974312232732772,1.466636097192787,5570.0,True
2017,full,pls,{'K': 1},0.059548445045948,-0.0412509590387344,20261005-010838-8084b01,True,-0.6974312232732772,1.466636097192787,5570.0,True
2019,public,enet,"{'alpha': 0.001, 'l1': 0.5}",0.0407386980950832,-0.0508340783417224,20261005-010838-8084b01,True,-0.6993914172053337,1.4952493011951449,5786.0,True
2019,public,pcr,{'K': 5},0.0352574959397316,-0.0510856360197067,20261005-010838-8084b01,True,-0.6993914172053337,1.4952493011951449,5786.0,True
2019,public,pls,{'K': 1},0.043891791254282,-0.0507706589996814,20261005-010838-8084b01,True,-0.6993914172053337,1.4952493011951449,5786.0,True
2019,full,enet,"{'alpha': 0.001, 'l1': 0.5}",0.0411076620221138,-0.0507858879864215,20261005-010838-8084b01,True,-0.6993914172053337,1.4952493011951449,5786.0,True
2019,full,pcr,{'K': 5},0.0350331924855709,-0.0511038899421691,20261005-010838-8084b01,True,-0.6993914172053337,1.4952493011951449,5786.0,True
2019,full,pls,{'K': 1},0.0437719225883483,-0.0507425144314765,20261005-010838-8084b01,True,-0.6993914172053337,1.4952493011951449,5786.0,True
2021,public,enet,"{'alpha': 0.001, 'l1': 0.9}",0.0276283212006092,-0.0230728927999734,20261005-010838-8084b01,True,-0.6978306357860565,1.4934887170791926,5990.0,True
2021,public,pcr,{'K': 1},0.0108716795220971,-0.0230431333184242,20261005-010838-8084b01,True,-0.6978306357860565,1.4934887170791926,5990.0,True
2021,public,pls,{'K': 1},0.0411448888480663,-0.0225348975509405,20261005-010838-8084b01,True,-0.6978306357860565,1.4934887170791926,5990.0,True
2021,full,enet,"{'alpha': 0.001, 'l1': 0.9}",0.0276283212006092,-0.0230728927999734,20261005-010838-8084b01,True,-0.6978306357860565,1.4934887170791926,5990.0,True
2021,full,pcr,{'K': 1},0.0108716795220971,-0.0230431333184242,20261005-010838-8084b01,True,-0.6978306357860565,1.4934887170791926,5990.0,True
2021,full,pls,{'K': 1},0.0411448888480663,-0.0225348975509405,20261005-010838-8084b01,True,-0.6978306357860565,1.4934887170791926,5990.0,True
2023,public,enet,"{'alpha': 0.001, 'l1': 0.5}",0.0250636246055364,0.0032578983809798,20261005-010838-8084b01,True,-0.6963093191385269,1.4793011176585489,6190.0,True
2023,public,pcr,{'K': 5},0.0233270600438117,0.0033453872893005,20261005-010838-8084b01,True,-0.6963093191385269,1.4793011176585489,6190.0,True
2023,public,pls,{'K': 1},0.0282927732914686,0.0028535502497106,20261005-010838-8084b01,True,-0.6963093191385269,1.4793011176585489,6190.0,True
2023,full,enet,"{'alpha': 0.001, 'l1': 0.5}",0.0250636246055364,0.0032578983809798,20261005-010838-8084b01,True,-0.6963093191385269,1.4793011176585489,6190.0,True
2023,full,pcr,{'K': 5},0.0233270600438117,0.0033453872893005,20261005-010838-8084b01,True,-0.6963093191385269,1.4793011176585489,6190.0,True
2023,full,pls,{'K': 1},0.0282927732914686,0.0028535502497106,20261005-010838-8084b01,True,-0.6963093191385269,1.4793011176585489,6190.0,True
1995,public,nn1,"{'l1': 1e-05, 'epochs': [9, 9, 7, 32, 11]}",0.083689659833908,-0.0808462873101234,20261005-010838-8084b01,True,-0.5471841285228729,1.1188627748489528,2246.0,True
1995,public,nn2,"{'l1': 0.0001, 'epochs': [23, 7, 13, 12, 9]}",0.0878907069563865,-0.090495228767395,20261005-010838-8084b01,True,-0.5471841285228729,1.1188627748489528,2246.0,True
1995,public,nn3,"{'l1': 0.0001, 'epochs': [9, 8, 7, 12, 11]}",0.0864133015275001,-0.0857671052217483,20261005-010838-8084b01,True,-0.5471841285228729,1.1188627748489528,2246.0,True
1995,full,nn1,"{'l1': 0.0001, 'epochs': [22, 9, 7, 8, 9]}",0.1094704270362854,-0.0812092274427414,20261005-010838-8084b01,True,-0.5471841285228729,1.1188627748489528,2246.0,True
1995,full,nn2,"{'l1': 0.0001, 'epochs': [9, 8, 7, 7, 9]}",0.1142650842666626,-0.084763616323471,20261005-010838-8084b01,True,-0.5471841285228729,1.1188627748489528,2246.0,True
1995,full,nn3,"{'l1': 0.0001, 'epochs': [7, 8, 11, 7, 11]}",0.1154748350381851,-0.0755940005183219,20261005-010838-8084b01,True,-0.5471841285228729,1.1188627748489528,2246.0,True
1997,public,nn1,"{'l1': 0.0001, 'epochs': [22, 10, 8, 27, 20]}",0.0840528532862663,-0.0418291464447975,20261005-010838-8084b01,True,-0.573654827594757,1.1550867242813254,2556.0,True
1997,public,nn2,"{'l1': 0.0001, 'epochs': [19, 10, 15, 9, 11]}",0.0869979336857795,-0.0463720932602882,20261005-010838-8084b01,True,-0.573654827594757,1.1550867242813254,2556.0,True
1997,public,nn3,"{'l1': 0.0001, 'epochs': [14, 12, 15, 9, 11]}",0.0884992405772209,-0.0486358180642128,20261005-010838-8084b01,True,-0.573654827594757,1.1550867242813254,2556.0,True
1997,full,nn1,"{'l1': 0.0001, 'epochs': [17, 10, 32, 9, 12]}",0.1064982712268829,-0.0368451997637748,20261005-010838-8084b01,True,-0.573654827594757,1.1550867242813254,2556.0,True
1997,full,nn2,"{'l1': 0.0001, 'epochs': [14, 10, 13, 9, 11]}",0.1144290268421173,-0.0371576808393001,20261005-010838-8084b01,True,-0.573654827594757,1.1550867242813254,2556.0,True
1997,full,nn3,"{'l1': 0.0001, 'epochs': [9, 18, 13, 15, 12]}",0.1145032942295074,-0.0364379063248634,20261005-010838-8084b01,True,-0.573654827594757,1.1550867242813254,2556.0,True
1999,public,nn1,"{'l1': 0.0001, 'epochs': [7, 6, 7, 9, 13]}",0.0536503568291664,-0.078506201505661,20261005-010838-8084b01,True,-0.5992843766212463,1.193536646366117,2850.0,True
1999,public,nn2,"{'l1': 0.0001, 'epochs': [10, 6, 8, 9, 13]}",0.0595106668770313,-0.0813814625144004,20261005-010838-8084b01,True,-0.5992843766212463,1.193536646366117,2850.0,True
1999,public,nn3,"{'l1': 0.0001, 'epochs': [10, 6, 9, 9, 7]}",0.0560641512274742,-0.0825355872511863,20261005-010838-8084b01,True,-0.5992843766212463,1.193536646366117,2850.0,True
1999,full,nn1,"{'l1': 0.0001, 'epochs': [7, 9, 7, 14, 18]}",0.0711561441421508,-0.0858920887112617,20261005-010838-8084b01,True,-0.5992843766212463,1.193536646366117,2850.0,True
1999,full,nn2,"{'l1': 0.0001, 'epochs': [10, 14, 7, 14, 18]}",0.0786849036812782,-0.0806465595960617,20261005-010838-8084b01,True,-0.5992843766212463,1.193536646366117,2850.0,True
1999,full,nn3,"{'l1': 0.0001, 'epochs': [7, 6, 7, 14, 10]}",0.0755033195018768,-0.0828103646636009,20261005-010838-8084b01,True,-0.5992843766212463,1.193536646366117,2850.0,True
2001,public,nn1,"{'l1': 0.0001, 'epochs': [18, 13, 34, 31, 11]}",0.0561135113239288,-0.0517169684171676,20261005-010838-8084b01,True,-0.6202533977627754,1.2998759580850685,3140.0,True
2001,public,nn2,"{'l1': 0.0001, 'epochs': [18, 13, 10, 14, 10]}",0.0582978390157222,-0.0524936094880104,20261005-010838-8084b01,True,-0.6202533977627754,1.2998759580850685,3140.0,True
2001,public,nn3,"{'l1': 0.0001, 'epochs': [12, 13, 14, 15, 10]}",0.0611651688814163,-0.0537656284868717,20261005-010838-8084b01,True,-0.6202533977627754,1.2998759580850685,3140.0,True
2001,full,nn1,"{'l1': 0.0001, 'epochs': [10, 15, 11, 22, 11]}",0.0754242315888404,-0.0485300794243812,20261005-010838-8084b01,True,-0.6202533977627754,1.2998759580850685,3140.0,True
2001,full,nn2,"{'l1': 0.0001, 'epochs': [10, 13, 9, 15, 9]}",0.0786246433854103,-0.049764510244131,20261005-010838-8084b01,True,-0.6202533977627754,1.2998759580850685,3140.0,True
2001,full,nn3,"{'l1': 0.0001, 'epochs': [8, 8, 9, 11, 9]}",0.0791653543710708,-0.0491540692746639,20261005-010838-8084b01,True,-0.6202533977627754,1.2998759580850685,3140.0,True
2003,public,nn1,"{'l1': 1e-05, 'epochs': [31, 31, 34, 26, 51]}",0.0867427513003349,-0.2166870087385177,20261005-010838-8084b01,True,-0.6226442495584488,1.2995024113655202,3460.0,True
2003,public,nn2,"{'l1': 0.0001, 'epochs': [18, 21, 16, 23, 25]}",0.0882300063967704,-0.2205265909433365,20261005-010838-8084b01,True,-0.6226442495584488,1.2995024113655202,3460.0,True
2003,public,nn3,"{'l1': 0.0001, 'epochs': [18, 21, 16, 14, 25]}",0.0842115730047226,-0.2185131907463073,20261005-010838-8084b01,True,-0.6226442495584488,1.2995024113655202,3460.0,True
2003,full,nn1,"{'l1': 0.0001, 'epochs': [21, 21, 31, 7, 21]}",0.1036304607987403,-0.2156849354505539,20261005-010838-8084b01,True,-0.6226442495584488,1.2995024113655202,3460.0,True
2003,full,nn2,"{'l1': 0.0001, 'epochs': [14, 13, 20, 15, 25]}",0.1066971570253372,-0.2076020687818527,20261005-010838-8084b01,True,-0.6226442495584488,1.2995024113655202,3460.0,True
2003,full,nn3,"{'l1': 0.0001, 'epochs': [14, 10, 10, 15, 14]}",0.1038699895143508,-0.2112487256526947,20261005-010838-8084b01,True,-0.6226442495584488,1.2995024113655202,3460.0,True
2005,public,nn1,"{'l1': 1e-05, 'epochs': [27, 29, 17, 31, 34]}",0.128994345664978,0.0472648404538631,20261005-010838-8084b01,True,-0.6261309523582459,1.3037094230651856,3812.0,True
2005,public,nn2,"{'l1': 0.0001, 'epochs': [13, 24, 17, 21, 9]}",0.1224285289645195,0.0421323776245117,20261005-010838-8084b01,True,-0.6261309523582459,1.3037094230651856,3812.0,True
2005,public,nn3,"{'l1': 0.0001, 'epochs': [17, 21, 17, 20, 19]}",0.1287544071674347,0.0448827482759952,20261005-010838-8084b01,True,-0.6261309523582459,1.3037094230651856,3812.0,True
2005,full,nn1,"{'l1': 0.0001, 'epochs': [18, 32, 11, 29, 21]}",0.1476825773715973,0.0489895269274711,20261005-010838-8084b01,True,-0.6261309523582459,1.3037094230651856,3812.0,True
2005,full,nn2,"{'l1': 1e-05, 'epochs': [7, 14, 11, 16, 9]}",0.152513325214386,0.0596007369458675,20261005-010838-8084b01,True,-0.6261309523582459,1.3037094230651856,3812.0,True
2005,full,nn3,"{'l1': 0.0001, 'epochs': [14, 18, 11, 12, 15]}",0.1453109383583068,0.056957684457302,20261005-010838-8084b01,True,-0.6261309523582459,1.3037094230651856,3812.0,True
2007,public,nn1,"{'l1': 0.0001, 'epochs': [32, 9, 14, 26, 9]}",0.1292599290609359,0.1064326018095016,20261005-010838-8084b01,True,-0.6525562229752541,1.3285485415458729,4188.0,True
2007,public,nn2,"{'l1': 0.0001, 'epochs': [17, 10, 13, 16, 16]}",0.1332401484251022,0.1068747490644455,20261005-010838-8084b01,True,-0.6525562229752541,1.3285485415458729,4188.0,True
2007,public,nn3,"{'l1': 0.0001, 'epochs': [15, 13, 13, 15, 16]}",0.1322101056575775,0.1073420792818069,20261005-010838-8084b01,True,-0.6525562229752541,1.3285485415458729,4188.0,True
2007,full,nn1,"{'l1': 0.0001, 'epochs': [28, 28, 22, 26, 9]}",0.146943137049675,0.111588530242443,20261005-010838-8084b01,True,-0.6525562229752541,1.3285485415458729,4188.0,True
2007,full,nn2,"{'l1': 0.0001, 'epochs': [17, 19, 22, 16, 9]}",0.1484401375055313,0.1172544434666633,20261005-010838-8084b01,True,-0.6525562229752541,1.3285485415458729,4188.0,True
2007,full,nn3,"{'l1': 0.0001, 'epochs': [17, 21, 13, 19, 11]}",0.1413679122924804,0.107657104730606,20261005-010838-8084b01,True,-0.6525562229752541,1.3285485415458729,4188.0,True
2009,public,nn1,"{'l1': 0.0001, 'epochs': [14, 6, 19, 8, 14]}",0.0463238321244716,-0.1105082482099533,20261005-010838-8084b01,True,-0.670678973197937,1.4245283426046336,4526.0,True
2009,public,nn2,"{'l1': 0.0001, 'epochs': [9, 16, 8, 8, 14]}",0.0493031069636344,-0.1104278042912483,20261005-010838-8084b01,True,-0.670678973197937,1.4245283426046336,4526.0,True
2009,public,nn3,"{'l1': 0.0001, 'epochs': [9, 8, 6, 13, 8]}",0.0473381504416465,-0.1119817793369293,20261005-010838-8084b01,True,-0.670678973197937,1.4245283426046336,4526.0,True
2009,full,nn1,"{'l1': 0.0001, 'epochs': [14, 16, 16, 8, 14]}",0.0498565398156642,-0.1082273498177528,20261005-010838-8084b01,True,-0.670678973197937,1.4245283426046336,4526.0,True
2009,full,nn2,"{'l1': 0.0001, 'epochs': [14, 8, 12, 7, 14]}",0.0531495697796344,-0.1093731746077537,20261005-010838-8084b01,True,-0.670678973197937,1.4245283426046336,4526.0,True
2009,full,nn3,"{'l1': 0.0001, 'epochs': [14, 8, 12, 7, 14]}",0.0498946346342563,-0.1094162464141845,20261005-010838-8084b01,True,-0.670678973197937,1.4245283426046336,4526.0,True
2011,public,nn1,"{'l1': 0.0001, 'epochs': [9, 6, 9, 7, 7]}",0.1113278120756149,0.1069724336266517,20261005-010838-8084b01,True,-0.6923152602910996,1.4953629970550537,4825.0,True
2011,public,nn2,"{'l1': 0.0001, 'epochs': [10, 7, 8, 7, 7]}",0.1189960539340972,0.102295346558094,20261005-010838-8084b01,True,-0.6923152602910996,1.4953629970550537,4825.0,True
2011,public,nn3,"{'l1': 0.0001, 'epochs': [10, 7, 8, 7, 7]}",0.1212546005845069,0.1014454439282417,20261005-010838-8084b01,True,-0.6923152602910996,1.4953629970550537,4825.0,True
2011,full,nn1,"{'l1': 0.0001, 'epochs': [10, 8, 9, 7, 7]}",0.1210944354534149,0.1075964346528053,20261005-010838-8084b01,True,-0.6923152602910996,1.4953629970550537,4825.0,True
2011,full,nn2,"{'l1': 0.0001, 'epochs': [10, 14, 8, 7, 6]}",0.1234635785222053,0.1046838164329528,20261005-010838-8084b01,True,-0.6923152602910996,1.4953629970550537,4825.0,True
2011,full,nn3,"{'l1': 0.0001, 'epochs': [10, 7, 8, 7, 8]}",0.1230909377336502,0.102833479642868,20261005-010838-8084b01,True,-0.6923152602910996,1.4953629970550537,4825.0,True
2013,public,nn1,"{'l1': 0.0001, 'epochs': [7, 11, 7, 8, 6]}",0.1103465780615806,-0.1364535093307495,20261005-010838-8084b01,True,-0.6922756389379502,1.495676910281175,5082.0,True
2013,public,nn2,"{'l1': 0.0001, 'epochs': [7, 7, 8, 9, 7]}",0.1196032166481018,-0.1477210968732834,20261005-010838-8084b01,True,-0.6922756389379502,1.495676910281175,5082.0,True
2013,public,nn3,"{'l1': 0.0001, 'epochs': [7, 8, 7, 9, 10]}",0.1147745102643966,-0.13902148604393,20261005-010838-8084b01,True,-0.6922756389379502,1.495676910281175,5082.0,True
2013,full,nn1,"{'l1': 0.0001, 'epochs': [6, 9, 7, 8, 6]}",0.1132089346647262,-0.1311918050050735,20261005-010838-8084b01,True,-0.6922756389379502,1.495676910281175,5082.0,True
2013,full,nn2,"{'l1': 0.0001, 'epochs': [9, 11, 7, 8, 7]}",0.1196537986397743,-0.1356213539838791,20261005-010838-8084b01,True,-0.6922756389379502,1.495676910281175,5082.0,True
2013,full,nn3,"{'l1': 0.0001, 'epochs': [10, 11, 7, 8, 7]}",0.1210118755698204,-0.1407362967729568,20261005-010838-8084b01,True,-0.6922756389379502,1.495676910281175,5082.0,True
2015,public,nn1,"{'l1': 1e-05, 'epochs': [12, 6, 7, 8, 7]}",0.104039654135704,0.0732477009296417,20261005-010838-8084b01,True,-0.6887338429689407,1.489884966611821,5330.0,True
2015,public,nn2,"{'l1': 0.0001, 'epochs': [6, 6, 7, 8, 8]}",0.1025176718831062,0.0756823122501373,20261005-010838-8084b01,True,-0.6887338429689407,1.489884966611821,5330.0,True
2015,public,nn3,"{'l1': 0.0001, 'epochs': [15, 6, 7, 8, 10]}",0.1079344004392623,0.0710998550057411,20261005-010838-8084b01,True,-0.6887338429689407,1.489884966611821,5330.0,True
2015,full,nn1,"{'l1': 0.0001, 'epochs': [6, 6, 7, 6, 8]}",0.0965013951063156,0.0785593688488006,20261005-010838-8084b01,True,-0.6887338429689407,1.489884966611821,5330.0,True
2015,full,nn2,"{'l1': 0.0001, 'epochs': [12, 7, 7, 8, 8]}",0.1062280684709549,0.0746762752532959,20261005-010838-8084b01,True,-0.6887338429689407,1.489884966611821,5330.0,True
2015,full,nn3,"{'l1': 0.0001, 'epochs': [6, 8, 7, 8, 8]}",0.1057140827178955,0.0746718570590019,20261005-010838-8084b01,True,-0.6887338429689407,1.489884966611821,5330.0,True
2017,public,nn1,"{'l1': 0.0001, 'epochs': [9, 8, 9, 6, 6]}",0.1016196459531784,-0.0380317121744155,20261005-010838-8084b01,True,-0.6974312232732772,1.466636097192787,5570.0,True
2017,public,nn2,"{'l1': 0.0001, 'epochs': [6, 7, 9, 6, 6]}",0.1039124503731727,-0.0336093790829181,20261005-010838-8084b01,True,-0.6974312232732772,1.466636097192787,5570.0,True
2017,public,nn3,"{'l1': 0.0001, 'epochs': [9, 7, 9, 6, 9]}",0.1085438504815101,-0.0353320203721523,20261005-010838-8084b01,True,-0.6974312232732772,1.466636097192787,5570.0,True
2017,full,nn1,"{'l1': 0.0001, 'epochs': [9, 7, 6, 6, 6]}",0.0996998324990272,-0.0350432023406028,20261005-010838-8084b01,True,-0.6974312232732772,1.466636097192787,5570.0,True
2017,full,nn2,"{'l1': 0.0001, 'epochs': [6, 7, 11, 6, 8]}",0.1079887002706527,-0.0356134548783302,20261005-010838-8084b01,True,-0.6974312232732772,1.466636097192787,5570.0,True
2017,full,nn3,"{'l1': 0.0001, 'epochs': [9, 7, 9, 6, 7]}",0.109385073184967,-0.037647183984518,20261005-010838-8084b01,True,-0.6974312232732772,1.466636097192787,5570.0,True
2019,public,nn1,"{'l1': 0.0001, 'epochs': [7, 9, 9, 6, 8]}",0.0797372609376907,-0.0555251836776733,20261005-010838-8084b01,True,-0.6993914172053337,1.4952493011951449,5786.0,True
2019,public,nn2,"{'l1': 0.0001, 'epochs': [10, 12, 10, 6, 9]}",0.0841959342360496,-0.0594932176172733,20261005-010838-8084b01,True,-0.6993914172053337,1.4952493011951449,5786.0,True
2019,public,nn3,"{'l1': 0.0001, 'epochs': [10, 10, 10, 6, 9]}",0.0783220529556274,-0.0578704290091991,20261005-010838-8084b01,True,-0.6993914172053337,1.4952493011951449,5786.0,True
2019,full,nn1,"{'l1': 0.0001, 'epochs': [7, 9, 9, 12, 8]}",0.0808077752590179,-0.0531289614737033,20261005-010838-8084b01,True,-0.6993914172053337,1.4952493011951449,5786.0,True
2019,full,nn2,"{'l1': 0.0001, 'epochs': [10, 12, 10, 6, 8]}",0.0853568911552429,-0.0557976253330707,20261005-010838-8084b01,True,-0.6993914172053337,1.4952493011951449,5786.0,True
2019,full,nn3,"{'l1': 0.0001, 'epochs': [10, 10, 7, 6, 18]}",0.0903429687023162,-0.0627846494317054,20261005-010838-8084b01,True,-0.6993914172053337,1.4952493011951449,5786.0,True
2021,public,nn1,"{'l1': 0.0001, 'epochs': [6, 7, 6, 6, 11]}",0.0712673068046569,-0.0349274240434169,20261005-010838-8084b01,True,-0.6978306357860565,1.4934887170791926,5990.0,True
2021,public,nn2,"{'l1': 1e-05, 'epochs': [16, 6, 6, 9, 7]}",0.0790421068668365,-0.0402938835322856,20261005-010838-8084b01,True,-0.6978306357860565,1.4934887170791926,5990.0,True
2021,public,nn3,"{'l1': 0.0001, 'epochs': [9, 7, 8, 6, 10]}",0.0713507682085037,-0.0394795089960098,20261005-010838-8084b01,True,-0.6978306357860565,1.4934887170791926,5990.0,True
2021,full,nn1,"{'l1': 0.0001, 'epochs': [6, 7, 6, 6, 11]}",0.0712673068046569,-0.0349274240434169,20261005-010838-8084b01,True,-0.6978306357860565,1.4934887170791926,5990.0,True
2021,full,nn2,"{'l1': 1e-05, 'epochs': [16, 6, 6, 9, 7]}",0.0790421068668365,-0.0402938835322856,20261005-010838-8084b01,True,-0.6978306357860565,1.4934887170791926,5990.0,True
2021,full,nn3,"{'l1': 0.0001, 'epochs': [9, 7, 8, 6, 10]}",0.0713507682085037,-0.0394795089960098,20261005-010838-8084b01,True,-0.6978306357860565,1.4934887170791926,5990.0,True
2023,public,nn1,"{'l1': 0.0001, 'epochs': [11, 7, 9, 6, 10]}",0.0535431504249572,-0.0032109832391142,20261005-010838-8084b01,True,-0.6963093191385269,1.4793011176585489,6190.0,True
2023,public,nn2,"{'l1': 0.0001, 'epochs': [7, 7, 6, 6, 10]}",0.0538132563233375,-0.0042567625641822,20261005-010838-8084b01,True,-0.6963093191385269,1.4793011176585489,6190.0,True
2023,public,nn3,"{'l1': 0.0001, 'epochs': [15, 7, 7, 8, 10]}",0.0570839829742908,-0.0074938484467566,20261005-010838-8084b01,True,-0.6963093191385269,1.4793011176585489,6190.0,True
2023,full,nn1,"{'l1': 0.0001, 'epochs': [11, 7, 9, 6, 10]}",0.0535431504249572,-0.0032109832391142,20261005-010838-8084b01,True,-0.6963093191385269,1.4793011176585489,6190.0,True
2023,full,nn2,"{'l1': 0.0001, 'epochs': [7, 7, 6, 6, 10]}",0.0538132563233375,-0.0042567625641822,20261005-010838-8084b01,True,-0.6963093191385269,1.4793011176585489,6190.0,True
2023,full,nn3,"{'l1': 0.0001, 'epochs': [15, 7, 7, 8, 10]}",0.0570839829742908,-0.0074938484467566,20261005-010838-8084b01,True,-0.6963093191385269,1.4793011176585489,6190.0,True
1995,public,gbrt,"{'depth': 3, 'lr': 0.05, 'trees': 371}",0.0872665718197822,-0.0685098320245742,20261005-010838-8084b01,True,-0.5471841285228729,1.1188627748489528,2246.0,True
1995,full,gbrt,"{'depth': 3, 'lr': 0.05, 'trees': 459}",0.1012186780571937,-0.0750827565789222,20261005-010838-8084b01,True,-0.5471841285228729,1.1188627748489528,2246.0,True
1997,public,gbrt,"{'depth': 3, 'lr': 0.1, 'trees': 125}",0.0784529820084571,-0.0434276424348354,20261005-010838-8084b01,True,-0.573654827594757,1.1550867242813254,2556.0,True
1997,full,gbrt,"{'depth': 2, 'lr': 0.1, 'trees': 167}",0.0819849669933319,-0.0398011654615402,20261005-010838-8084b01,True,-0.573654827594757,1.1550867242813254,2556.0,True
1999,public,gbrt,"{'depth': 3, 'lr': 0.1, 'trees': 457}",0.067160278558731,-0.0716965720057487,20261005-010838-8084b01,True,-0.5992843766212463,1.193536646366117,2850.0,True
1999,full,gbrt,"{'depth': 3, 'lr': 0.05, 'trees': 215}",0.0595769323408603,-0.0739660859107971,20261005-010838-8084b01,True,-0.5992843766212463,1.193536646366117,2850.0,True
2001,public,gbrt,"{'depth': 2, 'lr': 0.1, 'trees': 308}",0.057900346815586,-0.0464787296950817,20261005-010838-8084b01,True,-0.6202533977627754,1.2998759580850685,3140.0,True
2001,full,gbrt,"{'depth': 2, 'lr': 0.1, 'trees': 294}",0.0630301833152771,-0.0475917123258113,20261005-010838-8084b01,True,-0.6202533977627754,1.2998759580850685,3140.0,True
2003,public,gbrt,"{'depth': 3, 'lr': 0.05, 'trees': 417}",0.0790371000766754,-0.2341562658548355,20261005-010838-8084b01,True,-0.6226442495584488,1.2995024113655202,3460.0,True
2003,full,gbrt,"{'depth': 3, 'lr': 0.1, 'trees': 288}",0.0929919257760047,-0.2272530794143676,20261005-010838-8084b01,True,-0.6226442495584488,1.2995024113655202,3460.0,True
2005,public,gbrt,"{'depth': 3, 'lr': 0.05, 'trees': 328}",0.103519894182682,0.043046910315752,20261005-010838-8084b01,True,-0.6261309523582459,1.3037094230651856,3812.0,True
2005,full,gbrt,"{'depth': 3, 'lr': 0.1, 'trees': 277}",0.1289669126272201,0.039780355989933,20261005-010838-8084b01,True,-0.6261309523582459,1.3037094230651856,3812.0,True
2007,public,gbrt,"{'depth': 3, 'lr': 0.1, 'trees': 192}",0.1834233254194259,0.0900793448090553,20261005-010838-8084b01,True,-0.6525562229752541,1.3285485415458729,4188.0,True
2007,full,gbrt,"{'depth': 3, 'lr': 0.1, 'trees': 192}",0.1580376327037811,0.0965105891227722,20261005-010838-8084b01,True,-0.6525562229752541,1.3285485415458729,4188.0,True
2009,public,gbrt,"{'depth': 3, 'lr': 0.1, 'trees': 37}",0.0236369725316762,-0.1091866269707679,20261005-010838-8084b01,True,-0.670678973197937,1.4245283426046336,4526.0,True
2009,full,gbrt,"{'depth': 3, 'lr': 0.05, 'trees': 77}",0.0242142360657453,-0.1094561293721199,20261005-010838-8084b01,True,-0.670678973197937,1.4245283426046336,4526.0,True
2011,public,gbrt,"{'depth': 2, 'lr': 0.1, 'trees': 69}",0.0666687786579132,0.1078282371163368,20261005-010838-8084b01,True,-0.6923152602910996,1.4953629970550537,4825.0,True
2011,full,gbrt,"{'depth': 3, 'lr': 0.1, 'trees': 45}",0.0689835324883461,0.1086736842989921,20261005-010838-8084b01,True,-0.6923152602910996,1.4953629970550537,4825.0,True
2013,public,gbrt,"{'depth': 3, 'lr': 0.05, 'trees': 139}",0.0760601833462715,-0.1643792688846588,20261005-010838-8084b01,True,-0.6922756389379502,1.495676910281175,5082.0,True
2013,full,gbrt,"{'depth': 2, 'lr': 0.1, 'trees': 121}",0.0786657780408859,-0.1650081425905227,20261005-010838-8084b01,True,-0.6922756389379502,1.495676910281175,5082.0,True
2015,public,gbrt,"{'depth': 2, 'lr': 0.05, 'trees': 126}",0.0535727441310882,0.060947485268116,20261005-010838-8084b01,True,-0.6887338429689407,1.489884966611821,5330.0,True
2015,full,gbrt,"{'depth': 3, 'lr': 0.05, 'trees': 29}",0.0321183614432811,0.0718426331877708,20261005-010838-8084b01,True,-0.6887338429689407,1.489884966611821,5330.0,True
2017,public,gbrt,"{'depth': 3, 'lr': 0.1, 'trees': 79}",0.0813313648104667,-0.0720861703157424,20261005-010838-8084b01,True,-0.6974312232732772,1.466636097192787,5570.0,True
2017,full,gbrt,"{'depth': 3, 'lr': 0.05, 'trees': 146}",0.0778399109840393,-0.0722846463322639,20261005-010838-8084b01,True,-0.6974312232732772,1.466636097192787,5570.0,True
2019,public,gbrt,"{'depth': 3, 'lr': 0.1, 'trees': 36}",0.0439881570637226,-0.0648470371961593,20261005-010838-8084b01,True,-0.6993914172053337,1.4952493011951449,5786.0,True
2019,full,gbrt,"{'depth': 3, 'lr': 0.05, 'trees': 37}",0.031939011067152,-0.0616685040295124,20261005-010838-8084b01,True,-0.6993914172053337,1.4952493011951449,5786.0,True
2021,public,gbrt,"{'depth': 3, 'lr': 0.05, 'trees': 29}",0.0245223175734281,-0.0232296343892812,20261005-010838-8084b01,True,-0.6978306357860565,1.4934887170791926,5990.0,True
2021,full,gbrt,"{'depth': 3, 'lr': 0.05, 'trees': 29}",0.0245223175734281,-0.0232296343892812,20261005-010838-8084b01,True,-0.6978306357860565,1.4934887170791926,5990.0,True
2023,public,gbrt,"{'depth': 3, 'lr': 0.1, 'trees': 74}",0.0441519394516944,-0.0056658987887203,20261005-010838-8084b01,True,-0.6963093191385269,1.4793011176585489,6190.0,True
2023,full,gbrt,"{'depth': 3, 'lr': 0.1, 'trees': 74}",0.0441519394516944,-0.0056658987887203,20261005-010838-8084b01,True,-0.6963093191385269,1.4793011176585489,6190.0,True
1995,public,huber,{'xi_quantile': 0.999},0.0633791089057922,-0.0786317735910415,20261005-010838-8084b01,True,-0.5471841285228729,1.1188627748489528,2246.0,True
1995,public,gbrth,"{'depth': 2, 'lr': 0.05, 'trees': 679}",0.0975024029612541,-0.1378674209117889,20261005-010838-8084b01,True,-0.5471841285228729,1.1188627748489528,2246.0,True
1995,full,huber,{'xi_quantile': 0.999},0.0893947333097457,-0.0786921307444572,20261005-010838-8084b01,True,-0.5471841285228729,1.1188627748489528,2246.0,True
1995,full,gbrth,"{'depth': 3, 'lr': 0.1, 'trees': 337}",0.1246766075491905,-0.1482200622558593,20261005-010838-8084b01,True,-0.5471841285228729,1.1188627748489528,2246.0,True
1997,public,huber,{'xi_quantile': 0.999},0.0643600970506668,-0.0397860519587993,20261005-010838-8084b01,True,-0.573654827594757,1.1550867242813254,2556.0,True
1997,public,gbrth,"{'depth': 3, 'lr': 0.1, 'trees': 216}",0.1009406000375747,-0.0971601381897926,20261005-010838-8084b01,True,-0.573654827594757,1.1550867242813254,2556.0,True
1997,full,huber,{'xi_quantile': 0.999},0.0839973092079162,-0.0393117293715477,20261005-010838-8084b01,True,-0.573654827594757,1.1550867242813254,2556.0,True
1997,full,gbrth,"{'depth': 3, 'lr': 0.1, 'trees': 243}",0.1157992258667945,-0.106601670384407,20261005-010838-8084b01,True,-0.573654827594757,1.1550867242813254,2556.0,True
1999,public,huber,{'xi_quantile': 0.999},0.0448689460754394,-0.0793378353118896,20261005-010838-8084b01,True,-0.5992843766212463,1.193536646366117,2850.0,True
1999,public,gbrth,"{'depth': 3, 'lr': 0.1, 'trees': 754}",0.0791918486356735,-0.1111731231212616,20261005-010838-8084b01,True,-0.5992843766212463,1.193536646366117,2850.0,True
1999,full,huber,{'xi_quantile': 0.999},0.0619206652045249,-0.0791045054793357,20261005-010838-8084b01,True,-0.5992843766212463,1.193536646366117,2850.0,True
1999,full,gbrth,"{'depth': 3, 'lr': 0.05, 'trees': 409}",0.0785478800535202,-0.1141615435481071,20261005-010838-8084b01,True,-0.5992843766212463,1.193536646366117,2850.0,True
2001,public,huber,{'xi_quantile': 0.999},0.0402040779590606,-0.0515332594513893,20261005-010838-8084b01,True,-0.6202533977627754,1.2998759580850685,3140.0,True
2001,public,gbrth,"{'depth': 3, 'lr': 0.05, 'trees': 334}",0.0652399808168411,-0.0855001062154769,20261005-010838-8084b01,True,-0.6202533977627754,1.2998759580850685,3140.0,True
2001,full,huber,{'xi_quantile': 0.999},0.0554981864988803,-0.05149607360363,20261005-010838-8084b01,True,-0.6202533977627754,1.2998759580850685,3140.0,True
2001,full,gbrth,"{'depth': 3, 'lr': 0.05, 'trees': 354}",0.0751752257347107,-0.0910492241382598,20261005-010838-8084b01,True,-0.6202533977627754,1.2998759580850685,3140.0,True
2003,public,huber,{'xi_quantile': 0.999},0.0612758174538612,-0.2258451282978058,20261005-010838-8084b01,True,-0.6226442495584488,1.2995024113655202,3460.0,True
2003,public,gbrth,"{'depth': 2, 'lr': 0.1, 'trees': 436}",0.0900999084115028,-0.2789341509342193,20261005-010838-8084b01,True,-0.6226442495584488,1.2995024113655202,3460.0,True
2003,full,huber,{'xi_quantile': 0.999},0.0769725516438484,-0.2259821891784668,20261005-010838-8084b01,True,-0.6226442495584488,1.2995024113655202,3460.0,True
2003,full,gbrth,"{'depth': 2, 'lr': 0.1, 'trees': 545}",0.1065760925412178,-0.282709389925003,20261005-010838-8084b01,True,-0.6226442495584488,1.2995024113655202,3460.0,True
2005,public,huber,{'xi_quantile': 0.999},0.0842269882559776,0.0308780986815691,20261005-010838-8084b01,True,-0.6261309523582459,1.3037094230651856,3812.0,True
2005,public,gbrth,"{'depth': 3, 'lr': 0.05, 'trees': 396}",0.1346623301506042,-0.0366051867604255,20261005-010838-8084b01,True,-0.6261309523582459,1.3037094230651856,3812.0,True
2005,full,huber,{'xi_quantile': 0.999},0.1017251089215278,0.0308127161115407,20261005-010838-8084b01,True,-0.6261309523582459,1.3037094230651856,3812.0,True
2005,full,gbrth,"{'depth': 3, 'lr': 0.05, 'trees': 548}",0.1496883034706115,-0.0456931814551353,20261005-010838-8084b01,True,-0.6261309523582459,1.3037094230651856,3812.0,True
2007,public,huber,{'xi_quantile': 0.999},0.0991448611021041,0.0974490046501159,20261005-010838-8084b01,True,-0.6525562229752541,1.3285485415458729,4188.0,True
2007,public,gbrth,"{'depth': 2, 'lr': 0.1, 'trees': 360}",0.1625473350286483,0.014633871614933,20261005-010838-8084b01,True,-0.6525562229752541,1.3285485415458729,4188.0,True
2007,full,huber,{'xi_quantile': 0.999},0.1096655651926994,0.0971588268876075,20261005-010838-8084b01,True,-0.6525562229752541,1.3285485415458729,4188.0,True
2007,full,gbrth,"{'depth': 2, 'lr': 0.05, 'trees': 837}",0.1683463901281356,0.0250704996287822,20261005-010838-8084b01,True,-0.6525562229752541,1.3285485415458729,4188.0,True
2009,public,huber,{'xi_quantile': 0.999},0.0389215946197509,-0.1155516430735588,20261005-010838-8084b01,True,-0.670678973197937,1.4245283426046336,4526.0,True
2009,public,gbrth,"{'depth': 3, 'lr': 0.05, 'trees': 218}",0.0466784611344337,-0.1420094668865203,20261005-010838-8084b01,True,-0.670678973197937,1.4245283426046336,4526.0,True
2009,full,huber,{'xi_quantile': 0.999},0.0418000221252441,-0.1155291870236396,20261005-010838-8084b01,True,-0.670678973197937,1.4245283426046336,4526.0,True
2009,full,gbrth,"{'depth': 3, 'lr': 0.05, 'trees': 203}",0.0469242185354232,-0.1429391056299209,20261005-010838-8084b01,True,-0.670678973197937,1.4245283426046336,4526.0,True
2011,public,huber,{'xi_quantile': 0.999},0.0937885195016861,0.0893570482730865,20261005-010838-8084b01,True,-0.6923152602910996,1.4953629970550537,4825.0,True
2011,public,gbrth,"{'depth': 2, 'lr': 0.1, 'trees': 10}",0.0336118265986442,0.0559468679130077,20261005-010838-8084b01,True,-0.6923152602910996,1.4953629970550537,4825.0,True
2011,full,huber,{'xi_quantile': 0.999},0.0993070155382156,0.0891552343964576,20261005-010838-8084b01,True,-0.6923152602910996,1.4953629970550537,4825.0,True
2011,full,gbrth,"{'depth': 3, 'lr': 0.05, 'trees': 28}",0.0498392209410667,0.0485988594591617,20261005-010838-8084b01,True,-0.6923152602910996,1.4953629970550537,4825.0,True
2013,public,huber,{'xi_quantile': 0.99},0.0955369621515274,-0.1627000272274017,20261005-010838-8084b01,True,-0.6922756389379502,1.495676910281175,5082.0,True
2013,public,gbrth,"{'depth': 3, 'lr': 0.1, 'trees': 118}",0.1154701858758926,-0.2275155335664749,20261005-010838-8084b01,True,-0.6922756389379502,1.495676910281175,5082.0,True
2013,full,huber,{'xi_quantile': 0.99},0.0975334569811821,-0.1624552607536316,20261005-010838-8084b01,True,-0.6922756389379502,1.495676910281175,5082.0,True
2013,full,gbrth,"{'depth': 3, 'lr': 0.05, 'trees': 255}",0.1194741129875183,-0.2337699383497238,20261005-010838-8084b01,True,-0.6922756389379502,1.495676910281175,5082.0,True
2015,public,huber,{'xi_quantile': 0.999},0.0819255784153938,0.0721579045057296,20261005-010838-8084b01,True,-0.6887338429689407,1.489884966611821,5330.0,True
2015,public,gbrth,"{'depth': 2, 'lr': 0.1, 'trees': 38}",0.0694579556584358,0.0168278310447931,20261005-010838-8084b01,True,-0.6887338429689407,1.489884966611821,5330.0,True
2015,full,huber,{'xi_quantile': 0.999},0.0838571339845657,0.0723453983664512,20261005-010838-8084b01,True,-0.6887338429689407,1.489884966611821,5330.0,True
2015,full,gbrth,"{'depth': 3, 'lr': 0.1, 'trees': 30}",0.0723299980163574,0.0152064831927418,20261005-010838-8084b01,True,-0.6887338429689407,1.489884966611821,5330.0,True
2017,public,huber,{'xi_quantile': 0.999},0.0901050791144371,-0.0418924987316131,20261005-010838-8084b01,True,-0.6974312232732772,1.466636097192787,5570.0,True
2017,public,gbrth,"{'depth': 2, 'lr': 0.05, 'trees': 27}",0.0415796674787998,-0.0777388140559196,20261005-010838-8084b01,True,-0.6974312232732772,1.466636097192787,5570.0,True
2017,full,huber,{'xi_quantile': 0.999},0.0903180167078971,-0.0420018807053566,20261005-010838-8084b01,True,-0.6974312232732772,1.466636097192787,5570.0,True
2017,full,gbrth,"{'depth': 2, 'lr': 0.05, 'trees': 32}",0.0490130968391895,-0.0820244178175926,20261005-010838-8084b01,True,-0.6974312232732772,1.466636097192787,5570.0,True
2019,public,huber,{'xi_quantile': 0.99},0.0756454318761825,-0.0628571286797523,20261005-010838-8084b01,True,-0.6993914172053337,1.4952493011951449,5786.0,True
2019,public,gbrth,"{'depth': 3, 'lr': 0.1, 'trees': 34}",0.0650947764515876,-0.1030376106500625,20261005-010838-8084b01,True,-0.6993914172053337,1.4952493011951449,5786.0,True
2019,full,huber,{'xi_quantile': 0.99},0.075008787214756,-0.062821976840496,20261005-010838-8084b01,True,-0.6993914172053337,1.4952493011951449,5786.0,True
2019,full,gbrth,"{'depth': 3, 'lr': 0.1, 'trees': 30}",0.0619584061205387,-0.1017541363835334,20261005-010838-8084b01,True,-0.6993914172053337,1.4952493011951449,5786.0,True
2021,public,huber,{'xi_quantile': 0.999},0.0674598067998886,-0.0236874222755432,20261005-010838-8084b01,True,-0.6978306357860565,1.4934887170791926,5990.0,True
2021,public,gbrth,"{'depth': 3, 'lr': 0.05, 'trees': 49}",0.0451687425374984,-0.0597513541579246,20261005-010838-8084b01,True,-0.6978306357860565,1.4934887170791926,5990.0,True
2021,full,huber,{'xi_quantile': 0.999},0.0674598067998886,-0.0236874222755432,20261005-010838-8084b01,True,-0.6978306357860565,1.4934887170791926,5990.0,True
2021,full,gbrth,"{'depth': 3, 'lr': 0.05, 'trees': 49}",0.0451687425374984,-0.0597513541579246,20261005-010838-8084b01,True,-0.6978306357860565,1.4934887170791926,5990.0,True
2023,public,huber,{'xi_quantile': 0.99},0.0514755100011825,-0.0048539522103965,20261005-010838-8084b01,True,-0.6963093191385269,1.4793011176585489,6190.0,True
2023,public,gbrth,"{'depth': 2, 'lr': 0.05, 'trees': 355}",0.067959725856781,-0.050638273358345,20261005-010838-8084b01,True,-0.6963093191385269,1.4793011176585489,6190.0,True
2023,full,huber,{'xi_quantile': 0.99},0.0514755100011825,-0.0048539522103965,20261005-010838-8084b01,True,-0.6963093191385269,1.4793011176585489,6190.0,True
2023,full,gbrth,"{'depth': 2, 'lr': 0.05, 'trees': 355}",0.067959725856781,-0.050638273358345,20261005-010838-8084b01,True,-0.6963093191385269,1.4793011176585489,6190.0,True
1996,public,huber,{'xi_quantile': 0.999},0.0568884722888469,-0.0294596534222364,20261005-010838-8084b01,True,-0.5671426656246186,1.1365758213996855,2402.0,True
1996,public,enet,"{'alpha': 0.0001, 'l1': 0.5}",0.0544392131268978,-0.0285834297537803,20261005-010838-8084b01,True,-0.5671426656246186,1.1365758213996855,2402.0,True
1996,public,pcr,{'K': 20},0.0563863329589366,-0.028526559472084,20261005-010838-8084b01,True,-0.5671426656246186,1.1365758213996855,2402.0,True
1996,public,pls,{'K': 10},0.0564282089471817,-0.0285373907536268,20261005-010838-8084b01,True,-0.5671426656246186,1.1365758213996855,2402.0,True
1996,public,gbrt,"{'depth': 2, 'lr': 0.1, 'trees': 92}",0.056149024516344,-0.0364018231630325,20261005-010838-8084b01,True,-0.5671426656246186,1.1365758213996855,2402.0,True
1996,public,gbrth,"{'depth': 2, 'lr': 0.1, 'trees': 259}",0.0830113142728805,-0.0828767791390419,20261005-010838-8084b01,True,-0.5671426656246186,1.1365758213996855,2402.0,True
1996,full,huber,{'xi_quantile': 0.999},0.0799827426671981,-0.0293619241565465,20261005-010838-8084b01,True,-0.5671426656246186,1.1365758213996855,2402.0,True
1996,full,enet,"{'alpha': 0.0001, 'l1': 0.5}",0.0729969590902328,-0.0289777778089046,20261005-010838-8084b01,True,-0.5671426656246186,1.1365758213996855,2402.0,True
1996,full,pcr,{'K': 30},0.0587530545890331,-0.0288643632084131,20261005-010838-8084b01,True,-0.5671426656246186,1.1365758213996855,2402.0,True
1996,full,pls,{'K': 10},0.0777959078550338,-0.0289763286709785,20261005-010838-8084b01,True,-0.5671426656246186,1.1365758213996855,2402.0,True
1996,full,gbrt,"{'depth': 2, 'lr': 0.05, 'trees': 150}",0.0553624294698238,-0.0383963137865066,20261005-010838-8084b01,True,-0.5671426656246186,1.1365758213996855,2402.0,True
1996,full,gbrth,"{'depth': 3, 'lr': 0.05, 'trees': 307}",0.099539928138256,-0.0900277569890022,20261005-010838-8084b01,True,-0.5671426656246186,1.1365758213996855,2402.0,True
1998,public,huber,{'xi_quantile': 0.999},0.0491622053086757,0.0431791245937347,20261005-010838-8084b01,True,-0.5789601240158081,1.1657630920410558,2706.0,True
1998,public,enet,"{'alpha': 0.0001, 'l1': 0.5}",0.0469170026481151,0.0438688062131404,20261005-010838-8084b01,True,-0.5789601240158081,1.1657630920410558,2706.0,True
1998,public,pcr,{'K': 25},0.0487812273204326,0.0438931621611118,20261005-010838-8084b01,True,-0.5789601240158081,1.1657630920410558,2706.0,True
1998,public,pls,{'K': 10},0.0486892983317375,0.0439145900309085,20261005-010838-8084b01,True,-0.5789601240158081,1.1657630920410558,2706.0,True
1998,public,gbrt,"{'depth': 3, 'lr': 0.1, 'trees': 499}",0.0764234736561775,0.0581174679100513,20261005-010838-8084b01,True,-0.5789601240158081,1.1657630920410558,2706.0,True
1998,public,gbrth,"{'depth': 3, 'lr': 0.1, 'trees': 542}",0.0851512253284454,0.0094619216397404,20261005-010838-8084b01,True,-0.5789601240158081,1.1657630920410558,2706.0,True
1998,full,huber,{'xi_quantile': 0.999},0.0664277300238609,0.0435647703707218,20261005-010838-8084b01,True,-0.5789601240158081,1.1657630920410558,2706.0,True
1998,full,enet,"{'alpha': 0.0001, 'l1': 0.5}",0.0607982315123081,0.0436947494745254,20261005-010838-8084b01,True,-0.5789601240158081,1.1657630920410558,2706.0,True
1998,full,pcr,{'K': 30},0.0512421652674675,0.0436463616788387,20261005-010838-8084b01,True,-0.5789601240158081,1.1657630920410558,2706.0,True
1998,full,pls,{'K': 10},0.0646038353443145,0.0437253229320049,20261005-010838-8084b01,True,-0.5789601240158081,1.1657630920410558,2706.0,True
1998,full,gbrt,"{'depth': 3, 'lr': 0.05, 'trees': 373}",0.0742662698030471,0.0368642881512641,20261005-010838-8084b01,True,-0.5789601240158081,1.1657630920410558,2706.0,True
1998,full,gbrth,"{'depth': 3, 'lr': 0.1, 'trees': 152}",0.0845623984932899,-0.0072508207522332,20261005-010838-8084b01,True,-0.5789601240158081,1.1657630920410558,2706.0,True
2000,public,huber,{'xi_quantile': 0.999},0.0386434271931648,0.0686569958925247,20261005-010838-8084b01,True,-0.612569785118103,1.2563972234726195,2994.0,True
2000,public,enet,"{'alpha': 0.0001, 'l1': 0.5}",0.037138782441616,0.0691201314330101,20261005-010838-8084b01,True,-0.612569785118103,1.2563972234726195,2994.0,True
2000,public,pcr,{'K': 30},0.0363465435802936,0.0688895583152771,20261005-010838-8084b01,True,-0.612569785118103,1.2563972234726195,2994.0,True
2000,public,pls,{'K': 5},0.0376873314380645,0.0690546259284019,20261005-010838-8084b01,True,-0.612569785118103,1.2563972234726195,2994.0,True
2000,public,gbrt,"{'depth': 3, 'lr': 0.05, 'trees': 259}",0.0555095709860324,0.050984650850296,20261005-010838-8084b01,True,-0.612569785118103,1.2563972234726195,2994.0,True
2000,public,gbrth,"{'depth': 2, 'lr': 0.1, 'trees': 290}",0.0573783889412879,0.0179390963166952,20261005-010838-8084b01,True,-0.612569785118103,1.2563972234726195,2994.0,True
2000,full,huber,{'xi_quantile': 0.999},0.0551914907991886,0.0687215775251388,20261005-010838-8084b01,True,-0.612569785118103,1.2563972234726195,2994.0,True
2000,full,enet,"{'alpha': 0.0001, 'l1': 0.5}",0.0510140098631382,0.0689044892787933,20261005-010838-8084b01,True,-0.612569785118103,1.2563972234726195,2994.0,True
2000,full,pcr,{'K': 30},0.0428615659475326,0.0688447058200836,20261005-010838-8084b01,True,-0.612569785118103,1.2563972234726195,2994.0,True
2000,full,pls,{'K': 10},0.0539099425077438,0.0689258426427841,20261005-010838-8084b01,True,-0.612569785118103,1.2563972234726195,2994.0,True
2000,full,gbrt,"{'depth': 3, 'lr': 0.1, 'trees': 159}",0.0612394139170646,0.0717732459306716,20261005-010838-8084b01,True,-0.612569785118103,1.2563972234726195,2994.0,True
2000,full,gbrth,"{'depth': 3, 'lr': 0.1, 'trees': 155}",0.0636143684387207,0.0298214238137006,20261005-010838-8084b01,True,-0.612569785118103,1.2563972234726195,2994.0,True
2002,public,huber,{'xi_quantile': 0.999},0.0542911663651466,0.0804784223437309,20261005-010838-8084b01,True,-0.6205113888978958,1.3083643929958126,3292.0,True
2002,public,enet,"{'alpha': 0.0001, 'l1': 0.5}",0.0509541854262352,0.0809613689780235,20261005-010838-8084b01,True,-0.6205113888978958,1.3083643929958126,3292.0,True
2002,public,pcr,{'K': 30},0.0481950752437114,0.0808631777763366,20261005-010838-8084b01,True,-0.6205113888978958,1.3083643929958126,3292.0,True
2002,public,pls,{'K': 5},0.0528859943151474,0.0806373879313469,20261005-010838-8084b01,True,-0.6205113888978958,1.3083643929958126,3292.0,True
2002,public,gbrt,"{'depth': 3, 'lr': 0.05, 'trees': 335}",0.0749174579977989,0.1076736897230148,20261005-010838-8084b01,True,-0.6205113888978958,1.3083643929958126,3292.0,True
2002,public,gbrth,"{'depth': 3, 'lr': 0.1, 'trees': 188}",0.0773154348134994,0.0476872287690639,20261005-010838-8084b01,True,-0.6205113888978958,1.3083643929958126,3292.0,True
2002,full,huber,{'xi_quantile': 0.999},0.0683514103293418,0.080323725938797,20261005-010838-8084b01,True,-0.6205113888978958,1.3083643929958126,3292.0,True
2002,full,enet,"{'alpha': 0.0001, 'l1': 0.5}",0.0623540766537189,0.0809148028492927,20261005-010838-8084b01,True,-0.6205113888978958,1.3083643929958126,3292.0,True
2002,full,pcr,{'K': 30},0.0515638962388038,0.0807225331664085,20261005-010838-8084b01,True,-0.6205113888978958,1.3083643929958126,3292.0,True
2002,full,pls,{'K': 10},0.0668978542089462,0.0808436572551727,20261005-010838-8084b01,True,-0.6205113888978958,1.3083643929958126,3292.0,True
2002,full,gbrt,"{'depth': 3, 'lr': 0.1, 'trees': 288}",0.092965230345726,0.0978652611374855,20261005-010838-8084b01,True,-0.6205113888978958,1.3083643929958126,3292.0,True
2002,full,gbrth,"{'depth': 3, 'lr': 0.1, 'trees': 167}",0.0872742757201194,0.0396808944642543,20261005-010838-8084b01,True,-0.6205113888978958,1.3083643929958126,3292.0,True
2004,public,huber,{'xi_quantile': 0.999},0.0747823640704155,-0.0704604536294937,20261005-010838-8084b01,True,-0.6247366964817047,1.303247190952303,3630.0,True
2004,public,enet,"{'alpha': 0.0001, 'l1': 0.5}",0.0707492381334304,-0.0699481591582298,20261005-010838-8084b01,True,-0.6247366964817047,1.303247190952303,3630.0,True
2004,public,pcr,{'K': 30},0.0666693821549415,-0.0700709670782089,20261005-010838-8084b01,True,-0.6247366964817047,1.303247190952303,3630.0,True
2004,public,pls,{'K': 5},0.0719983130693435,-0.0697341412305831,20261005-010838-8084b01,True,-0.6247366964817047,1.303247190952303,3630.0,True
2004,public,gbrt,"{'depth': 3, 'lr': 0.05, 'trees': 417}",0.1020849719643592,-0.0308564435690641,20261005-010838-8084b01,True,-0.6247366964817047,1.303247190952303,3630.0,True
2004,public,gbrth,"{'depth': 3, 'lr': 0.05, 'trees': 462}",0.1069789454340934,-0.1274956464767456,20261005-010838-8084b01,True,-0.6247366964817047,1.303247190952303,3630.0,True
2004,full,huber,{'xi_quantile': 0.999},0.0917478054761886,-0.0705888122320175,20261005-010838-8084b01,True,-0.6247366964817047,1.303247190952303,3630.0,True
2004,full,enet,"{'alpha': 0.0001, 'l1': 0.5}",0.0844529643654823,-0.0696870610117912,20261005-010838-8084b01,True,-0.6247366964817047,1.303247190952303,3630.0,True
2004,full,pcr,{'K': 30},0.0703615844249725,-0.0700556710362434,20261005-010838-8084b01,True,-0.6247366964817047,1.303247190952303,3630.0,True
2004,full,pls,{'K': 10},0.0893198326230049,-0.0692916512489318,20261005-010838-8084b01,True,-0.6247366964817047,1.303247190952303,3630.0,True
2004,full,gbrt,"{'depth': 3, 'lr': 0.05, 'trees': 386}",0.1126302555203437,-0.0270915739238262,20261005-010838-8084b01,True,-0.6247366964817047,1.303247190952303,3630.0,True
2004,full,gbrth,"{'depth': 2, 'lr': 0.1, 'trees': 489}",0.1169951260089874,-0.1195502951741218,20261005-010838-8084b01,True,-0.6247366964817047,1.303247190952303,3630.0,True
2006,public,huber,{'xi_quantile': 0.999},0.0906636863946914,-0.0297835897654294,20261005-010838-8084b01,True,-0.6360327949523926,1.305096098899896,4002.0,True
2006,public,enet,"{'alpha': 0.0001, 'l1': 0.5}",0.0859918445348739,-0.0292120892554521,20261005-010838-8084b01,True,-0.6360327949523926,1.305096098899896,4002.0,True
2006,public,pcr,{'K': 30},0.0787303373217582,-0.0293670464307069,20261005-010838-8084b01,True,-0.6360327949523926,1.305096098899896,4002.0,True
2006,public,pls,{'K': 10},0.0896650403738021,-0.0294071026146411,20261005-010838-8084b01,True,-0.6360327949523926,1.305096098899896,4002.0,True
2006,public,gbrt,"{'depth': 3, 'lr': 0.05, 'trees': 579}",0.1326184272766113,-0.0103873629122972,20261005-010838-8084b01,True,-0.6360327949523926,1.305096098899896,4002.0,True
2006,public,gbrth,"{'depth': 2, 'lr': 0.1, 'trees': 524}",0.1502085030078888,-0.0966689437627792,20261005-010838-8084b01,True,-0.6360327949523926,1.305096098899896,4002.0,True
2006,full,huber,{'xi_quantile': 0.999},0.1083850413560867,-0.0298689287155866,20261005-010838-8084b01,True,-0.6360327949523926,1.305096098899896,4002.0,True
2006,full,enet,"{'alpha': 0.0001, 'l1': 0.5}",0.1008871868252754,-0.0289513394236564,20261005-010838-8084b01,True,-0.6360327949523926,1.305096098899896,4002.0,True
2006,full,pcr,{'K': 30},0.0837908312678337,-0.0292814671993255,20261005-010838-8084b01,True,-0.6360327949523926,1.305096098899896,4002.0,True
2006,full,pls,{'K': 10},0.1063403710722923,-0.0293785165995359,20261005-010838-8084b01,True,-0.6360327949523926,1.305096098899896,4002.0,True
2006,full,gbrt,"{'depth': 3, 'lr': 0.05, 'trees': 714}",0.1506429463624954,-0.0235790386795997,20261005-010838-8084b01,True,-0.6360327949523926,1.305096098899896,4002.0,True
2006,full,gbrth,"{'depth': 3, 'lr': 0.05, 'trees': 794}",0.1692622452974319,-0.1006331071257591,20261005-010838-8084b01,True,-0.6360327949523926,1.305096098899896,4002.0,True
2008,public,huber,{'xi_quantile': 0.999},0.0611936673521995,0.2619632482528686,20261005-010838-8084b01,True,-0.652878436923027,1.39342634558678,4362.0,True
2008,public,enet,"{'alpha': 0.0001, 'l1': 0.5}",0.0567546673119068,0.2624821066856384,20261005-010838-8084b01,True,-0.652878436923027,1.39342634558678,4362.0,True
2008,public,pcr,{'K': 30},0.0472456514835357,0.2623006105422973,20261005-010838-8084b01,True,-0.652878436923027,1.39342634558678,4362.0,True
2008,public,pls,{'K': 10},0.060403972864151,0.2623598575592041,20261005-010838-8084b01,True,-0.652878436923027,1.39342634558678,4362.0,True
2008,public,gbrt,"{'depth': 2, 'lr': 0.05, 'trees': 841}",0.0822379440069198,0.288059651851654,20261005-010838-8084b01,True,-0.652878436923027,1.39342634558678,4362.0,True
2008,public,gbrth,"{'depth': 3, 'lr': 0.05, 'trees': 615}",0.0965259298682212,0.2207096517086029,20261005-010838-8084b01,True,-0.652878436923027,1.39342634558678,4362.0,True
2008,full,huber,{'xi_quantile': 0.99},0.0741413757205009,0.2516811788082123,20261005-010838-8084b01,True,-0.652878436923027,1.39342634558678,4362.0,True
2008,full,enet,"{'alpha': 0.0001, 'l1': 0.5}",0.0654390826821327,0.2626085877418518,20261005-010838-8084b01,True,-0.652878436923027,1.39342634558678,4362.0,True
2008,full,pcr,{'K': 30},0.0508224591612815,0.2623020708560943,20261005-010838-8084b01,True,-0.652878436923027,1.39342634558678,4362.0,True
2008,full,pls,{'K': 10},0.0709953531622886,0.2624491155147552,20261005-010838-8084b01,True,-0.652878436923027,1.39342634558678,4362.0,True
2008,full,gbrt,"{'depth': 2, 'lr': 0.05, 'trees': 999}",0.0883034169673919,0.2821816504001617,20261005-010838-8084b01,True,-0.652878436923027,1.39342634558678,4362.0,True
2008,full,gbrth,"{'depth': 3, 'lr': 0.1, 'trees': 331}",0.0994366481900215,0.2191371470689773,20261005-010838-8084b01,True,-0.652878436923027,1.39342634558678,4362.0,True
2010,public,huber,{'xi_quantile': 0.999},0.0927351117134094,-0.1038377434015274,20261005-010838-8084b01,True,-0.6814370155334473,1.4942286643981957,4685.0,True
2010,public,enet,"{'alpha': 0.0001, 'l1': 0.9}",0.0807297974824905,-0.1029537990689277,20261005-010838-8084b01,True,-0.6814370155334473,1.4942286643981957,4685.0,True
2010,public,pcr,{'K': 30},0.0671814382076263,-0.1031932458281517,20261005-010838-8084b01,True,-0.6814370155334473,1.4942286643981957,4685.0,True
2010,public,pls,{'K': 10},0.0913777574896812,-0.1024385169148445,20261005-010838-8084b01,True,-0.6814370155334473,1.4942286643981957,4685.0,True
2010,public,gbrt,"{'depth': 3, 'lr': 0.05, 'trees': 83}",0.0597377866506576,-0.0883968397974968,20261005-010838-8084b01,True,-0.6814370155334473,1.4942286643981957,4685.0,True
2010,public,gbrth,"{'depth': 3, 'lr': 0.05, 'trees': 167}",0.0995700359344482,-0.1688838750123977,20261005-010838-8084b01,True,-0.6814370155334473,1.4942286643981957,4685.0,True
2010,full,huber,{'xi_quantile': 0.999},0.1005160436034202,-0.1039483323693275,20261005-010838-8084b01,True,-0.6814370155334473,1.4942286643981957,4685.0,True
2010,full,enet,"{'alpha': 0.0001, 'l1': 0.9}",0.0870153084397316,-0.1030264571309089,20261005-010838-8084b01,True,-0.6814370155334473,1.4942286643981957,4685.0,True
2010,full,pcr,{'K': 30},0.0727631077170372,-0.1035011261701583,20261005-010838-8084b01,True,-0.6814370155334473,1.4942286643981957,4685.0,True
2010,full,pls,{'K': 3},0.0826020985841751,-0.1031731516122818,20261005-010838-8084b01,True,-0.6814370155334473,1.4942286643981957,4685.0,True
2010,full,gbrt,"{'depth': 3, 'lr': 0.1, 'trees': 48}",0.0667502433061599,-0.0905851349234581,20261005-010838-8084b01,True,-0.6814370155334473,1.4942286643981957,4685.0,True
2010,full,gbrth,"{'depth': 3, 'lr': 0.05, 'trees': 100}",0.0898221284151077,-0.1697656810283661,20261005-010838-8084b01,True,-0.6814370155334473,1.4942286643981957,4685.0,True
2012,public,huber,{'xi_quantile': 0.99},0.0974392518401146,-0.065901294350624,20261005-010838-8084b01,True,-0.6945157431960106,1.496074381351473,4956.0,True
2012,public,enet,"{'alpha': 0.001, 'l1': 0.5}",0.0577827133238315,-0.0511637851595878,20261005-010838-8084b01,True,-0.6945157431960106,1.496074381351473,4956.0,True
2012,public,pcr,{'K': 5},0.0449213907122612,-0.0519657842814922,20261005-010838-8084b01,True,-0.6945157431960106,1.496074381351473,4956.0,True
2012,public,pls,{'K': 1},0.0542498417198658,-0.0503199584782123,20261005-010838-8084b01,True,-0.6945157431960106,1.496074381351473,4956.0,True
2012,public,gbrt,"{'depth': 3, 'lr': 0.05, 'trees': 69}",0.0602019801735878,-0.0490565411746501,20261005-010838-8084b01,True,-0.6945157431960106,1.496074381351473,4956.0,True
2012,public,gbrth,"{'depth': 3, 'lr': 0.1, 'trees': 97}",0.1136784479022026,-0.123098999261856,20261005-010838-8084b01,True,-0.6945157431960106,1.496074381351473,4956.0,True
2012,full,huber,{'xi_quantile': 0.99},0.1006947383284568,-0.0658169239759445,20261005-010838-8084b01,True,-0.6945157431960106,1.496074381351473,4956.0,True
2012,full,enet,"{'alpha': 0.001, 'l1': 0.9}",0.0444078259170055,-0.0512743070721626,20261005-010838-8084b01,True,-0.6945157431960106,1.496074381351473,4956.0,True
2012,full,pcr,{'K': 3},0.042272862046957,-0.0505804941058158,20261005-010838-8084b01,True,-0.6945157431960106,1.496074381351473,4956.0,True
2012,full,pls,{'K': 1},0.0561367161571979,-0.0499077886343002,20261005-010838-8084b01,True,-0.6945157431960106,1.496074381351473,4956.0,True
2012,full,gbrt,"{'depth': 2, 'lr': 0.05, 'trees': 94}",0.0558128580451011,-0.0520483665168285,20261005-010838-8084b01,True,-0.6945157431960106,1.496074381351473,4956.0,True
2012,full,gbrth,"{'depth': 3, 'lr': 0.05, 'trees': 210}",0.1162324696779251,-0.1235191747546196,20261005-010838-8084b01,True,-0.6945157431960106,1.496074381351473,4956.0,True
2014,public,huber,{'xi_quantile': 0.999},0.1055824160575866,0.0295084845274686,20261005-010838-8084b01,True,-0.6912250694036484,1.494754285335541,5206.0,True
2014,public,enet,"{'alpha': 0.001, 'l1': 0.9}",0.0487468503415584,0.0308711472898721,20261005-010838-8084b01,True,-0.6912250694036484,1.494754285335541,5206.0,True
2014,public,pcr,{'K': 3},0.0456455387175083,0.0313246883451938,20261005-010838-8084b01,True,-0.6912250694036484,1.494754285335541,5206.0,True
2014,public,pls,{'K': 1},0.0659913644194603,0.0300782658159732,20261005-010838-8084b01,True,-0.6912250694036484,1.494754285335541,5206.0,True
2014,public,gbrt,"{'depth': 3, 'lr': 0.1, 'trees': 31}",0.0614134892821311,0.0144821526482701,20261005-010838-8084b01,True,-0.6912250694036484,1.494754285335541,5206.0,True
2014,public,gbrth,"{'depth': 3, 'lr': 0.05, 'trees': 98}",0.1072225421667099,-0.0537585131824016,20261005-010838-8084b01,True,-0.6912250694036484,1.494754285335541,5206.0,True
2014,full,huber,{'xi_quantile': 0.999},0.1092922091484069,0.0296182390302419,20261005-010838-8084b01,True,-0.6912250694036484,1.494754285335541,5206.0,True
2014,full,enet,"{'alpha': 0.001, 'l1': 0.9}",0.0495770536363124,0.0307267401367425,20261005-010838-8084b01,True,-0.6912250694036484,1.494754285335541,5206.0,True
2014,full,pcr,{'K': 3},0.0489316470921039,0.0314901471138,20261005-010838-8084b01,True,-0.6912250694036484,1.494754285335541,5206.0,True
2014,full,pls,{'K': 1},0.0658260360360145,0.0305454898625612,20261005-010838-8084b01,True,-0.6912250694036484,1.494754285335541,5206.0,True
2014,full,gbrt,"{'depth': 3, 'lr': 0.1, 'trees': 36}",0.0650741159915924,0.0237565916031599,20261005-010838-8084b01,True,-0.6912250694036484,1.494754285335541,5206.0,True
2014,full,gbrth,"{'depth': 3, 'lr': 0.05, 'trees': 99}",0.1089883148670196,-0.0537904761731624,20261005-010838-8084b01,True,-0.6912250694036484,1.494754285335541,5206.0,True
2016,public,huber,{'xi_quantile': 0.999},0.0816836953163147,-0.0477203354239463,20261005-010838-8084b01,True,-0.6870088943243027,1.469079515457139,5452.0,True
2016,public,enet,"{'alpha': 0.0001, 'l1': 0.9}",0.0722709894180297,-0.0470674410462379,20261005-010838-8084b01,True,-0.6870088943243027,1.469079515457139,5452.0,True
2016,public,pcr,{'K': 30},0.0583670362830162,-0.0470423214137554,20261005-010838-8084b01,True,-0.6870088943243027,1.469079515457139,5452.0,True
2016,public,pls,{'K': 1},0.0527828894555568,-0.0470129586756229,20261005-010838-8084b01,True,-0.6870088943243027,1.469079515457139,5452.0,True
2016,public,gbrt,"{'depth': 2, 'lr': 0.1, 'trees': 145}",0.0744765400886535,-0.0734041035175323,20261005-010838-8084b01,True,-0.6870088943243027,1.469079515457139,5452.0,True
2016,public,gbrth,"{'depth': 3, 'lr': 0.05, 'trees': 88}",0.0829342901706695,-0.1121385470032692,20261005-010838-8084b01,True,-0.6870088943243027,1.469079515457139,5452.0,True
2016,full,huber,{'xi_quantile': 0.999},0.0834938138723373,-0.0473635271191597,20261005-010838-8084b01,True,-0.6870088943243027,1.469079515457139,5452.0,True
2016,full,enet,"{'alpha': 0.001, 'l1': 0.5}",0.0507172867655754,-0.0465288087725639,20261005-010838-8084b01,True,-0.6870088943243027,1.469079515457139,5452.0,True
2016,full,pcr,{'K': 3},0.039989847689867,-0.0459068417549133,20261005-010838-8084b01,True,-0.6870088943243027,1.469079515457139,5452.0,True
2016,full,pls,{'K': 1},0.0531738325953483,-0.0467532686889171,20261005-010838-8084b01,True,-0.6870088943243027,1.469079515457139,5452.0,True
2016,full,gbrt,"{'depth': 3, 'lr': 0.05, 'trees': 149}",0.0701349452137947,-0.0680112987756729,20261005-010838-8084b01,True,-0.6870088943243027,1.469079515457139,5452.0,True
2016,full,gbrth,"{'depth': 3, 'lr': 0.1, 'trees': 37}",0.0791168957948684,-0.1077970340847969,20261005-010838-8084b01,True,-0.6870088943243027,1.469079515457139,5452.0,True
2018,public,huber,{'xi_quantile': 0.999},0.0860839039087295,0.1206811591982841,20261005-010838-8084b01,True,-0.70022555321455,1.4956949508190176,5680.0,True
2018,public,enet,"{'alpha': 0.001, 'l1': 0.5}",0.0510013289749622,0.1219384297728538,20261005-010838-8084b01,True,-0.70022555321455,1.4956949508190176,5680.0,True
2018,public,pcr,{'K': 5},0.0440297648310661,0.1214717552065849,20261005-010838-8084b01,True,-0.70022555321455,1.4956949508190176,5680.0,True
2018,public,pls,{'K': 1},0.0541892424225807,0.1222003847360611,20261005-010838-8084b01,True,-0.70022555321455,1.4956949508190176,5680.0,True
2018,public,gbrt,"{'depth': 3, 'lr': 0.05, 'trees': 34}",0.0373165123164653,0.1092386990785598,20261005-010838-8084b01,True,-0.70022555321455,1.4956949508190176,5680.0,True
2018,public,gbrth,"{'depth': 3, 'lr': 0.1, 'trees': 26}",0.0690318793058395,0.0645255520939827,20261005-010838-8084b01,True,-0.70022555321455,1.4956949508190176,5680.0,True
2018,full,huber,{'xi_quantile': 0.999},0.0859323814511299,0.1206244006752967,20261005-010838-8084b01,True,-0.70022555321455,1.4956949508190176,5680.0,True
2018,full,enet,"{'alpha': 0.001, 'l1': 0.5}",0.0512417256832122,0.1219915002584457,20261005-010838-8084b01,True,-0.70022555321455,1.4956949508190176,5680.0,True
2018,full,pcr,{'K': 5},0.0425467453896999,0.1214819997549057,20261005-010838-8084b01,True,-0.70022555321455,1.4956949508190176,5680.0,True
2018,full,pls,{'K': 1},0.0537012293934822,0.1222016289830207,20261005-010838-8084b01,True,-0.70022555321455,1.4956949508190176,5680.0,True
2018,full,gbrt,"{'depth': 3, 'lr': 0.1, 'trees': 72}",0.0696214437484741,0.1158879697322845,20261005-010838-8084b01,True,-0.70022555321455,1.4956949508190176,5680.0,True
2018,full,gbrth,"{'depth': 3, 'lr': 0.05, 'trees': 49}",0.0670900121331214,0.065457597374916,20261005-010838-8084b01,True,-0.70022555321455,1.4956949508190176,5680.0,True
2020,public,huber,{'xi_quantile': 0.999},0.0525259859859943,-0.09340700507164,20261005-010838-8084b01,True,-0.6985596817731857,1.4946130514144895,5888.0,True
2020,public,enet,"{'alpha': 0.001, 'l1': 0.5}",0.0311694778501987,-0.0925204381346702,20261005-010838-8084b01,True,-0.6985596817731857,1.4946130514144895,5888.0,True
2020,public,pcr,{'K': 5},0.025853369385004,-0.0926487073302269,20261005-010838-8084b01,True,-0.6985596817731857,1.4946130514144895,5888.0,True
2020,public,pls,{'K': 1},0.0319996438920497,-0.0922096893191337,20261005-010838-8084b01,True,-0.6985596817731857,1.4946130514144895,5888.0,True
2020,public,gbrt,"{'depth': 3, 'lr': 0.05, 'trees': 25}",0.0166421737521886,-0.0989069864153862,20261005-010838-8084b01,True,-0.6985596817731857,1.4946130514144895,5888.0,True
2020,public,gbrth,"{'depth': 2, 'lr': 0.05, 'trees': 55}",0.0365760438144207,-0.125699371099472,20261005-010838-8084b01,True,-0.6985596817731857,1.4946130514144895,5888.0,True
2020,full,huber,{'xi_quantile': 0.99},0.0582750253379344,-0.1012500748038292,20261005-010838-8084b01,True,-0.6985596817731857,1.4946130514144895,5888.0,True
2020,full,enet,"{'alpha': 0.001, 'l1': 0.5}",0.0312722399830818,-0.0924921408295631,20261005-010838-8084b01,True,-0.6985596817731857,1.4946130514144895,5888.0,True
2020,full,pcr,{'K': 5},0.0258147716522216,-0.0926501154899597,20261005-010838-8084b01,True,-0.6985596817731857,1.4946130514144895,5888.0,True
2020,full,pls,{'K': 1},0.0322316065430641,-0.0922092571854591,20261005-010838-8084b01,True,-0.6985596817731857,1.4946130514144895,5888.0,True
2020,full,gbrt,"{'depth': 3, 'lr': 0.05, 'trees': 36}",0.0214298646897077,-0.1003387942910194,20261005-010838-8084b01,True,-0.6985596817731857,1.4946130514144895,5888.0,True
2020,full,gbrth,"{'depth': 3, 'lr': 0.05, 'trees': 49}",0.0384291522204875,-0.1266635507345199,20261005-010838-8084b01,True,-0.6985596817731857,1.4946130514144895,5888.0,True
2022,public,huber,{'xi_quantile': 0.999},0.071029394865036,0.1517729759216308,20261005-010838-8084b01,True,-0.69692946434021,1.4893540143966677,6087.0,True
2022,public,enet,"{'alpha': 0.001, 'l1': 0.5}",0.0397169850766658,0.1525168418884277,20261005-010838-8084b01,True,-0.69692946434021,1.4893540143966677,6087.0,True
2022,public,pcr,{'K': 5},0.0372725389897823,0.1524925082921981,20261005-010838-8084b01,True,-0.69692946434021,1.4893540143966677,6087.0,True
2022,public,pls,{'K': 1},0.0453432127833366,0.152593657374382,20261005-010838-8084b01,True,-0.69692946434021,1.4893540143966677,6087.0,True
2022,public,gbrt,"{'depth': 3, 'lr': 0.05, 'trees': 29}",0.0276229381561279,0.1496600657701492,20261005-010838-8084b01,True,-0.69692946434021,1.4893540143966677,6087.0,True
2022,public,gbrth,"{'depth': 2, 'lr': 0.05, 'trees': 115}",0.0716768577694892,0.1017658561468124,20261005-010838-8084b01,True,-0.69692946434021,1.4893540143966677,6087.0,True
2022,full,huber,{'xi_quantile': 0.999},0.071029394865036,0.1517729759216308,20261005-010838-8084b01,True,-0.69692946434021,1.4893540143966677,6087.0,True
2022,full,enet,"{'alpha': 0.001, 'l1': 0.5}",0.0397169850766658,0.1525168418884277,20261005-010838-8084b01,True,-0.69692946434021,1.4893540143966677,6087.0,True
2022,full,pcr,{'K': 5},0.0372725389897823,0.1524925082921981,20261005-010838-8084b01,True,-0.69692946434021,1.4893540143966677,6087.0,True
2022,full,pls,{'K': 1},0.0453432127833366,0.152593657374382,20261005-010838-8084b01,True,-0.69692946434021,1.4893540143966677,6087.0,True
2022,full,gbrt,"{'depth': 3, 'lr': 0.05, 'trees': 29}",0.0276229381561279,0.1496600657701492,20261005-010838-8084b01,True,-0.69692946434021,1.4893540143966677,6087.0,True
2022,full,gbrth,"{'depth': 2, 'lr': 0.05, 'trees': 115}",0.0716768577694892,0.1017658561468124,20261005-010838-8084b01,True,-0.69692946434021,1.4893540143966677,6087.0,True
2024,public,huber,{'xi_quantile': 0.99},0.0457033738493919,0.0025928057730197,20261005-010838-8084b01,True,-0.6971983966827392,1.4716113443375574,6292.0,True
2024,public,enet,"{'alpha': 0.001, 'l1': 0.5}",0.0225992575287818,0.0097401840612292,20261005-010838-8084b01,True,-0.6971983966827392,1.4716113443375574,6292.0,True
2024,public,pcr,{'K': 3},0.0194916874170303,0.0098159732297062,20261005-010838-8084b01,True,-0.6971983966827392,1.4716113443375574,6292.0,True
2024,public,pls,{'K': 1},0.0261321458965539,0.0097100809216499,20261005-010838-8084b01,True,-0.6971983966827392,1.4716113443375574,6292.0,True
2024,public,gbrt,"{'depth': 3, 'lr': 0.1, 'trees': 58}",0.0432491675019264,0.0398315899074077,20261005-010838-8084b01,True,-0.6971983966827392,1.4716113443375574,6292.0,True
2024,public,gbrth,"{'depth': 3, 'lr': 0.1, 'trees': 167}",0.0558267049491405,-0.0011010593734681,20261005-010838-8084b01,True,-0.6971983966827392,1.4716113443375574,6292.0,True
2024,full,huber,{'xi_quantile': 0.99},0.0457033738493919,0.0025928057730197,20261005-010838-8084b01,True,-0.6971983966827392,1.4716113443375574,6292.0,True
2024,full,enet,"{'alpha': 0.001, 'l1': 0.5}",0.0225992575287818,0.0097401840612292,20261005-010838-8084b01,True,-0.6971983966827392,1.4716113443375574,6292.0,True
2024,full,pcr,{'K': 3},0.0194916874170303,0.0098159732297062,20261005-010838-8084b01,True,-0.6971983966827392,1.4716113443375574,6292.0,True
2024,full,pls,{'K': 1},0.0261321458965539,0.0097100809216499,20261005-010838-8084b01,True,-0.6971983966827392,1.4716113443375574,6292.0,True
2024,full,gbrt,"{'depth': 3, 'lr': 0.1, 'trees': 58}",0.0432491675019264,0.0398315899074077,20261005-010838-8084b01,True,-0.6971983966827392,1.4716113443375574,6292.0,True
2024,full,gbrth,"{'depth': 3, 'lr': 0.1, 'trees': 167}",0.0558267049491405,-0.0011010593734681,20261005-010838-8084b01,True,-0.6971983966827392,1.4716113443375574,6292.0,True
1996,public,nn1,"{'l1': 0.0001, 'epochs': [8, 9, 6, 30, 9]}",0.07290231436491013,-0.030832938849925995,20261005-010838-8084b01,True,-0.5671426656246186,1.1365758213996857,2402.0,True
1996,public,nn2,"{'l1': 0.0001, 'epochs': [7, 9, 6, 22, 9]}",0.07503069937229156,-0.03534476459026337,20261005-010838-8084b01,True,-0.5671426656246186,1.1365758213996857,2402.0,True
1996,public,nn3,"{'l1': 1e-05, 'epochs': [7, 9, 6, 7, 9]}",0.07522599399089813,-0.032275449484586716,20261005-010838-8084b01,True,-0.5671426656246186,1.1365758213996857,2402.0,True
1996,full,nn1,"{'l1': 0.0001, 'epochs': [7, 18, 6, 6, 9]}",0.09032778441905975,-0.028921611607074738,20261005-010838-8084b01,True,-0.5671426656246186,1.1365758213996857,2402.0,True
1996,full,nn2,"{'l1': 0.0001, 'epochs': [7, 13, 6, 6, 9]}",0.09577053040266037,-0.031428053975105286,20261005-010838-8084b01,True,-0.5671426656246186,1.1365758213996857,2402.0,True
1996,full,nn3,"{'l1': 0.0001, 'epochs': [8, 13, 6, 6, 12]}",0.09698061645030975,-0.031080739572644234,20261005-010838-8084b01,True,-0.5671426656246186,1.1365758213996857,2402.0,True
1998,public,nn1,"{'l1': 1e-05, 'epochs': [13, 10, 15, 11, 7]}",0.06457731872797012,0.046790722757577896,20261005-010838-8084b01,True,-0.5789601240158081,1.1657630920410558,2706.0,True
1998,public,nn2,"{'l1': 0.0001, 'epochs': [8, 9, 14, 11, 14]}",0.0665108785033226,0.03970567509531975,20261005-010838-8084b01,True,-0.5789601240158081,1.1657630920410558,2706.0,True
1998,public,nn3,"{'l1': 1e-05, 'epochs': [12, 11, 7, 13, 7]}",0.06952983140945435,0.04354976490139961,20261005-010838-8084b01,True,-0.5789601240158081,1.1657630920410558,2706.0,True
1998,full,nn1,"{'l1': 0.0001, 'epochs': [8, 11, 23, 8, 12]}",0.08525017648935318,0.04113871604204178,20261005-010838-8084b01,True,-0.5789601240158081,1.1657630920410558,2706.0,True
1998,full,nn2,"{'l1': 0.0001, 'epochs': [13, 11, 17, 9, 7]}",0.09093445539474487,0.04868774116039276,20261005-010838-8084b01,True,-0.5789601240158081,1.1657630920410558,2706.0,True
1998,full,nn3,"{'l1': 0.0001, 'epochs': [13, 9, 18, 19, 6]}",0.08999977260828018,0.04467788338661194,20261005-010838-8084b01,True,-0.5789601240158081,1.1657630920410558,2706.0,True
2000,public,nn1,"{'l1': 0.0001, 'epochs': [8, 12, 10, 7, 19]}",0.050992053002119064,0.06970033049583435,20261005-010838-8084b01,True,-0.612569785118103,1.2563972234726197,2994.0,True
2000,public,nn2,"{'l1': 1e-05, 'epochs': [13, 18, 13, 8, 8]}",0.05488390848040581,0.06722135841846466,20261005-010838-8084b01,True,-0.612569785118103,1.2563972234726197,2994.0,True
2000,public,nn3,"{'l1': 1e-05, 'epochs': [11, 12, 7, 14, 14]}",0.055611830204725266,0.06587968021631241,20261005-010838-8084b01,True,-0.612569785118103,1.2563972234726197,2994.0,True
2000,full,nn1,"{'l1': 0.0001, 'epochs': [13, 12, 7, 8, 14]}",0.06742625683546066,0.07004215568304062,20261005-010838-8084b01,True,-0.612569785118103,1.2563972234726197,2994.0,True
2000,full,nn2,"{'l1': 0.0001, 'epochs': [13, 12, 7, 9, 14]}",0.07002092897891998,0.07297342270612717,20261005-010838-8084b01,True,-0.612569785118103,1.2563972234726197,2994.0,True
2000,full,nn3,"{'l1': 0.0001, 'epochs': [8, 12, 8, 9, 14]}",0.07244770228862762,0.07067876309156418,20261005-010838-8084b01,True,-0.612569785118103,1.2563972234726197,2994.0,True
2002,public,nn1,"{'l1': 0.0001, 'epochs': [23, 22, 20, 25, 22]}",0.0754799023270607,0.0886664167046547,20261005-010838-8084b01,True,-0.6205113888978958,1.3083643929958126,3292.0,True
2002,public,nn2,"{'l1': 1e-05, 'epochs': [14, 22, 12, 21, 22]}",0.08484913408756256,0.09010425209999084,20261005-010838-8084b01,True,-0.6205113888978958,1.3083643929958126,3292.0,True
2002,public,nn3,"{'l1': 0.0001, 'epochs': [13, 17, 27, 8, 22]}",0.07968638837337494,0.08305738121271133,20261005-010838-8084b01,True,-0.6205113888978958,1.3083643929958126,3292.0,True
2002,full,nn1,"{'l1': 0.0001, 'epochs': [14, 18, 16, 17, 10]}",0.09573975950479507,0.09985379874706268,20261005-010838-8084b01,True,-0.6205113888978958,1.3083643929958126,3292.0,True
2002,full,nn2,"{'l1': 0.0001, 'epochs': [8, 18, 11, 16, 10]}",0.10135617107152939,0.10051875561475754,20261005-010838-8084b01,True,-0.6205113888978958,1.3083643929958126,3292.0,True
2002,full,nn3,"{'l1': 0.0001, 'epochs': [14, 14, 12, 16, 9]}",0.10268960893154144,0.10144135355949402,20261005-010838-8084b01,True,-0.6205113888978958,1.3083643929958126,3292.0,True
2004,public,nn1,"{'l1': 1e-05, 'epochs': [32, 24, 48, 30, 34]}",0.11167868226766586,-0.05086752027273178,20261005-010838-8084b01,True,-0.6247366964817047,1.303247190952303,3630.0,True
2004,public,nn2,"{'l1': 0.0001, 'epochs': [17, 13, 8, 29, 12]}",0.10131197422742844,-0.05884610116481781,20261005-010838-8084b01,True,-0.6247366964817047,1.303247190952303,3630.0,True
2004,public,nn3,"{'l1': 1e-05, 'epochs': [17, 13, 17, 24, 21]}",0.11129464209079742,-0.06480023264884949,20261005-010838-8084b01,True,-0.6247366964817047,1.303247190952303,3630.0,True
2004,full,nn1,"{'l1': 0.0001, 'epochs': [15, 13, 25, 28, 12]}",0.1311628669500351,-0.054748158901929855,20261005-010838-8084b01,True,-0.6247366964817047,1.303247190952303,3630.0,True
2004,full,nn2,"{'l1': 1e-05, 'epochs': [15, 14, 8, 10, 19]}",0.14106199145317078,-0.05040149390697479,20261005-010838-8084b01,True,-0.6247366964817047,1.303247190952303,3630.0,True
2004,full,nn3,"{'l1': 0.0001, 'epochs': [15, 14, 8, 18, 12]}",0.12781083583831787,-0.047518592327833176,20261005-010838-8084b01,True,-0.6247366964817047,1.303247190952303,3630.0,True
2006,public,nn1,"{'l1': 0.0001, 'epochs': [38, 14, 8, 9, 15]}",0.1159876361489296,-0.018415024504065514,20261005-010838-8084b01,True,-0.6360327949523926,1.3050960988998959,4002.0,True
2006,public,nn2,"{'l1': 0.0001, 'epochs': [26, 13, 18, 9, 15]}",0.12440594285726547,-0.012864134274423122,20261005-010838-8084b01,True,-0.6360327949523926,1.3050960988998959,4002.0,True
2006,public,nn3,"{'l1': 1e-05, 'epochs': [14, 23, 15, 9, 19]}",0.13420678675174713,-0.009070001542568207,20261005-010838-8084b01,True,-0.6360327949523926,1.3050960988998959,4002.0,True
2006,full,nn1,"{'l1': 0.0001, 'epochs': [13, 14, 8, 9, 26]}",0.14158912003040314,-0.01453409157693386,20261005-010838-8084b01,True,-0.6360327949523926,1.3050960988998959,4002.0,True
2006,full,nn2,"{'l1': 0.0001, 'epochs': [20, 16, 8, 9, 18]}",0.15183717012405396,-0.001692787162028253,20261005-010838-8084b01,True,-0.6360327949523926,1.3050960988998959,4002.0,True
2006,full,nn3,"{'l1': 0.0001, 'epochs': [13, 16, 8, 10, 11]}",0.1433706432580948,-0.013391651213169098,20261005-010838-8084b01,True,-0.6360327949523926,1.3050960988998959,4002.0,True
2008,public,nn1,"{'l1': 0.0001, 'epochs': [14, 13, 14, 15, 17]}",0.08851581811904907,0.2690235376358032,20261005-010838-8084b01,True,-0.652878436923027,1.39342634558678,4362.0,True
2008,public,nn2,"{'l1': 0.0001, 'epochs': [14, 15, 9, 12, 17]}",0.09039119631052017,0.27309703826904297,20261005-010838-8084b01,True,-0.652878436923027,1.39342634558678,4362.0,True
2008,public,nn3,"{'l1': 0.0001, 'epochs': [14, 15, 14, 16, 8]}",0.09561462700366974,0.27003008127212524,20261005-010838-8084b01,True,-0.652878436923027,1.39342634558678,4362.0,True
2008,full,nn1,"{'l1': 0.0001, 'epochs': [23, 12, 14, 15, 6]}",0.09776981174945831,0.2717723250389099,20261005-010838-8084b01,True,-0.652878436923027,1.39342634558678,4362.0,True
2008,full,nn2,"{'l1': 0.0001, 'epochs': [14, 17, 14, 15, 11]}",0.10636162757873535,0.2734735608100891,20261005-010838-8084b01,True,-0.652878436923027,1.39342634558678,4362.0,True
2008,full,nn3,"{'l1': 0.0001, 'epochs': [14, 8, 9, 15, 11]}",0.10377639532089233,0.27229905128479004,20261005-010838-8084b01,True,-0.652878436923027,1.39342634558678,4362.0,True
2010,public,nn1,"{'l1': 0.0001, 'epochs': [6, 6, 8, 7, 6]}",0.10990998893976212,-0.08842279016971588,20261005-010838-8084b01,True,-0.6814370155334473,1.4942286643981957,4685.0,True
2010,public,nn2,"{'l1': 0.0001, 'epochs': [8, 6, 8, 7, 8]}",0.11646059155464172,-0.09309392422437668,20261005-010838-8084b01,True,-0.6814370155334473,1.4942286643981957,4685.0,True
2010,public,nn3,"{'l1': 0.0001, 'epochs': [7, 7, 8, 7, 8]}",0.11667502671480179,-0.09377038478851318,20261005-010838-8084b01,True,-0.6814370155334473,1.4942286643981957,4685.0,True
2010,full,nn1,"{'l1': 0.0001, 'epochs': [6, 13, 8, 7, 6]}",0.12037007510662079,-0.08780988305807114,20261005-010838-8084b01,True,-0.6814370155334473,1.4942286643981957,4685.0,True
2010,full,nn2,"{'l1': 0.0001, 'epochs': [8, 9, 8, 7, 6]}",0.12658105790615082,-0.08781120181083679,20261005-010838-8084b01,True,-0.6814370155334473,1.4942286643981957,4685.0,True
2010,full,nn3,"{'l1': 0.0001, 'epochs': [8, 9, 7, 7, 8]}",0.12417616695165634,-0.09578059613704681,20261005-010838-8084b01,True,-0.6814370155334473,1.4942286643981957,4685.0,True
2012,public,nn1,"{'l1': 0.0001, 'epochs': [7, 12, 9, 6, 6]}",0.11294933408498764,-0.04013555869460106,20261005-010838-8084b01,True,-0.6945157431960106,1.496074381351473,4956.0,True
2012,public,nn2,"{'l1': 0.0001, 'epochs': [13, 7, 9, 6, 7]}",0.12515363097190857,-0.038664206862449646,20261005-010838-8084b01,True,-0.6945157431960106,1.496074381351473,4956.0,True
2012,public,nn3,"{'l1': 0.0001, 'epochs': [6, 7, 15, 6, 7]}",0.12214084714651108,-0.04129821062088013,20261005-010838-8084b01,True,-0.6945157431960106,1.496074381351473,4956.0,True
2012,full,nn1,"{'l1': 0.0001, 'epochs': [7, 8, 9, 6, 7]}",0.11805170029401779,-0.0375489704310894,20261005-010838-8084b01,True,-0.6945157431960106,1.496074381351473,4956.0,True
2012,full,nn2,"{'l1': 0.0001, 'epochs': [8, 12, 9, 6, 7]}",0.12655839323997498,-0.04057987406849861,20261005-010838-8084b01,True,-0.6945157431960106,1.496074381351473,4956.0,True
2012,full,nn3,"{'l1': 0.0001, 'epochs': [11, 11, 12, 6, 7]}",0.13110262155532837,-0.04267146810889244,20261005-010838-8084b01,True,-0.6945157431960106,1.496074381351473,4956.0,True
2014,public,nn1,"{'l1': 0.0001, 'epochs': [7, 9, 10, 11, 6]}",0.12450356781482697,0.03259750083088875,20261005-010838-8084b01,True,-0.6912250694036484,1.4947542853355413,5206.0,True
2014,public,nn2,"{'l1': 0.0001, 'epochs': [7, 9, 7, 11, 6]}",0.1301485300064087,0.030519630759954453,20261005-010838-8084b01,True,-0.6912250694036484,1.4947542853355413,5206.0,True
2014,public,nn3,"{'l1': 0.0001, 'epochs': [7, 7, 16, 8, 9]}",0.12784282863140106,0.028424816206097603,20261005-010838-8084b01,True,-0.6912250694036484,1.4947542853355413,5206.0,True
2014,full,nn1,"{'l1': 0.0001, 'epochs': [7, 9, 10, 11, 9]}",0.132016122341156,0.03189096972346306,20261005-010838-8084b01,True,-0.6912250694036484,1.4947542853355413,5206.0,True
2014,full,nn2,"{'l1': 0.0001, 'epochs': [7, 7, 10, 11, 6]}",0.13377337157726288,0.02655600942671299,20261005-010838-8084b01,True,-0.6912250694036484,1.4947542853355413,5206.0,True
2014,full,nn3,"{'l1': 0.0001, 'epochs': [7, 7, 7, 11, 6]}",0.13171322643756866,0.030826177448034286,20261005-010838-8084b01,True,-0.6912250694036484,1.4947542853355413,5206.0,True
2016,public,nn1,"{'l1': 0.0001, 'epochs': [15, 6, 13, 10, 6]}",0.09639661759138107,-0.04855014383792877,20261005-010838-8084b01,True,-0.6870088943243027,1.469079515457139,5452.0,True
2016,public,nn2,"{'l1': 0.0001, 'epochs': [21, 6, 7, 10, 6]}",0.09938716888427734,-0.053096748888492584,20261005-010838-8084b01,True,-0.6870088943243027,1.469079515457139,5452.0,True
2016,public,nn3,"{'l1': 0.0001, 'epochs': [15, 6, 7, 8, 18]}",0.1041421964764595,-0.05369652807712555,20261005-010838-8084b01,True,-0.6870088943243027,1.469079515457139,5452.0,True
2016,full,nn1,"{'l1': 1e-05, 'epochs': [15, 6, 7, 10, 6]}",0.10397402942180634,-0.04471123218536377,20261005-010838-8084b01,True,-0.6870088943243027,1.469079515457139,5452.0,True
2016,full,nn2,"{'l1': 0.0001, 'epochs': [15, 13, 7, 10, 18]}",0.10956481099128723,-0.05125638097524643,20261005-010838-8084b01,True,-0.6870088943243027,1.469079515457139,5452.0,True
2016,full,nn3,"{'l1': 0.0001, 'epochs': [15, 6, 11, 8, 8]}",0.10294286161661148,-0.05162452533841133,20261005-010838-8084b01,True,-0.6870088943243027,1.469079515457139,5452.0,True
2018,public,nn1,"{'l1': 0.0001, 'epochs': [14, 6, 11, 7, 8]}",0.1011575236916542,0.11729726195335388,20261005-010838-8084b01,True,-0.70022555321455,1.4956949508190176,5680.0,True
2018,public,nn2,"{'l1': 1e-05, 'epochs': [10, 6, 11, 6, 6]}",0.10367158055305481,0.11590508371591568,20261005-010838-8084b01,True,-0.70022555321455,1.4956949508190176,5680.0,True
2018,public,nn3,"{'l1': 0.0001, 'epochs': [21, 8, 18, 6, 6]}",0.10017836093902588,0.11368754506111145,20261005-010838-8084b01,True,-0.70022555321455,1.4956949508190176,5680.0,True
2018,full,nn1,"{'l1': 0.0001, 'epochs': [8, 6, 8, 7, 9]}",0.1005515530705452,0.11768397688865662,20261005-010838-8084b01,True,-0.70022555321455,1.4956949508190176,5680.0,True
2018,full,nn2,"{'l1': 0.0001, 'epochs': [11, 6, 11, 7, 14]}",0.10707084089517593,0.11705604195594788,20261005-010838-8084b01,True,-0.70022555321455,1.4956949508190176,5680.0,True
2018,full,nn3,"{'l1': 0.0001, 'epochs': [6, 13, 11, 6, 9]}",0.0973343700170517,0.11799198389053345,20261005-010838-8084b01,True,-0.70022555321455,1.4956949508190176,5680.0,True
2020,public,nn1,"{'l1': 0.0001, 'epochs': [7, 12, 15, 9, 7]}",0.05821630358695984,-0.09224677085876465,20261005-010838-8084b01,True,-0.6985596817731857,1.4946130514144897,5888.0,True
2020,public,nn2,"{'l1': 0.0001, 'epochs': [7, 11, 8, 18, 7]}",0.0613984614610672,-0.09414000064134598,20261005-010838-8084b01,True,-0.6985596817731857,1.4946130514144897,5888.0,True
2020,public,nn3,"{'l1': 0.0001, 'epochs': [7, 11, 8, 18, 7]}",0.059472959488630295,-0.09381570667028427,20261005-010838-8084b01,True,-0.6985596817731857,1.4946130514144897,5888.0,True
2020,full,nn1,"{'l1': 0.0001, 'epochs': [7, 14, 8, 9, 6]}",0.05790223926305771,-0.08973202854394913,20261005-010838-8084b01,True,-0.6985596817731857,1.4946130514144897,5888.0,True
2020,full,nn2,"{'l1': 0.0001, 'epochs': [7, 12, 15, 7, 6]}",0.06087034195661545,-0.093417227268219,20261005-010838-8084b01,True,-0.6985596817731857,1.4946130514144897,5888.0,True
2020,full,nn3,"{'l1': 0.0001, 'epochs': [7, 11, 8, 12, 7]}",0.05942998826503754,-0.09600694477558136,20261005-010838-8084b01,True,-0.6985596817731857,1.4946130514144897,5888.0,True
2022,public,nn1,"{'l1': 0.0001, 'epochs': [11, 6, 6, 16, 7]}",0.0808074101805687,0.1388743668794632,20261005-010838-8084b01,True,-0.69692946434021,1.4893540143966675,6087.0,True
2022,public,nn2,"{'l1': 0.0001, 'epochs': [11, 6, 6, 9, 7]}",0.08615241199731827,0.13715258240699768,20261005-010838-8084b01,True,-0.69692946434021,1.4893540143966675,6087.0,True
2022,public,nn3,"{'l1': 1e-05, 'epochs': [8, 7, 6, 9, 7]}",0.0888664722442627,0.13881157338619232,20261005-010838-8084b01,True,-0.69692946434021,1.4893540143966675,6087.0,True
2022,full,nn1,"{'l1': 0.0001, 'epochs': [11, 6, 6, 16, 7]}",0.0808074101805687,0.1388743668794632,20261005-010838-8084b01,True,-0.69692946434021,1.4893540143966675,6087.0,True
2022,full,nn2,"{'l1': 0.0001, 'epochs': [11, 6, 6, 9, 7]}",0.08615241199731827,0.13715258240699768,20261005-010838-8084b01,True,-0.69692946434021,1.4893540143966675,6087.0,True
2022,full,nn3,"{'l1': 1e-05, 'epochs': [8, 7, 6, 9, 7]}",0.0888664722442627,0.13881157338619232,20261005-010838-8084b01,True,-0.69692946434021,1.4893540143966675,6087.0,True
2024,public,nn1,"{'l1': 0.0001, 'epochs': [10, 14, 20, 25, 17]}",0.05238521844148636,0.005702583584934473,20261005-010838-8084b01,True,-0.6971983966827392,1.4716113443375574,6292.0,True
2024,public,nn2,"{'l1': 0.0001, 'epochs': [13, 22, 10, 15, 17]}",0.053250860422849655,0.0024681061040610075,20261005-010838-8084b01,True,-0.6971983966827392,1.4716113443375574,6292.0,True
2024,public,nn3,"{'l1': 0.0001, 'epochs': [13, 13, 18, 14, 17]}",0.055855218321084976,0.00012023282033624128,20261005-010838-8084b01,True,-0.6971983966827392,1.4716113443375574,6292.0,True
2024,full,nn1,"{'l1': 0.0001, 'epochs': [10, 14, 20, 25, 17]}",0.05238521844148636,0.005702583584934473,20261005-010838-8084b01,True,-0.6971983966827392,1.4716113443375574,6292.0,True
2024,full,nn2,"{'l1': 0.0001, 'epochs': [13, 22, 10, 15, 17]}",0.053250860422849655,0.0024681061040610075,20261005-010838-8084b01,True,-0.6971983966827392,1.4716113443375574,6292.0,True
2024,full,nn3,"{'l1': 0.0001, 'epochs': [13, 13, 18, 14, 17]}",0.055855218321084976,0.00012023282033624128,20261005-010838-8084b01,True,-0.6971983966827392,1.4716113443375574,6292.0,True
