model,set,universe,ic_mean,ic_sd,t,t_nw,months,share_positive
huber,public,all,0.07427809640712008,0.07994837234479842,17.6279735048303,12.627809698459528,360,0.8583333333333333
huber,public,ex_small,0.04024174137256851,0.09721282468272997,7.854245167593871,5.793806990319976,360,0.675
gbrth,public,all,0.10956712805956846,0.1301053937627835,15.978508100131913,11.6591237755574,360,0.8277777777777777
gbrth,public,ex_small,0.04761590995299343,0.134833368625175,6.7004805938591465,5.282654718994527,360,0.65
huber,full,all,0.08420990380228816,0.07648361229282842,20.890365105091167,12.156050512745106,360,0.8916666666666667
huber,full,ex_small,0.047170884601794465,0.0940186568787803,9.519436218640674,6.194472701371936,360,0.7111111111111111
gbrth,full,all,0.11264813243719905,0.1342934198339408,15.915508285052073,11.55534550892791,360,0.8194444444444444
gbrth,full,ex_small,0.049361800389646444,0.14191247418043462,6.599661638175733,5.104065880032791,360,0.6472222222222223
gbrt,public,all,0.07000951596718955,0.07837688802399223,16.948072366012383,12.705293934286432,360,0.8555555555555555
gbrt,public,ex_small,0.035461175295741706,0.10618847712008106,6.336172369110997,4.706256987008342,360,0.6555555555555556
gbrt,full,all,0.07366737078609942,0.0770360917770561,18.143964124847137,12.484054791466946,360,0.85
gbrt,full,ex_small,0.03481116758451741,0.10403968285743306,6.348495567469846,4.661244204872022,360,0.6361111111111111
nn1,public,all,0.07020554947071002,0.06591086137089854,20.209971718782203,13.750061915536488,360,0.9
nn1,public,ex_small,0.04208347939435808,0.09642962872934495,8.280420561887125,6.780834738118313,360,0.7083333333333334
nn2,public,all,0.0749454057752538,0.06614208759068815,21.499005342737796,12.989657747262488,360,0.9
nn2,public,ex_small,0.04503017294610313,0.09284328568895958,9.202469013302938,6.528626776381287,360,0.7055555555555556
nn3,public,all,0.0791474722386962,0.07094404561269352,21.16763552100931,12.736156313137275,360,0.9027777777777778
nn3,public,ex_small,0.04617048919128555,0.09840861069535174,8.901898248353849,6.408458325527615,360,0.7
nn1,full,all,0.07729142521862223,0.06202394949416667,23.644119661977793,13.454755222430084,360,0.9166666666666666
nn1,full,ex_small,0.04814833620614216,0.08674294307691775,10.531697626903016,7.1780819874525,360,0.7388888888888889
nn2,full,all,0.08105716706569853,0.06322534841102168,24.324921100510156,13.499573228277594,360,0.925
nn2,full,ex_small,0.05194849444998647,0.0875036991985149,11.264133858333704,7.3323907800465875,360,0.7611111111111111
nn3,full,all,0.08377357199710092,0.06615867774400862,24.025446481623238,13.150429872211287,360,0.9166666666666666
nn3,full,ex_small,0.05188049390659696,0.08979664676421174,10.962137192725503,6.941902034552317,360,0.7388888888888889
enet,public,all,0.07276591823996449,0.08116530943564056,16.72427065921311,12.423868033430239,348,0.8563218390804598
enet,public,ex_small,0.040670211647917336,0.10113694070154916,7.501640401184536,5.666811134189868,348,0.6666666666666666
pcr,public,all,0.07214569174804704,0.11534036031751774,11.868076811838762,7.393932705289484,360,0.7777777777777778
pcr,public,ex_small,0.036907661545496975,0.11787872909415184,5.940627685313461,4.435589334509765,360,0.6277777777777778
pls,public,all,0.0824666731400666,0.10763236423426906,14.537403505044063,9.860287460487188,360,0.8138888888888889
pls,public,ex_small,0.042046432950553776,0.11694113163258223,6.822022008153258,5.245963491844576,360,0.6444444444444445
enet,full,all,0.08436946971534623,0.08055370736458708,19.87243279122238,11.56339142655214,360,0.8805555555555555
enet,full,ex_small,0.04779733978808805,0.10233047363017087,8.862372339266715,5.806019302977201,360,0.7027777777777777
pcr,full,all,0.08580100457488639,0.1116611788487008,14.579459188129022,9.707316421499462,360,0.8361111111111111
pcr,full,ex_small,0.04439011906113817,0.1211194482503343,6.953823710414616,4.97824802554386,360,0.6416666666666667
pls,full,all,0.09455049231926241,0.10472214433418062,17.130755573434268,10.685988566165149,360,0.8555555555555555
pls,full,ex_small,0.05104814009807747,0.11697188239043883,8.280369079799867,5.666744300041222,360,0.6861111111111111
