year,set,model,seconds,run_id
1995,public,enet,1.2740180492401123,20261005-010838-8084b01
1995,public,pcr,0.1978979110717773,20261005-010838-8084b01
1995,public,pls,0.7961752414703369,20261005-010838-8084b01
1995,full,enet,0.931851863861084,20261005-010838-8084b01
1995,full,pcr,0.5623741149902344,20261005-010838-8084b01
1995,full,pls,4.323429107666016,20261005-010838-8084b01
1997,public,enet,0.2674851417541504,20261005-010838-8084b01
1997,public,pcr,0.2192509174346923,20261005-010838-8084b01
1997,public,pls,1.0127129554748535,20261005-010838-8084b01
1997,full,enet,0.9551630020141602,20261005-010838-8084b01
1997,full,pcr,0.5301439762115479,20261005-010838-8084b01
1997,full,pls,5.876280784606934,20261005-010838-8084b01
1999,public,enet,0.229820966720581,20261005-010838-8084b01
1999,public,pcr,0.2751638889312744,20261005-010838-8084b01
1999,public,pls,1.4271788597106934,20261005-010838-8084b01
1999,full,enet,1.4420711994171145,20261005-010838-8084b01
1999,full,pcr,0.7156951427459717,20261005-010838-8084b01
1999,full,pls,5.847143888473511,20261005-010838-8084b01
2001,public,enet,0.256843090057373,20261005-010838-8084b01
2001,public,pcr,0.2983167171478271,20261005-010838-8084b01
2001,public,pls,2.3941047191619873,20261005-010838-8084b01
2001,full,enet,1.1809148788452148,20261005-010838-8084b01
2001,full,pcr,0.6205520629882812,20261005-010838-8084b01
2001,full,pls,10.589389085769652,20261005-010838-8084b01
2003,public,enet,0.3206121921539306,20261005-010838-8084b01
2003,public,pcr,0.3293161392211914,20261005-010838-8084b01
2003,public,pls,2.763990879058838,20261005-010838-8084b01
2003,full,enet,1.5032880306243896,20261005-010838-8084b01
2003,full,pcr,0.8794448375701904,20261005-010838-8084b01
2003,full,pls,10.293304920196531,20261005-010838-8084b01
2005,public,enet,0.4505720138549804,20261005-010838-8084b01
2005,public,pcr,0.4226582050323486,20261005-010838-8084b01
2005,public,pls,3.2126169204711914,20261005-010838-8084b01
2005,full,enet,1.3450920581817627,20261005-010838-8084b01
2005,full,pcr,0.7030577659606934,20261005-010838-8084b01
2005,full,pls,8.53622817993164,20261005-010838-8084b01
2007,public,enet,0.8062667846679688,20261005-010838-8084b01
2007,public,pcr,0.5643188953399658,20261005-010838-8084b01
2007,public,pls,4.9008588790893555,20261005-010838-8084b01
2007,full,enet,1.8062148094177248,20261005-010838-8084b01
2007,full,pcr,1.1122338771820068,20261005-010838-8084b01
2007,full,pls,8.7393479347229,20261005-010838-8084b01
2009,public,enet,1.135848045349121,20261005-010838-8084b01
2009,public,pcr,0.7366390228271484,20261005-010838-8084b01
2009,public,pls,5.8340301513671875,20261005-010838-8084b01
2009,full,enet,1.9659712314605713,20261005-010838-8084b01
2009,full,pcr,1.0631701946258545,20261005-010838-8084b01
2009,full,pls,10.059714078903198,20261005-010838-8084b01
2011,public,enet,1.1075961589813232,20261005-010838-8084b01
2011,public,pcr,0.6736321449279785,20261005-010838-8084b01
2011,public,pls,5.936147928237915,20261005-010838-8084b01
2011,full,enet,2.0269901752471924,20261005-010838-8084b01
2011,full,pcr,1.0980138778686523,20261005-010838-8084b01
2011,full,pls,10.23684024810791,20261005-010838-8084b01
2013,public,enet,1.6079201698303225,20261005-010838-8084b01
2013,public,pcr,1.181577205657959,20261005-010838-8084b01
2013,public,pls,7.027527809143066,20261005-010838-8084b01
2013,full,enet,1.9635570049285889,20261005-010838-8084b01
2013,full,pcr,1.206526756286621,20261005-010838-8084b01
2013,full,pls,9.324132919311523,20261005-010838-8084b01
2015,public,enet,1.6023540496826172,20261005-010838-8084b01
2015,public,pcr,1.1851868629455566,20261005-010838-8084b01
2015,public,pls,7.809035062789917,20261005-010838-8084b01
2015,full,enet,1.8983089923858645,20261005-010838-8084b01
2015,full,pcr,1.2242941856384275,20261005-010838-8084b01
2015,full,pls,10.659332036972046,20261005-010838-8084b01
2017,public,enet,1.7029781341552734,20261005-010838-8084b01
2017,public,pcr,0.8929321765899658,20261005-010838-8084b01
2017,public,pls,8.869436979293823,20261005-010838-8084b01
2017,full,enet,3.244349956512451,20261005-010838-8084b01
2017,full,pcr,0.9398999214172364,20261005-010838-8084b01
2017,full,pls,8.736150979995728,20261005-010838-8084b01
2019,public,enet,3.613164186477661,20261005-010838-8084b01
2019,public,pcr,0.989454984664917,20261005-010838-8084b01
2019,public,pls,8.421036958694458,20261005-010838-8084b01
2019,full,enet,1.9564077854156496,20261005-010838-8084b01
2019,full,pcr,0.9528729915618896,20261005-010838-8084b01
2019,full,pls,8.555553913116455,20261005-010838-8084b01
2021,public,enet,2.067493200302124,20261005-010838-8084b01
2021,public,pcr,1.0576419830322266,20261005-010838-8084b01
2021,public,pls,9.326884746551514,20261005-010838-8084b01
2021,full,enet,3.6468870639801025,20261005-010838-8084b01
2021,full,pcr,1.0544042587280271,20261005-010838-8084b01
2021,full,pls,8.601594924926758,20261005-010838-8084b01
2023,public,enet,2.360062837600708,20261005-010838-8084b01
2023,public,pcr,1.6970949172973633,20261005-010838-8084b01
2023,public,pls,8.804024934768677,20261005-010838-8084b01
2023,full,enet,2.089376926422119,20261005-010838-8084b01
2023,full,pcr,1.5746281147003174,20261005-010838-8084b01
2023,full,pls,9.253350973129272,20261005-010838-8084b01
1995,public,nn1,20.199188947677612,20261005-010838-8084b01
1995,public,nn2,31.124016046524048,20261005-010838-8084b01
1995,public,nn3,30.608253240585327,20261005-010838-8084b01
1995,full,nn1,20.223094940185547,20261005-010838-8084b01
1995,full,nn2,22.83242702484131,20261005-010838-8084b01
1995,full,nn3,32.330254793167114,20261005-010838-8084b01
1997,public,nn1,25.544052839279175,20261005-010838-8084b01
1997,public,nn2,32.87621712684631,20261005-010838-8084b01
1997,public,nn3,45.81096911430359,20261005-010838-8084b01
1997,full,nn1,32.5007209777832,20261005-010838-8084b01
1997,full,nn2,36.5651638507843,20261005-010838-8084b01
1997,full,nn3,48.77515387535095,20261005-010838-8084b01
1999,public,nn1,16.372565984725952,20261005-010838-8084b01
1999,public,nn2,26.34083890914917,20261005-010838-8084b01
1999,public,nn3,33.9448299407959,20261005-010838-8084b01
1999,full,nn1,23.828695058822632,20261005-010838-8084b01
1999,full,nn2,38.8590521812439,20261005-010838-8084b01
1999,full,nn3,40.08506178855896,20261005-010838-8084b01
2001,public,nn1,41.95133996009827,20261005-010838-8084b01
2001,public,nn2,46.45427584648132,20261005-010838-8084b01
2001,public,nn3,63.48863577842712,20261005-010838-8084b01
2001,full,nn1,34.01128387451172,20261005-010838-8084b01
2001,full,nn2,41.82111120223999,20261005-010838-8084b01
2001,full,nn3,51.44279599189758,20261005-010838-8084b01
2003,public,nn1,77.29759931564331,20261005-010838-8084b01
2003,public,nn2,84.89302611351013,20261005-010838-8084b01
2003,public,nn3,99.13712811470032,20261005-010838-8084b01
2003,full,nn1,63.98638582229614,20261005-010838-8084b01
2003,full,nn2,68.40255093574524,20261005-010838-8084b01
2003,full,nn3,75.82198095321655,20261005-010838-8084b01
2005,public,nn1,74.3585901260376,20261005-010838-8084b01
2005,public,nn2,76.22618389129639,20261005-010838-8084b01
2005,public,nn3,104.3569130897522,20261005-010838-8084b01
2005,full,nn1,72.50334095954895,20261005-010838-8084b01
2005,full,nn2,60.66589426994324,20261005-010838-8084b01
2005,full,nn3,83.69827485084534,20261005-010838-8084b01
2007,public,nn1,58.25655007362366,20261005-010838-8084b01
2007,public,nn2,62.19110298156738,20261005-010838-8084b01
2007,public,nn3,99.60030007362366,20261005-010838-8084b01
2007,full,nn1,64.4747703075409,20261005-010838-8084b01
2007,full,nn2,76.20528411865234,20261005-010838-8084b01
2007,full,nn3,98.7614369392395,20261005-010838-8084b01
2009,public,nn1,42.35167217254639,20261005-010838-8084b01
2009,public,nn2,56.86434721946716,20261005-010838-8084b01
2009,public,nn3,60.61250305175781,20261005-010838-8084b01
2009,full,nn1,45.41315698623657,20261005-010838-8084b01
2009,full,nn2,56.29794216156006,20261005-010838-8084b01
2009,full,nn3,72.22238111495972,20261005-010838-8084b01
2011,public,nn1,32.44482159614563,20261005-010838-8084b01
2011,public,nn2,47.06575012207031,20261005-010838-8084b01
2011,public,nn3,60.16205596923828,20261005-010838-8084b01
2011,full,nn1,33.88100814819336,20261005-010838-8084b01
2011,full,nn2,52.775858879089355,20261005-010838-8084b01
2011,full,nn3,63.50038504600525,20261005-010838-8084b01
2013,public,nn1,34.480660915374756,20261005-010838-8084b01
2013,public,nn2,49.15909504890442,20261005-010838-8084b01
2013,public,nn3,67.7197470664978,20261005-010838-8084b01
2013,full,nn1,34.841086864471436,20261005-010838-8084b01
2013,full,nn2,53.46527624130249,20261005-010838-8084b01
2013,full,nn3,68.95578908920288,20261005-010838-8084b01
2015,public,nn1,37.56185603141785,20261005-010838-8084b01
2015,public,nn2,52.0092499256134,20261005-010838-8084b01
2015,public,nn3,79.12089586257935,20261005-010838-8084b01
2015,full,nn1,32.987979888916016,20261005-010838-8084b01
2015,full,nn2,53.48572897911072,20261005-010838-8084b01
2015,full,nn3,75.83835887908936,20261005-010838-8084b01
2017,public,nn1,35.84063506126404,20261005-010838-8084b01
2017,public,nn2,48.69746708869934,20261005-010838-8084b01
2017,public,nn3,74.54490089416504,20261005-010838-8084b01
2017,full,nn1,35.103519916534424,20261005-010838-8084b01
2017,full,nn2,52.301225900650024,20261005-010838-8084b01
2017,full,nn3,67.21528816223145,20261005-010838-8084b01
2019,public,nn1,38.10740780830383,20261005-010838-8084b01
2019,public,nn2,67.33352398872375,20261005-010838-8084b01
2019,public,nn3,87.07863926887512,20261005-010838-8084b01
2019,full,nn1,42.387983083724976,20261005-010838-8084b01
2019,full,nn2,74.90814304351807,20261005-010838-8084b01
2019,full,nn3,94.30569124221802,20261005-010838-8084b01
2021,public,nn1,37.14620089530945,20261005-010838-8084b01
2021,public,nn2,69.71132183074951,20261005-010838-8084b01
2021,public,nn3,79.53443717956543,20261005-010838-8084b01
2021,full,nn1,36.89232778549194,20261005-010838-8084b01
2021,full,nn2,69.51005005836487,20261005-010838-8084b01
2021,full,nn3,79.2588541507721,20261005-010838-8084b01
2023,public,nn1,44.99289679527283,20261005-010838-8084b01
2023,public,nn2,61.18689322471619,20261005-010838-8084b01
2023,public,nn3,101.66609621047974,20261005-010838-8084b01
2023,full,nn1,44.5810329914093,20261005-010838-8084b01
2023,full,nn2,62.26441478729248,20261005-010838-8084b01
2023,full,nn3,104.90650987625122,20261005-010838-8084b01
1995,public,gbrt,10.054426908493042,20261005-010838-8084b01
1995,full,gbrt,39.81654500961304,20261005-010838-8084b01
1997,public,gbrt,6.381042957305908,20261005-010838-8084b01
1997,full,gbrt,27.41082191467285,20261005-010838-8084b01
1999,public,gbrt,24.36271905899048,20261005-010838-8084b01
1999,full,gbrt,31.282251834869385,20261005-010838-8084b01
2001,public,gbrt,12.035089015960692,20261005-010838-8084b01
2001,full,gbrt,45.11815690994263,20261005-010838-8084b01
2003,public,gbrt,21.40822196006775,20261005-010838-8084b01
2003,full,gbrt,58.26003813743591,20261005-010838-8084b01
2005,public,gbrt,29.585041761398315,20261005-010838-8084b01
2005,full,gbrt,88.27936005592346,20261005-010838-8084b01
2007,public,gbrt,35.23032784461975,20261005-010838-8084b01
2007,full,gbrt,66.35574197769165,20261005-010838-8084b01
2009,public,gbrt,20.35886001586914,20261005-010838-8084b01
2009,full,gbrt,29.545546054840088,20261005-010838-8084b01
2011,public,gbrt,22.337076902389526,20261005-010838-8084b01
2011,full,gbrt,30.93353796005249,20261005-010838-8084b01
2013,public,gbrt,36.266425132751465,20261005-010838-8084b01
2013,full,gbrt,43.51924014091492,20261005-010838-8084b01
2015,public,gbrt,25.95035600662231,20261005-010838-8084b01
2015,full,gbrt,20.172653913497925,20261005-010838-8084b01
2017,public,gbrt,28.23019218444824,20261005-010838-8084b01
2017,full,gbrt,36.51117014884949,20261005-010838-8084b01
2019,public,gbrt,25.640249013900757,20261005-010838-8084b01
2019,full,gbrt,22.100087881088257,20261005-010838-8084b01
2021,public,gbrt,16.994269132614136,20261005-010838-8084b01
2021,full,gbrt,16.643864631652832,20261005-010838-8084b01
2023,public,gbrt,28.849108934402462,20261005-010838-8084b01
2023,full,gbrt,28.30094885826111,20261005-010838-8084b01
1995,public,huber,0.8257749080657959,20261005-010838-8084b01
1995,public,gbrth,12.19204306602478,20261005-010838-8084b01
1995,full,huber,6.068220853805542,20261005-010838-8084b01
1995,full,gbrth,34.0674843788147,20261005-010838-8084b01
1997,public,huber,1.1087040901184082,20261005-010838-8084b01
1997,public,gbrth,12.043106079101562,20261005-010838-8084b01
1997,full,huber,6.744204998016357,20261005-010838-8084b01
1997,full,gbrth,40.51510286331177,20261005-010838-8084b01
1999,public,huber,1.492650032043457,20261005-010838-8084b01
1999,public,gbrth,31.45433878898621,20261005-010838-8084b01
1999,full,huber,8.199825763702393,20261005-010838-8084b01
1999,full,gbrth,45.301867961883545,20261005-010838-8084b01
2001,public,huber,1.7272791862487793,20261005-010838-8084b01
2001,public,gbrth,14.981739044189451,20261005-010838-8084b01
2001,full,huber,9.58253788948059,20261005-010838-8084b01
2001,full,gbrth,50.35338592529297,20261005-010838-8084b01
2003,public,huber,2.1896910667419434,20261005-010838-8084b01
2003,public,gbrth,27.84098196029663,20261005-010838-8084b01
2003,full,huber,8.940258026123047,20261005-010838-8084b01
2003,full,gbrth,74.34241795539856,20261005-010838-8084b01
2005,public,huber,3.0327117443084717,20261005-010838-8084b01
2005,public,gbrth,26.38288903236389,20261005-010838-8084b01
2005,full,huber,10.23096513748169,20261005-010838-8084b01
2005,full,gbrth,94.42587089538574,20261005-010838-8084b01
2007,public,huber,5.389682292938232,20261005-010838-8084b01
2007,public,gbrth,46.53713083267212,20261005-010838-8084b01
2007,full,huber,16.565130949020386,20261005-010838-8084b01
2007,full,gbrth,89.10397124290466,20261005-010838-8084b01
2009,public,huber,8.62861704826355,20261005-010838-8084b01
2009,public,gbrth,38.24580979347229,20261005-010838-8084b01
2009,full,huber,12.73878812789917,20261005-010838-8084b01
2009,full,gbrth,53.156566858291626,20261005-010838-8084b01
2011,public,huber,7.128159999847412,20261005-010838-8084b01
2011,public,gbrth,16.6438148021698,20261005-010838-8084b01
2011,full,huber,12.68743896484375,20261005-010838-8084b01
2011,full,gbrth,22.774308919906616,20261005-010838-8084b01
2013,public,huber,10.410280227661133,20261005-010838-8084b01
2013,public,gbrth,58.3073353767395,20261005-010838-8084b01
2013,full,huber,13.58699107170105,20261005-010838-8084b01
2013,full,gbrth,72.67529225349426,20261005-010838-8084b01
2015,public,huber,9.157840251922607,20261005-010838-8084b01
2015,public,gbrth,28.909077882766724,20261005-010838-8084b01
2015,full,huber,14.690658807754517,20261005-010838-8084b01
2015,full,gbrth,24.222294092178345,20261005-010838-8084b01
2017,public,huber,19.241737842559814,20261005-010838-8084b01
2017,public,gbrth,19.21340394020081,20261005-010838-8084b01
2017,full,huber,21.93381690979004,20261005-010838-8084b01
2017,full,gbrth,19.4820659160614,20261005-010838-8084b01
2019,public,huber,15.840000867843628,20261005-010838-8084b01
2019,public,gbrth,25.77247405052185,20261005-010838-8084b01
2019,full,huber,22.711376667022705,20261005-010838-8084b01
2019,full,gbrth,24.746219158172607,20261005-010838-8084b01
2021,public,huber,28.470651149749756,20261005-010838-8084b01
2021,public,gbrth,23.724939823150635,20261005-010838-8084b01
2021,full,huber,29.75031089782715,20261005-010838-8084b01
2021,full,gbrth,22.873772859573364,20261005-010838-8084b01
2023,public,huber,18.74914312362671,20261005-010838-8084b01
2023,public,gbrth,52.78118085861206,20261005-010838-8084b01
2023,full,huber,17.533110857009888,20261005-010838-8084b01
2023,full,gbrth,52.872318267822266,20261005-010838-8084b01
1996,public,huber,0.8771259784698486,20261005-010838-8084b01
1996,public,enet,1.0061500072479248,20261005-010838-8084b01
1996,public,pcr,0.199462890625,20261005-010838-8084b01
1996,public,pls,0.8102803230285645,20261005-010838-8084b01
1996,public,gbrt,3.9485268592834473,20261005-010838-8084b01
1996,public,gbrth,8.191656112670898,20261005-010838-8084b01
1996,full,huber,5.098228931427002,20261005-010838-8084b01
1996,full,enet,0.7845680713653564,20261005-010838-8084b01
1996,full,pcr,0.4782383441925049,20261005-010838-8084b01
1996,full,pls,4.0397539138793945,20261005-010838-8084b01
1996,full,gbrt,17.695695161819458,20261005-010838-8084b01
1996,full,gbrth,29.717992067337036,20261005-010838-8084b01
1998,public,huber,1.1594476699829102,20261005-010838-8084b01
1998,public,enet,0.2655129432678222,20261005-010838-8084b01
1998,public,pcr,0.2152729034423828,20261005-010838-8084b01
1998,public,pls,1.022658109664917,20261005-010838-8084b01
1998,public,gbrt,20.96626877784729,20261005-010838-8084b01
1998,public,gbrth,22.849138975143433,20261005-010838-8084b01
1998,full,huber,5.829726934432983,20261005-010838-8084b01
1998,full,enet,0.871696949005127,20261005-010838-8084b01
1998,full,pcr,0.5130479335784912,20261005-010838-8084b01
1998,full,pls,4.589741945266724,20261005-010838-8084b01
1998,full,gbrt,43.23960494995117,20261005-010838-8084b01
1998,full,gbrth,42.4808509349823,20261005-010838-8084b01
2000,public,huber,1.627748966217041,20261005-010838-8084b01
2000,public,enet,0.2431180477142334,20261005-010838-8084b01
2000,public,pcr,0.2980432510375976,20261005-010838-8084b01
2000,public,pls,1.537217617034912,20261005-010838-8084b01
2000,public,gbrt,10.578843832015991,20261005-010838-8084b01
2000,public,gbrth,12.862417221069336,20261005-010838-8084b01
2000,full,huber,7.493535995483398,20261005-010838-8084b01
2000,full,enet,1.1490528583526611,20261005-010838-8084b01
2000,full,pcr,0.6250879764556885,20261005-010838-8084b01
2000,full,pls,5.060935020446777,20261005-010838-8084b01
2000,full,gbrt,34.29544687271118,20261005-010838-8084b01
2000,full,gbrth,47.79890823364258,20261005-010838-8084b01
2002,public,huber,1.9410700798034668,20261005-010838-8084b01
2002,public,enet,0.3073019981384277,20261005-010838-8084b01
2002,public,pcr,0.3192849159240722,20261005-010838-8084b01
2002,public,pls,2.5941061973571777,20261005-010838-8084b01
2002,public,gbrt,18.634655952453613,20261005-010838-8084b01
2002,public,gbrth,20.1183557510376,20261005-010838-8084b01
2002,full,huber,7.15313982963562,20261005-010838-8084b01
2002,full,enet,1.0406110286712646,20261005-010838-8084b01
2002,full,pcr,0.581671953201294,20261005-010838-8084b01
2002,full,pls,10.505866050720217,20261005-010838-8084b01
2002,full,gbrt,78.54205584526062,20261005-010838-8084b01
2002,full,gbrth,58.12640190124512,20261005-010838-8084b01
2004,public,huber,2.314781188964844,20261005-010838-8084b01
2004,public,enet,0.3403201103210449,20261005-010838-8084b01
2004,public,pcr,0.3755819797515869,20261005-010838-8084b01
2004,public,pls,2.7126152515411377,20261005-010838-8084b01
2004,public,gbrt,28.506391048431396,20261005-010838-8084b01
2004,public,gbrth,30.605921745300293,20261005-010838-8084b01
2004,full,huber,10.706830978393556,20261005-010838-8084b01
2004,full,enet,1.6595790386199951,20261005-010838-8084b01
2004,full,pcr,0.8528323173522949,20261005-010838-8084b01
2004,full,pls,9.915427923202516,20261005-010838-8084b01
2004,full,gbrt,95.51547598838806,20261005-010838-8084b01
2004,full,gbrth,66.065256357193,20261005-010838-8084b01
2006,public,huber,3.613404273986816,20261005-010838-8084b01
2006,public,enet,0.5668044090270996,20261005-010838-8084b01
2006,public,pcr,0.4413087368011474,20261005-010838-8084b01
2006,public,pls,4.119536876678467,20261005-010838-8084b01
2006,public,gbrt,54.788217067718506,20261005-010838-8084b01
2006,public,gbrth,51.208611249923706,20261005-010838-8084b01
2006,full,huber,10.427426099777222,20261005-010838-8084b01
2006,full,enet,1.8808140754699707,20261005-010838-8084b01
2006,full,pcr,0.9475293159484864,20261005-010838-8084b01
2006,full,pls,8.924754858016968,20261005-010838-8084b01
2006,full,gbrt,127.30535507202148,20261005-010838-8084b01
2006,full,gbrth,134.4590060710907,20261005-010838-8084b01
2008,public,huber,5.816346168518066,20261005-010838-8084b01
2008,public,enet,0.798140287399292,20261005-010838-8084b01
2008,public,pcr,0.5421791076660156,20261005-010838-8084b01
2008,public,pls,5.2326788902282715,20261005-010838-8084b01
2008,public,gbrt,63.35346579551697,20261005-010838-8084b01
2008,public,gbrth,76.7328679561615,20261005-010838-8084b01
2008,full,huber,10.909348249435425,20261005-010838-8084b01
2008,full,enet,1.9123692512512207,20261005-010838-8084b01
2008,full,pcr,0.8759939670562744,20261005-010838-8084b01
2008,full,pls,9.535992860794067,20261005-010838-8084b01
2008,full,gbrt,126.34433221817017,20261005-010838-8084b01
2008,full,gbrth,137.39902806282043,20261005-010838-8084b01
2010,public,huber,8.852468967437744,20261005-010838-8084b01
2010,public,enet,1.21287202835083,20261005-010838-8084b01
2010,public,pcr,0.7407937049865723,20261005-010838-8084b01
2010,public,pls,6.002228021621704,20261005-010838-8084b01
2010,public,gbrt,24.349241971969604,20261005-010838-8084b01
2010,public,gbrth,50.60147118568421,20261005-010838-8084b01
2010,full,huber,13.561091899871826,20261005-010838-8084b01
2010,full,enet,1.6353228092193604,20261005-010838-8084b01
2010,full,pcr,1.1164071559906006,20261005-010838-8084b01
2010,full,pls,9.76230502128601,20261005-010838-8084b01
2010,full,gbrt,37.203136682510376,20261005-010838-8084b01
2010,full,gbrth,55.27814412117005,20261005-010838-8084b01
2012,public,huber,10.87568712234497,20261005-010838-8084b01
2012,public,enet,1.638566017150879,20261005-010838-8084b01
2012,public,pcr,1.040741205215454,20261005-010838-8084b01
2012,public,pls,6.706387996673584,20261005-010838-8084b01
2012,public,gbrt,24.05473899841309,20261005-010838-8084b01
2012,public,gbrth,49.40569686889648,20261005-010838-8084b01
2012,full,huber,13.529136180877686,20261005-010838-8084b01
2012,full,enet,1.67604398727417,20261005-010838-8084b01
2012,full,pcr,1.297940969467163,20261005-010838-8084b01
2012,full,pls,10.336850881576538,20261005-010838-8084b01
2012,full,gbrt,31.511863946914673,20261005-010838-8084b01
2012,full,gbrth,68.80394697189331,20261005-010838-8084b01
2014,public,huber,8.880088090896606,20261005-010838-8084b01
2014,public,enet,1.2159650325775146,20261005-010838-8084b01
2014,public,pcr,1.0727827548980713,20261005-010838-8084b01
2014,public,pls,7.399971961975098,20261005-010838-8084b01
2014,public,gbrt,27.061102151870728,20261005-010838-8084b01
2014,public,gbrth,34.10067892074585,20261005-010838-8084b01
2014,full,huber,12.852734088897703,20261005-010838-8084b01
2014,full,enet,1.9317398071289065,20261005-010838-8084b01
2014,full,pcr,1.2347846031188965,20261005-010838-8084b01
2014,full,pls,10.050891637802124,20261005-010838-8084b01
2014,full,gbrt,32.505213022232056,20261005-010838-8084b01
2014,full,gbrth,41.73792910575867,20261005-010838-8084b01
2016,public,huber,9.730137825012209,20261005-010838-8084b01
2016,public,enet,1.413485765457153,20261005-010838-8084b01
2016,public,pcr,0.944199800491333,20261005-010838-8084b01
2016,public,pls,7.757586717605591,20261005-010838-8084b01
2016,public,gbrt,30.969934940338135,20261005-010838-8084b01
2016,public,gbrth,27.75153112411499,20261005-010838-8084b01
2016,full,huber,15.887847185134888,20261005-010838-8084b01
2016,full,enet,1.8046090602874756,20261005-010838-8084b01
2016,full,pcr,0.9227182865142822,20261005-010838-8084b01
2016,full,pls,10.7441668510437,20261005-010838-8084b01
2016,full,gbrt,35.93469595909119,20261005-010838-8084b01
2016,full,gbrth,31.877788066864017,20261005-010838-8084b01
2018,public,huber,15.625513315200806,20261005-010838-8084b01
2018,public,enet,2.703861713409424,20261005-010838-8084b01
2018,public,pcr,1.272491216659546,20261005-010838-8084b01
2018,public,pls,8.151275157928467,20261005-010838-8084b01
2018,public,gbrt,22.07091212272644,20261005-010838-8084b01
2018,public,gbrth,21.97578811645508,20261005-010838-8084b01
2018,full,huber,17.615320205688477,20261005-010838-8084b01
2018,full,enet,2.3466131687164307,20261005-010838-8084b01
2018,full,pcr,1.6264197826385498,20261005-010838-8084b01
2018,full,pls,8.82055926322937,20261005-010838-8084b01
2018,full,gbrt,25.08403706550598,20261005-010838-8084b01
2018,full,gbrth,23.07862114906311,20261005-010838-8084b01
2020,public,huber,16.178732872009277,20261005-010838-8084b01
2020,public,enet,1.6804828643798828,20261005-010838-8084b01
2020,public,pcr,1.33951997756958,20261005-010838-8084b01
2020,public,pls,10.025954008102415,20261005-010838-8084b01
2020,public,gbrt,19.080535888671875,20261005-010838-8084b01
2020,public,gbrth,21.87769079208374,20261005-010838-8084b01
2020,full,huber,19.358766078948975,20261005-010838-8084b01
2020,full,enet,4.217242956161499,20261005-010838-8084b01
2020,full,pcr,1.001607894897461,20261005-010838-8084b01
2020,full,pls,8.576738119125366,20261005-010838-8084b01
2020,full,gbrt,20.652159929275513,20261005-010838-8084b01
2020,full,gbrth,23.142611026763916,20261005-010838-8084b01
2022,public,huber,19.18304204940796,20261005-010838-8084b01
2022,public,enet,4.685625791549683,20261005-010838-8084b01
2022,public,pcr,1.1051068305969238,20261005-010838-8084b01
2022,public,pls,8.34090805053711,20261005-010838-8084b01
2022,public,gbrt,19.89884614944458,20261005-010838-8084b01
2022,public,gbrth,34.075130224227905,20261005-010838-8084b01
2022,full,huber,19.436289072036743,20261005-010838-8084b01
2022,full,enet,3.737638235092163,20261005-010838-8084b01
2022,full,pcr,1.0734732151031494,20261005-010838-8084b01
2022,full,pls,8.664821863174438,20261005-010838-8084b01
2022,full,gbrt,20.424460887908936,20261005-010838-8084b01
2022,full,gbrth,32.95714998245239,20261005-010838-8084b01
2024,public,huber,35.14680480957031,20261005-010838-8084b01
2024,public,enet,2.0715839862823486,20261005-010838-8084b01
2024,public,pcr,1.271618127822876,20261005-010838-8084b01
2024,public,pls,9.575592041015623,20261005-010838-8084b01
2024,public,gbrt,36.19689702987671,20261005-010838-8084b01
2024,public,gbrth,62.145315170288086,20261005-010838-8084b01
2024,full,huber,23.029268980026245,20261005-010838-8084b01
2024,full,enet,4.01186203956604,20261005-010838-8084b01
2024,full,pcr,1.077418088912964,20261005-010838-8084b01
2024,full,pls,8.301465272903442,20261005-010838-8084b01
2024,full,gbrt,36.48292517662048,20261005-010838-8084b01
2024,full,gbrth,61.94562602043152,20261005-010838-8084b01
1996,public,nn1,17.97260022163391,20261005-010838-8084b01
1996,public,nn2,23.663975954055786,20261005-010838-8084b01
1996,public,nn3,26.857099056243896,20261005-010838-8084b01
1996,full,nn1,19.64672327041626,20261005-010838-8084b01
1996,full,nn2,26.181900024414062,20261005-010838-8084b01
1996,full,nn3,36.22883081436157,20261005-010838-8084b01
1998,public,nn1,19.42317008972168,20261005-010838-8084b01
1998,public,nn2,28.654521942138672,20261005-010838-8084b01
1998,public,nn3,41.020631074905396,20261005-010838-8084b01
1998,full,nn1,26.049783945083618,20261005-010838-8084b01
1998,full,nn2,34.425763845443726,20261005-010838-8084b01
1998,full,nn3,49.06622123718262,20261005-010838-8084b01
2000,public,nn1,23.704805850982666,20261005-010838-8084b01
2000,public,nn2,34.22822713851929,20261005-010838-8084b01
2000,public,nn3,47.461692094802856,20261005-010838-8084b01
2000,full,nn1,27.673439025878906,20261005-010838-8084b01
2000,full,nn2,40.3701708316803,20261005-010838-8084b01
2000,full,nn3,47.92601990699768,20261005-010838-8084b01
2002,public,nn1,46.68233680725098,20261005-010838-8084b01
2002,public,nn2,68.62224102020264,20261005-010838-8084b01
2002,public,nn3,84.0513379573822,20261005-010838-8084b01
2002,full,nn1,41.04032802581787,20261005-010838-8084b01
2002,full,nn2,48.431981801986694,20261005-010838-8084b01
2002,full,nn3,67.28003406524658,20261005-010838-8084b01
2004,public,nn1,82.5122721195221,20261005-010838-8084b01
2004,public,nn2,68.24599075317383,20261005-010838-8084b01
2004,public,nn3,92.16176795959473,20261005-010838-8084b01
2004,full,nn1,53.313735246658325,20261005-010838-8084b01
2004,full,nn2,63.357856035232544,20261005-010838-8084b01
2004,full,nn3,85.91110491752625,20261005-010838-8084b01
2006,public,nn1,47.490577936172485,20261005-010838-8084b01
2006,public,nn2,67.2516438961029,20261005-010838-8084b01
2006,public,nn3,95.36183595657349,20261005-010838-8084b01
2006,full,nn1,45.918899059295654,20261005-010838-8084b01
2006,full,nn2,63.92262601852417,20261005-010838-8084b01
2006,full,nn3,71.2860701084137,20261005-010838-8084b01
2008,public,nn1,45.52958083152771,20261005-010838-8084b01
2008,public,nn2,62.68463611602783,20261005-010838-8084b01
2008,public,nn3,82.47737383842468,20261005-010838-8084b01
2008,full,nn1,48.17855095863342,20261005-010838-8084b01
2008,full,nn2,68.23536205291748,20261005-010838-8084b01
2008,full,nn3,86.80513715744019,20261005-010838-8084b01
2010,public,nn1,27.206015825271606,20261005-010838-8084b01
2010,public,nn2,47.41267800331116,20261005-010838-8084b01
2010,public,nn3,64.39747595787048,20261005-010838-8084b01
2010,full,nn1,32.23231101036072,20261005-010838-8084b01
2010,full,nn2,48.65823984146118,20261005-010838-8084b01
2010,full,nn3,62.61748671531677,20261005-010838-8084b01
2012,public,nn1,29.873898029327393,20261005-010838-8084b01
2012,public,nn2,46.48022198677063,20261005-010838-8084b01
2012,public,nn3,62.09731411933899,20261005-010838-8084b01
2012,full,nn1,31.73527193069458,20261005-010838-8084b01
2012,full,nn2,48.01493215560913,20261005-010838-8084b01
2012,full,nn3,70.23254704475403,20261005-010838-8084b01
2014,public,nn1,38.61815905570984,20261005-010838-8084b01
2014,public,nn2,56.37316298484802,20261005-010838-8084b01
2014,public,nn3,73.90374183654785,20261005-010838-8084b01
2014,full,nn1,40.853302001953125,20261005-010838-8084b01
2014,full,nn2,57.4675509929657,20261005-010838-8084b01
2014,full,nn3,69.871337890625,20261005-010838-8084b01
2016,public,nn1,48.67689394950867,20261005-010838-8084b01
2016,public,nn2,60.822885036468506,20261005-010838-8084b01
2016,public,nn3,88.61913013458252,20261005-010838-8084b01
2016,full,nn1,42.82158279418945,20261005-010838-8084b01
2016,full,nn2,78.1301109790802,20261005-010838-8084b01
2016,full,nn3,96.95954895019531,20261005-010838-8084b01
2018,public,nn1,39.34618330001831,20261005-010838-8084b01
2018,public,nn2,60.18120002746582,20261005-010838-8084b01
2018,public,nn3,95.69403529167175,20261005-010838-8084b01
2018,full,nn1,37.295432806015015,20261005-010838-8084b01
2018,full,nn2,66.870441198349,20261005-010838-8084b01
2018,full,nn3,77.46920895576477,20261005-010838-8084b01
2020,public,nn1,43.915618896484375,20261005-010838-8084b01
2020,public,nn2,68.4215350151062,20261005-010838-8084b01
2020,public,nn3,87.51089406013489,20261005-010838-8084b01
2020,full,nn1,40.9791579246521,20261005-010838-8084b01
2020,full,nn2,69.21991109848022,20261005-010838-8084b01
2020,full,nn3,87.64773082733154,20261005-010838-8084b01
2022,public,nn1,43.35731506347656,20261005-010838-8084b01
2022,public,nn2,59.34614181518555,20261005-010838-8084b01
2022,public,nn3,77.69022727012634,20261005-010838-8084b01
2022,full,nn1,43.443355321884155,20261005-010838-8084b01
2022,full,nn2,60.92081689834595,20261005-010838-8084b01
2022,full,nn3,77.75755786895752,20261005-010838-8084b01
2024,public,nn1,70.42360234260559,20261005-010838-8084b01
2024,public,nn2,121.05587792396545,20261005-010838-8084b01
2024,public,nn3,140.67951202392578,20261005-010838-8084b01
2024,full,nn1,70.60725116729736,20261005-010838-8084b01
2024,full,nn2,120.78465294837952,20261005-010838-8084b01
2024,full,nn3,137.2157850265503,20261005-010838-8084b01
