term,coef,se,t,n,clusters_unit,clusters_time,neg_eig,model,outcome,spec
post,0.027657700489490473,0.026613378926064933,1.0392404724829112,4590,153,30,160,gbrt,imp_bp,post
bin_-10 to -6,-0.02702145974788111,0.02456038038067887,-1.1002052626651628,4590,153,30,162,gbrt,imp_bp,bins
bin_0 to 4,0.014395045659163835,0.020324857327023275,0.7082483004702151,4590,153,30,162,gbrt,imp_bp,bins
bin_5 to 9,0.03523779818393202,0.034385438422004484,1.0247883930245916,4590,153,30,162,gbrt,imp_bp,bins
bin_10+,0.035129448301327734,0.038120562768829885,0.9215354063464167,4590,153,30,162,gbrt,imp_bp,bins
post,0.21327590890477663,0.24066624378507645,0.8861895442854031,4590,153,30,150,gbrt,share,post
bin_-10 to -6,-0.17464407563305615,0.2638710658088693,-0.6618538303838009,4590,153,30,154,gbrt,share,bins
bin_0 to 4,0.08753046175629302,0.17424113506516545,0.5023524538195702,4590,153,30,154,gbrt,share,bins
bin_5 to 9,0.25444011801462707,0.33441144355085406,0.7608594828960579,4590,153,30,154,gbrt,share,bins
bin_10+,0.08252778220259537,0.35387089396649046,0.2332143830128348,4590,153,30,154,gbrt,share,bins
post,0.03526513880373063,0.014644232511114094,2.4081247533434413,4590,153,30,159,huber,imp_bp,post
bin_-10 to -6,-0.01978053842755107,0.010377000818650546,-1.9061903119444283,4590,153,30,159,huber,imp_bp,bins
bin_0 to 4,0.03274009164008034,0.020967725583834026,1.561451742067949,4590,153,30,159,huber,imp_bp,bins
bin_5 to 9,0.02824219300164205,0.01986852556765577,1.4214538922615314,4590,153,30,159,huber,imp_bp,bins
bin_10+,0.040021617200401864,0.024710465600746915,1.6196221409600693,4590,153,30,159,huber,imp_bp,bins
post,0.14351706361971503,0.07134437714252886,2.011610015642894,4590,153,30,151,huber,share,post
bin_-10 to -6,-0.0728791059788374,0.08023935382569596,-0.9082713469646424,4590,153,30,152,huber,share,bins
bin_0 to 4,0.12984801960136516,0.08118248206318923,1.5994586061103255,4590,153,30,152,huber,share,bins
bin_5 to 9,0.14273453291218374,0.10381447915263396,1.3749000532221263,4590,153,30,152,huber,share,bins
bin_10+,0.20248847382233398,0.12487694586242336,1.621504052841067,4590,153,30,152,huber,share,bins
post,0.03875608976669427,0.03413088997751448,1.135513600501683,4590,153,30,163,nn3,imp_bp,post
bin_-10 to -6,-0.017489691037224732,0.029042833677570462,-0.6022033260043724,4590,153,30,164,nn3,imp_bp,bins
bin_0 to 4,0.024041347200095983,0.02847509443179036,0.8442938532718465,4590,153,30,164,nn3,imp_bp,bins
bin_5 to 9,0.05289652740256392,0.05071757694468832,1.0429624321416602,4590,153,30,164,nn3,imp_bp,bins
bin_10+,0.04068858568604788,0.07101681548997503,0.5729429770304416,4590,153,30,164,nn3,imp_bp,bins
post,0.10644881788974914,0.12570567405381272,0.8468099685315715,4590,153,30,149,nn3,share,post
bin_-10 to -6,0.011073972832405514,0.0840613245033537,0.13173683495748045,4590,153,30,152,nn3,share,bins
bin_0 to 4,0.06224749243606917,0.1093934838419414,0.5690237686004065,4590,153,30,152,nn3,share,bins
bin_5 to 9,0.1597035122076247,0.17211881213545838,0.9278678502727361,4590,153,30,152,nn3,share,bins
bin_10+,0.0366233697802529,0.17240462230205295,0.21242684384696336,4590,153,30,152,nn3,share,bins
post,0.07498922575702908,0.09236671287283764,0.811864181637249,4590,153,30,158,huber_beta,log_abs_beta,post
bin_-10 to -6,-0.09669823436847105,0.09382681616627793,-1.0306033852529373,4590,153,30,157,huber_beta,log_abs_beta,bins
bin_0 to 4,0.043536788849680576,0.07288480657351845,0.597336960835113,4590,153,30,157,huber_beta,log_abs_beta,bins
bin_5 to 9,0.023201094720909303,0.11740002387887512,0.19762427599543353,4590,153,30,157,huber_beta,log_abs_beta,bins
bin_10+,-0.019472088057775803,0.13889418085259064,-0.14019369233648216,4590,153,30,157,huber_beta,log_abs_beta,bins
post,2.3568013216869375,1.4251296012618855,1.6537452590979096,4590,153,30,163,huber_beta,abs_beta_bp,post
bin_-10 to -6,-2.6866139742163333,1.5710196923927526,-1.7101084010757797,4590,153,30,165,huber_beta,abs_beta_bp,bins
bin_0 to 4,1.675243488456664,1.133122638533369,1.4784308701350954,4590,153,30,165,huber_beta,abs_beta_bp,bins
bin_5 to 9,1.3414488753932126,1.8181909147328414,0.7377931902108973,4590,153,30,165,huber_beta,abs_beta_bp,bins
bin_10+,1.4993670614986145,2.5629972371275196,0.5850053366343192,4590,153,30,165,huber_beta,abs_beta_bp,bins
post,0.09201345414688555,0.24975547287864364,0.3684141656090754,4590,153,30,159,char_ic,char_ic_x100,post
bin_-10 to -6,0.036077021667873944,0.24790029104233474,0.1455303723774691,4590,153,30,161,char_ic,char_ic_x100,bins
bin_0 to 4,0.012726911707389155,0.2207770526682649,0.05764598971484756,4590,153,30,161,char_ic,char_ic_x100,bins
bin_5 to 9,0.008956232030844585,0.3529858295918037,0.025372780661483383,4590,153,30,161,char_ic,char_ic_x100,bins
bin_10+,-0.47864529233935316,0.5698213375735555,-0.8399918725008558,4590,153,30,161,char_ic,char_ic_x100,bins
post,-0.00405978023400047,0.1319617068395287,-0.03076483573327331,4590,153,30,156,char_ic,abs_char_ic_x100,post
bin_-10 to -6,0.2087211586971875,0.19443587272423,1.0734704238102113,4590,153,30,157,char_ic,abs_char_ic_x100,bins
bin_0 to 4,-0.04496822114846775,0.1520885869879508,-0.29567124028859804,4590,153,30,157,char_ic,abs_char_ic_x100,bins
bin_5 to 9,0.2913655406791536,0.17856502919158654,1.6317055024617435,4590,153,30,157,char_ic,abs_char_ic_x100,bins
bin_10+,0.1947424836522544,0.2666546126540121,0.730317325899535,4590,153,30,157,char_ic,abs_char_ic_x100,bins
