model,set,universe,year,r2,n
huber,public,all,all,0.001650393,1909533
gbrth,public,all,all,-0.002863884,1909533
huber,full,all,all,0.0026509166,1909533
gbrth,full,all,all,-0.0035117865,1909533
gbrt,public,all,all,0.002889216,1909533
gbrt,full,all,all,0.0034496784,1909533
nn1,public,all,all,0.002920866,1909533
nn2,public,all,all,0.0033342242,1909533
nn3,public,all,all,0.003711462,1909533
nn1,full,all,all,0.004640162,1909533
nn2,full,all,all,0.0052468777,1909533
nn3,full,all,all,0.005471766,1909533
enet,public,all,all,0.0020905137,1909533
pcr,public,all,all,0.0018925667,1909533
pls,public,all,all,0.0021308064,1909533
enet,full,all,all,0.0032703876,1909533
pcr,full,all,all,0.0021922588,1909533
pls,full,all,all,0.0031985044,1909533
huber,public,all,1995,0.0069997907,85628
gbrth,public,all,1995,-0.006331086,85628
huber,full,all,1995,0.009174287,85628
gbrth,full,all,1995,-0.011286736,85628
gbrt,public,all,1995,0.016228378,85628
gbrt,full,all,1995,0.0146481395,85628
nn1,public,all,1995,0.009981215,85628
nn2,public,all,1995,0.00982672,85628
nn3,public,all,1995,0.011301637,85628
nn1,full,all,1995,0.0144786835,85628
nn2,full,all,1995,0.015611291,85628
nn3,full,all,1995,0.017755985,85628
enet,public,all,1995,0.007178545,85628
pcr,public,all,1995,0.0072726607,85628
pls,public,all,1995,0.007212043,85628
enet,full,all,1995,0.00958389,85628
pcr,full,all,1995,0.006952226,85628
pls,full,all,1995,0.009365737,85628
huber,public,all,1996,0.0034873486,90841
gbrth,public,all,1996,-0.0029735565,90841
huber,full,all,1996,0.006036401,90841
gbrth,full,all,1996,-0.0066000223,90841
gbrt,public,all,1996,0.0065075755,90841
gbrt,full,all,1996,0.006365478,90841
nn1,public,all,1996,0.0054953694,90841
nn2,public,all,1996,0.005851686,90841
nn3,public,all,1996,0.006154537,90841
nn1,full,all,1996,0.009886265,90841
nn2,full,all,1996,0.01081115,90841
nn3,full,all,1996,0.011794031,90841
enet,public,all,1996,0.0036394,90841
pcr,public,all,1996,0.0036055446,90841
pls,public,all,1996,0.0035703182,90841
enet,full,all,1996,0.006863773,90841
pcr,full,all,1996,0.005274236,90841
pls,full,all,1996,0.006620109,90841
huber,public,all,1997,0.008796215,94596
gbrth,public,all,1997,0.004802823,94596
huber,full,all,1997,0.011780679,94596
gbrth,full,all,1997,0.0028283596,94596
gbrt,public,all,1997,0.011590004,94596
gbrt,full,all,1997,0.007453263,94596
nn1,public,all,1997,0.010054171,94596
nn2,public,all,1997,0.0112377405,94596
nn3,public,all,1997,0.011025071,94596
nn1,full,all,1997,0.012959778,94596
nn2,full,all,1997,0.0134705305,94596
nn3,full,all,1997,0.014041781,94596
enet,public,all,1997,0.008669019,94596
pcr,public,all,1997,0.008750379,94596
pls,public,all,1997,0.00885886,94596
enet,full,all,1997,0.012355745,94596
pcr,full,all,1997,0.010004163,94596
pls,full,all,1997,0.012580156,94596
huber,public,all,1998,0.0012354851,93145
gbrth,public,all,1998,0.0049089193,93145
huber,full,all,1998,0.0026504397,93145
gbrth,full,all,1998,0.0018982291,93145
gbrt,public,all,1998,0.0049149394,93145
gbrt,full,all,1998,0.005839467,93145
nn1,public,all,1998,0.0030112863,93145
nn2,public,all,1998,0.004646778,93145
nn3,public,all,1998,0.0048155785,93145
nn1,full,all,1998,0.006400764,93145
nn2,full,all,1998,0.007425189,93145
nn3,full,all,1998,0.008367002,93145
enet,public,all,1998,0.0012511611,93145
pcr,public,all,1998,0.00115484,93145
pls,public,all,1998,0.001161933,93145
enet,full,all,1998,0.0028486848,93145
pcr,full,all,1998,0.000626564,93145
pls,full,all,1998,0.0028992295,93145
huber,public,all,1999,-0.0016692877,87037
gbrth,public,all,1999,-0.012856245,87037
huber,full,all,1999,-0.0012755394,87037
gbrth,full,all,1999,-0.01737082,87037
gbrt,public,all,1999,0.0056673884,87037
gbrt,full,all,1999,0.002430141,87037
nn1,public,all,1999,0.00261873,87037
nn2,public,all,1999,0.0026268363,87037
nn3,public,all,1999,0.002968192,87037
nn1,full,all,1999,0.004409611,87037
nn2,full,all,1999,0.0060269237,87037
nn3,full,all,1999,0.005035877,87037
enet,public,all,1999,-0.0012658834,87037
pcr,public,all,1999,-0.0014283657,87037
pls,public,all,1999,-0.0012944937,87037
enet,full,all,1999,-0.0012710094,87037
pcr,full,all,1999,-0.0018467903,87037
pls,full,all,1999,-0.0015159845,87037
huber,public,all,2000,-0.001912117,84387
gbrth,public,all,2000,0.0053206086,84387
huber,full,all,2000,0.0039850473,84387
gbrth,full,all,2000,0.009079814,84387
gbrt,public,all,2000,-0.00015985966,84387
gbrt,full,all,2000,0.0017499924,84387
nn1,public,all,2000,-0.0016264915,84387
nn2,public,all,2000,-0.0011155605,84387
nn3,public,all,2000,-0.00013816357,84387
nn1,full,all,2000,0.0069158077,84387
nn2,full,all,2000,0.0069753528,84387
nn3,full,all,2000,0.0072838664,84387
enet,public,all,2000,-0.0018103123,84387
pcr,public,all,2000,-0.00119102,84387
pls,public,all,2000,-0.0015063286,84387
enet,full,all,2000,0.004259944,84387
pcr,full,all,2000,0.001767695,84387
pls,full,all,2000,0.004101217,84387
huber,public,all,2001,0.0081532,77349
gbrth,public,all,2001,-0.0019651651,77349
huber,full,all,2001,0.012241125,77349
gbrth,full,all,2001,-0.00077295303,77349
gbrt,public,all,2001,0.01123178,77349
gbrt,full,all,2001,0.013228893,77349
nn1,public,all,2001,0.012611151,77349
nn2,public,all,2001,0.013937175,77349
nn3,public,all,2001,0.014091015,77349
nn1,full,all,2001,0.019720078,77349
nn2,full,all,2001,0.021600246,77349
nn3,full,all,2001,0.022461474,77349
enet,public,all,2001,0.00775367,77349
pcr,public,all,2001,0.007306695,77349
pls,public,all,2001,0.007812858,77349
enet,full,all,2001,0.011571944,77349
pcr,full,all,2001,0.0059363246,77349
pls,full,all,2001,0.012177885,77349
huber,public,all,2002,0.005530834,70332
gbrth,public,all,2002,0.011235714,70332
huber,full,all,2002,0.008506775,70332
gbrth,full,all,2002,0.01272732,70332
gbrt,public,all,2002,0.003650844,70332
gbrt,full,all,2002,0.013594449,70332
nn1,public,all,2002,0.005515456,70332
nn2,public,all,2002,0.0058020353,70332
nn3,public,all,2002,0.00758636,70332
nn1,full,all,2002,0.006341517,70332
nn2,full,all,2002,0.0068124533,70332
nn3,full,all,2002,0.0056928396,70332
enet,public,all,2002,0.004990399,70332
pcr,public,all,2002,0.0037775636,70332
pls,public,all,2002,0.004933834,70332
enet,full,all,2002,0.008776426,70332
pcr,full,all,2002,0.006722808,70332
pls,full,all,2002,0.0089221,70332
huber,public,all,2003,0.008942068,65023
gbrth,public,all,2003,-0.03648424,65023
huber,full,all,2003,0.008749604,65023
gbrth,full,all,2003,-0.04307723,65023
gbrt,public,all,2003,0.00087726116,65023
gbrt,full,all,2003,0.0053471327,65023
nn1,public,all,2003,0.010382235,65023
nn2,public,all,2003,0.0102548,65023
nn3,public,all,2003,0.010934651,65023
nn1,full,all,2003,0.011318505,65023
nn2,full,all,2003,0.016384423,65023
nn3,full,all,2003,0.01564914,65023
enet,public,all,2003,0.009330511,65023
pcr,public,all,2003,0.0087304115,65023
pls,public,all,2003,0.009632826,65023
enet,full,all,2003,0.007907033,65023
pcr,full,all,2003,0.00868535,65023
pls,full,all,2003,0.008224785,65023
huber,public,all,2004,0.007324338,62956
gbrth,public,all,2004,-0.0077320337,62956
huber,full,all,2004,0.0074024796,62956
gbrth,full,all,2004,-0.0049016476,62956
gbrt,public,all,2004,0.01672399,62956
gbrt,full,all,2004,0.020180583,62956
nn1,public,all,2004,0.008625209,62956
nn2,public,all,2004,0.00887084,62956
nn3,public,all,2004,0.0079241395,62956
nn1,full,all,2004,0.008393824,62956
nn2,full,all,2004,0.008095205,62956
nn3,full,all,2004,0.010753691,62956
enet,public,all,2004,0.0076764226,62956
pcr,public,all,2004,0.0077302456,62956
pls,public,all,2004,0.0071641803,62956
enet,full,all,2004,0.008167982,62956
pcr,full,all,2004,0.006541133,62956
pls,full,all,2004,0.008048415,62956
huber,public,all,2005,-0.00057566166,62481
gbrth,public,all,2005,-0.00042629242,62481
huber,full,all,2005,-0.00079238415,62481
gbrth,full,all,2005,-0.0059244633,62481
gbrt,public,all,2005,-0.0020916462,62481
gbrt,full,all,2005,-0.010560274,62481
nn1,public,all,2005,-0.0101825,62481
nn2,public,all,2005,-0.0064023733,62481
nn3,public,all,2005,-0.0097510815,62481
nn1,full,all,2005,-0.008187056,62481
nn2,full,all,2005,-0.012359381,62481
nn3,full,all,2005,-0.010217428,62481
enet,public,all,2005,-4.4822693e-05,62481
pcr,public,all,2005,0.0003374219,62481
pls,public,all,2005,-0.00069105625,62481
enet,full,all,2005,0.0005978942,62481
pcr,full,all,2005,0.00030857325,62481
pls,full,all,2005,-0.0003888607,62481
huber,public,all,2006,0.0014910102,61681
gbrth,public,all,2006,-0.022480726,61681
huber,full,all,2006,0.0004876256,61681
gbrth,full,all,2006,-0.026163816,61681
gbrt,public,all,2006,-0.00859189,61681
gbrt,full,all,2006,-0.0055270195,61681
nn1,public,all,2006,-0.0005532503,61681
nn2,public,all,2006,-0.0006188154,61681
nn3,public,all,2006,-0.0025414228,61681
nn1,full,all,2006,-0.002854228,61681
nn2,full,all,2006,-0.00387609,61681
nn3,full,all,2006,-0.0018405914,61681
enet,public,all,2006,0.002175033,61681
pcr,public,all,2006,0.0025117397,61681
pls,public,all,2006,0.0016434193,61681
enet,full,all,2006,0.001506269,61681
pcr,full,all,2006,0.0017385483,61681
pls,full,all,2006,0.00089269876,61681
huber,public,all,2007,-0.012855172,60827
gbrth,public,all,2007,-0.016205668,60827
huber,full,all,2007,-0.014082432,60827
gbrth,full,all,2007,-0.0198977,60827
gbrt,public,all,2007,-0.043768644,60827
gbrt,full,all,2007,-0.031089664,60827
nn1,public,all,2007,-0.018966556,60827
nn2,public,all,2007,-0.020620704,60827
nn3,public,all,2007,-0.021030188,60827
nn1,full,all,2007,-0.023869157,60827
nn2,full,all,2007,-0.024961233,60827
nn3,full,all,2007,-0.021655679,60827
enet,public,all,2007,-0.012300968,60827
pcr,public,all,2007,-0.010591865,60827
pls,public,all,2007,-0.012930393,60827
enet,full,all,2007,-0.012547374,60827
pcr,full,all,2007,-0.010749936,60827
pls,full,all,2007,-0.013228178,60827
huber,public,all,2008,-0.009974599,59092
gbrth,public,all,2008,0.011345983,59092
huber,full,all,2008,-0.0034958124,59092
gbrth,full,all,2008,0.012549818,59092
gbrt,public,all,2008,-0.027372241,59092
gbrt,full,all,2008,-0.023188472,59092
nn1,public,all,2008,-0.013494015,59092
nn2,public,all,2008,-0.014750719,59092
nn3,public,all,2008,-0.013048649,59092
nn1,full,all,2008,-0.015314341,59092
nn2,full,all,2008,-0.016783834,59092
nn3,full,all,2008,-0.015455604,59092
enet,public,all,2008,-0.010272503,59092
pcr,public,all,2008,-0.011869311,59092
pls,public,all,2008,-0.010297537,59092
enet,full,all,2008,-0.01048696,59092
pcr,full,all,2008,-0.011696339,59092
pls,full,all,2008,-0.010961533,59092
huber,public,all,2009,0.0021092296,55221
gbrth,public,all,2009,-0.011711597,55221
huber,full,all,2009,0.0019255877,55221
gbrth,full,all,2009,-0.011552095,55221
gbrt,public,all,2009,0.006096959,55221
gbrt,full,all,2009,0.006301999,55221
nn1,public,all,2009,0.0043447614,55221
nn2,public,all,2009,0.004691839,55221
nn3,public,all,2009,0.0047406554,55221
nn1,full,all,2009,0.004615009,55221
nn2,full,all,2009,0.00494951,55221
nn3,full,all,2009,0.0052568913,55221
enet,public,all,2009,0.0023040175,55221
pcr,public,all,2009,0.0028045774,55221
pls,public,all,2009,0.002646923,55221
enet,full,all,2009,0.0023775697,55221
pcr,full,all,2009,0.0030799508,55221
pls,full,all,2009,0.0023357868,55221
huber,public,all,2010,0.009732664,53160
gbrth,public,all,2010,-0.011666775,53160
huber,full,all,2010,0.009074688,53160
gbrth,full,all,2010,-0.012098193,53160
gbrt,public,all,2010,0.01514107,53160
gbrt,full,all,2010,0.013622165,53160
nn1,public,all,2010,0.01266861,53160
nn2,public,all,2010,0.0112784505,53160
nn3,public,all,2010,0.012029946,53160
nn1,full,all,2010,0.01148504,53160
nn2,full,all,2010,0.010931194,53160
nn3,full,all,2010,0.009632349,53160
enet,public,all,2010,0.00995487,53160
pcr,public,all,2010,0.010607362,53160
pls,public,all,2010,0.00987643,53160
enet,full,all,2010,0.009713948,53160
pcr,full,all,2010,0.0100981,53160
pls,full,all,2010,0.009286284,53160
huber,public,all,2011,-0.001376152,51655
gbrth,public,all,2011,0.0044896603,51655
huber,full,all,2011,-0.0017950535,51655
gbrth,full,all,2011,0.0072799325,51655
gbrt,public,all,2011,-0.0018466711,51655
gbrt,full,all,2011,-0.00050520897,51655
nn1,public,all,2011,-0.0068598986,51655
nn2,public,all,2011,-0.0046328306,51655
nn3,public,all,2011,-0.004974127,51655
nn1,full,all,2011,-0.007221818,51655
nn2,full,all,2011,-0.004685521,51655
nn3,full,all,2011,-0.0048168898,51655
enet,public,all,2011,-0.004926324,51655
pcr,public,all,2011,-0.0054057837,51655
pls,public,all,2011,-0.0037462711,51655
enet,full,all,2011,-0.0009949207,51655
pcr,full,all,2011,-0.0026714802,51655
pls,full,all,2011,-0.0033365488,51655
huber,public,all,2012,0.0011460781,50162
gbrth,public,all,2012,-0.011057377,50162
huber,full,all,2012,0.00049084425,50162
gbrth,full,all,2012,-0.011173129,50162
gbrt,public,all,2012,0.010412276,50162
gbrt,full,all,2012,0.009185195,50162
nn1,public,all,2012,0.0045143366,50162
nn2,public,all,2012,0.005543053,50162
nn3,public,all,2012,0.005755961,50162
nn1,full,all,2012,0.003897071,50162
nn2,full,all,2012,0.0043736696,50162
nn3,full,all,2012,0.004314363,50162
enet,public,all,2012,0.0061197877,50162
pcr,public,all,2012,0.0061112046,50162
pls,public,all,2012,0.0065271854,50162
enet,full,all,2012,0.0061241984,50162
pcr,full,all,2012,0.005784452,50162
pls,full,all,2012,0.0055514574,50162
huber,public,all,2013,0.0066974163,49148
gbrth,public,all,2013,-0.024534345,49148
huber,full,all,2013,0.0077958703,49148
gbrth,full,all,2013,-0.027508736,49148
gbrt,public,all,2013,0.012080073,49148
gbrt,full,all,2013,0.012047172,49148
nn1,public,all,2013,0.016094804,49148
nn2,public,all,2013,0.013197422,49148
nn3,public,all,2013,0.016921878,49148
nn1,full,all,2013,0.01891017,49148
nn2,full,all,2013,0.018810093,49148
nn3,full,all,2013,0.017256618,49148
enet,public,all,2013,0.014159203,49148
pcr,public,all,2013,0.01351881,49148
pls,public,all,2013,0.013434172,49148
enet,full,all,2013,0.013997734,49148
pcr,full,all,2013,0.013524711,49148
pls,full,all,2013,0.013260901,49148
huber,public,all,2014,-0.0053315163,50334
gbrth,public,all,2014,-0.0039595366,50334
huber,full,all,2014,-0.0047882795,50334
gbrth,full,all,2014,-0.003323555,50334
gbrt,public,all,2014,-0.00044691563,50334
gbrt,full,all,2014,0.000264287,50334
nn1,public,all,2014,-0.005333662,50334
nn2,public,all,2014,-0.005323887,50334
nn3,public,all,2014,-0.003721714,50334
nn1,full,all,2014,-0.0050626993,50334
nn2,full,all,2014,-0.004529834,50334
nn3,full,all,2014,-0.0047534704,50334
enet,public,all,2014,-0.0007593632,50334
pcr,public,all,2014,0.00095897913,50334
pls,public,all,2014,0.0006893873,50334
enet,full,all,2014,-0.0005925894,50334
pcr,full,all,2014,0.0010790229,50334
pls,full,all,2014,0.0010170937,50334
huber,public,all,2015,-0.0010011196,51314
gbrth,public,all,2015,0.0034303665,51314
huber,full,all,2015,-0.0009609461,51314
gbrth,full,all,2015,0.0038948655,51314
gbrt,public,all,2015,0.00053173304,51314
gbrt,full,all,2015,-0.0015312433,51314
nn1,public,all,2015,-0.0020132065,51314
nn2,public,all,2015,-0.001907587,51314
nn3,public,all,2015,-0.0012495518,51314
nn1,full,all,2015,-0.0011466742,51314
nn2,full,all,2015,-0.0012372732,51314
nn3,full,all,2015,-0.0011986494,51314
enet,public,all,2015,-0.00073230267,51314
pcr,public,all,2015,-0.0034766197,51314
pls,public,all,2015,-0.0028413534,51314
enet,full,all,2015,-0.0019161701,51314
pcr,full,all,2015,-0.003587842,51314
pls,full,all,2015,-0.0027531385,51314
huber,public,all,2016,0.004065931,50191
gbrth,public,all,2016,-0.0062966347,50191
huber,full,all,2016,0.0037645102,50191
gbrth,full,all,2016,-0.0050531626,50191
gbrt,public,all,2016,0.0028026104,50191
gbrt,full,all,2016,0.004790604,50191
nn1,public,all,2016,0.002195835,50191
nn2,public,all,2016,0.001998663,50191
nn3,public,all,2016,0.0034127235,50191
nn1,full,all,2016,0.0013064146,50191
nn2,full,all,2016,0.0019263029,50191
nn3,full,all,2016,0.0029084682,50191
enet,public,all,2016,0.0049552917,50191
pcr,public,all,2016,0.005007148,50191
pls,public,all,2016,0.0067877173,50191
enet,full,all,2016,0.0053676963,50191
pcr,full,all,2016,0.006588578,50191
pls,full,all,2016,0.006280184,50191
huber,public,all,2017,0.00073063374,49418
gbrth,public,all,2017,-0.0012317896,49418
huber,full,all,2017,0.0004994869,49418
gbrth,full,all,2017,-0.0023549795,49418
gbrt,public,all,2017,0.00033074617,49418
gbrt,full,all,2017,0.00028169155,49418
nn1,public,all,2017,-0.00014185905,49418
nn2,public,all,2017,0.0014516711,49418
nn3,public,all,2017,0.0017103553,49418
nn1,full,all,2017,0.0001887083,49418
nn2,full,all,2017,0.0007991791,49418
nn3,full,all,2017,0.0005437732,49418
enet,public,all,2017,0.0031484962,49418
pcr,public,all,2017,0.001614809,49418
pls,public,all,2017,0.00081294775,49418
enet,full,all,2017,0.0033769608,49418
pcr,full,all,2017,0.0015624762,49418
pls,full,all,2017,0.00096809864,49418
huber,public,all,2018,-0.010163784,49685
gbrth,public,all,2018,0.0064510107,49685
huber,full,all,2018,-0.010819435,49685
gbrth,full,all,2018,0.006249726,49685
gbrt,public,all,2018,-0.0027235746,49685
gbrt,full,all,2018,-0.008110523,49685
nn1,public,all,2018,-0.010165453,49685
nn2,public,all,2018,-0.009560704,49685
nn3,public,all,2018,-0.0079910755,49685
nn1,full,all,2018,-0.009837508,49685
nn2,full,all,2018,-0.009900928,49685
nn3,full,all,2018,-0.009052515,49685
enet,public,all,2018,-0.0068353415,49685
pcr,public,all,2018,-0.0046088696,49685
pls,public,all,2018,-0.0053128004,49685
enet,full,all,2018,-0.0069613457,49685
pcr,full,all,2018,-0.004531622,49685
pls,full,all,2018,-0.005099654,49685
huber,public,all,2019,0.00015199184,49975
gbrth,public,all,2019,-0.0066188574,49975
huber,full,all,2019,0.00010544062,49975
gbrth,full,all,2019,-0.0062679052,49975
gbrt,public,all,2019,0.0028395653,49975
gbrt,full,all,2019,0.0030513406,49975
nn1,public,all,2019,0.0017862916,49975
nn2,public,all,2019,0.0021429062,49975
nn3,public,all,2019,0.0031151175,49975
nn1,full,all,2019,0.0017797351,49975
nn2,full,all,2019,0.002298355,49975
nn3,full,all,2019,0.0014678836,49975
enet,public,all,2019,0.0031524897,49975
pcr,public,all,2019,0.0025274158,49975
pls,public,all,2019,0.0020508766,49975
enet,full,all,2019,0.0030790567,49975
pcr,full,all,2019,0.002514124,49975
pls,full,all,2019,0.0020514727,49975
huber,public,all,2020,0.00021767616,50252
gbrth,public,all,2020,-0.009323478,50252
huber,full,all,2020,-0.004604578,50252
gbrth,full,all,2020,-0.009675741,50252
gbrt,public,all,2020,0.002323687,50252
gbrt,full,all,2020,0.001796782,50252
nn1,public,all,2020,0.002143383,50252
nn2,public,all,2020,0.0008755326,50252
nn3,public,all,2020,0.0017679334,50252
nn1,full,all,2020,0.0033166409,50252
nn2,full,all,2020,0.0022963881,50252
nn3,full,all,2020,0.0016579032,50252
enet,public,all,2020,0.0018721819,50252
pcr,public,all,2020,0.00042831898,50252
pls,public,all,2020,-0.00047445297,50252
enet,full,all,2020,0.00211519,50252
pcr,full,all,2020,0.00044739246,50252
pls,full,all,2020,-0.00039982796,50252
huber,public,all,2021,0.0040341616,58388
gbrth,public,all,2021,0.00029665232,58388
huber,full,all,2021,0.0040341616,58388
gbrth,full,all,2021,0.00029665232,58388
gbrt,public,all,2021,0.0029921532,58388
gbrt,full,all,2021,0.0029921532,58388
nn1,public,all,2021,0.003923595,58388
nn2,public,all,2021,0.0035268068,58388
nn3,public,all,2021,0.0037283301,58388
nn1,full,all,2021,0.003923595,58388
nn2,full,all,2021,0.0035268068,58388
nn3,full,all,2021,0.0037283301,58388
enet,public,all,2021,0.004048407,58388
pcr,public,all,2021,0.0021533966,58388
pls,public,all,2021,0.005816102,58388
enet,full,all,2021,0.004048407,58388
pcr,full,all,2021,0.0021533966,58388
pls,full,all,2021,0.005816102,58388
huber,public,all,2022,-0.002323866,65217
gbrth,public,all,2022,0.016966522,65217
huber,full,all,2022,-0.002323866,65217
gbrth,full,all,2022,0.016966522,65217
gbrt,public,all,2022,-0.003115058,65217
gbrt,full,all,2022,-0.003115058,65217
nn1,public,all,2022,0.0013532043,65217
nn2,public,all,2022,0.004041314,65217
nn3,public,all,2022,0.0025801659,65217
nn1,full,all,2022,0.0013532043,65217
nn2,full,all,2022,0.004041314,65217
nn3,full,all,2022,0.0025801659,65217
enet,public,all,2022,-0.0031017065,65217
pcr,public,all,2022,-0.0013716221,65217
pls,public,all,2022,1.859665e-05,65217
enet,full,all,2022,-0.0031017065,65217
pcr,full,all,2022,-0.0013716221,65217
pls,full,all,2022,1.859665e-05,65217
huber,public,all,2023,0.0016986132,61666
gbrth,public,all,2023,0.0011059642,61666
huber,full,all,2023,0.0016986132,61666
gbrth,full,all,2023,0.0011059642,61666
gbrt,public,all,2023,0.004237473,61666
gbrt,full,all,2023,0.004237473,61666
nn1,public,all,2023,0.0031185746,61666
nn2,public,all,2023,0.0037968159,61666
nn3,public,all,2023,0.0039895773,61666
nn1,full,all,2023,0.0031185746,61666
nn2,full,all,2023,0.0037968159,61666
nn3,full,all,2023,0.0039895773,61666
enet,public,all,2023,0.0013003349,61666
pcr,public,all,2023,0.000859499,61666
pls,public,all,2023,0.0011300445,61666
enet,full,all,2023,0.0013003349,61666
pcr,full,all,2023,0.000859499,61666
pls,full,all,2023,0.0011300445,61666
huber,public,all,2024,0.00036782026,58372
gbrth,public,all,2024,0.001045227,58372
huber,full,all,2024,0.00036782026,58372
gbrth,full,all,2024,0.001045227,58372
gbrt,public,all,2024,-0.0010794401,58372
gbrt,full,all,2024,-0.0010794401,58372
nn1,public,all,2024,0.0007638335,58372
nn2,public,all,2024,0.0012198687,58372
nn3,public,all,2024,0.0012001991,58372
nn1,full,all,2024,0.0007638335,58372
nn2,full,all,2024,0.0012198687,58372
nn3,full,all,2024,0.0012001991,58372
enet,public,all,2024,0.0006085038,58372
pcr,public,all,2024,0.0002744794,58372
pls,public,all,2024,0.00041770935,58372
enet,full,all,2024,0.0006085038,58372
pcr,full,all,2024,0.0002744794,58372
pls,full,all,2024,0.00041770935,58372
huber,public,ex_small,all,-0.0005713701,836829
gbrth,public,ex_small,all,-0.0012592077,836829
huber,full,ex_small,all,0.0006027818,836829
gbrth,full,ex_small,all,-0.0009460449,836829
gbrt,public,ex_small,all,-0.00052678585,836829
gbrt,full,ex_small,all,0.00036513805,836829
nn1,public,ex_small,all,0.0015898347,836829
nn2,public,ex_small,all,0.00266397,836829
nn3,public,ex_small,all,0.0031702518,836829
nn1,full,ex_small,all,0.0029994845,836829
nn2,full,ex_small,all,0.0043560266,836829
nn3,full,ex_small,all,0.0047296286,836829
enet,public,ex_small,all,0.0011994243,836829
pcr,public,ex_small,all,0.0011452436,836829
pls,public,ex_small,all,0.0009150505,836829
enet,full,ex_small,all,0.0028535724,836829
pcr,full,ex_small,all,0.0023504496,836829
pls,full,ex_small,all,0.0024510026,836829
huber,public,ex_small,1995,0.011689603,30762
gbrth,public,ex_small,1995,0.005152881,30762
huber,full,ex_small,1995,0.015395999,30762
gbrth,full,ex_small,1995,0.0038781762,30762
gbrt,public,ex_small,1995,0.0192253,30762
gbrt,full,ex_small,1995,0.015109837,30762
nn1,public,ex_small,1995,0.016357899,30762
nn2,public,ex_small,1995,0.016788244,30762
nn3,public,ex_small,1995,0.017675161,30762
nn1,full,ex_small,1995,0.020613015,30762
nn2,full,ex_small,1995,0.022748172,30762
nn3,full,ex_small,1995,0.021823883,30762
enet,public,ex_small,1995,0.011885583,30762
pcr,public,ex_small,1995,0.01171577,30762
pls,public,ex_small,1995,0.0115202665,30762
enet,full,ex_small,1995,0.015938759,30762
pcr,full,ex_small,1995,0.014312923,30762
pls,full,ex_small,1995,0.01687169,30762
huber,public,ex_small,1996,0.0030856133,33580
gbrth,public,ex_small,1996,0.0017448068,33580
huber,full,ex_small,1996,0.0077994466,33580
gbrth,full,ex_small,1996,7.748604e-06,33580
gbrt,public,ex_small,1996,0.00638175,33580
gbrt,full,ex_small,1996,0.0064200163,33580
nn1,public,ex_small,1996,0.0063205957,33580
nn2,public,ex_small,1996,0.006883502,33580
nn3,public,ex_small,1996,0.007363856,33580
nn1,full,ex_small,1996,0.010959864,33580
nn2,full,ex_small,1996,0.012093842,33580
nn3,full,ex_small,1996,0.013000429,33580
enet,public,ex_small,1996,0.003386557,33580
pcr,public,ex_small,1996,0.0031235218,33580
pls,public,ex_small,1996,0.003074646,33580
enet,full,ex_small,1996,0.00956732,33580
pcr,full,ex_small,1996,0.007841945,33580
pls,full,ex_small,1996,0.008893371,33580
huber,public,ex_small,1997,0.010040343,33742
gbrth,public,ex_small,1997,0.0069566965,33742
huber,full,ex_small,1997,0.013314366,33742
gbrth,full,ex_small,1997,0.003473103,33742
gbrt,public,ex_small,1997,0.012103438,33742
gbrt,full,ex_small,1997,0.0042419434,33742
nn1,public,ex_small,1997,0.008939028,33742
nn2,public,ex_small,1997,0.010591507,33742
nn3,public,ex_small,1997,0.009521782,33742
nn1,full,ex_small,1997,0.0077621937,33742
nn2,full,ex_small,1997,0.010266662,33742
nn3,full,ex_small,1997,0.010614991,33742
enet,public,ex_small,1997,0.010817587,33742
pcr,public,ex_small,1997,0.009984314,33742
pls,public,ex_small,1997,0.0105698705,33742
enet,full,ex_small,1997,0.014470637,33742
pcr,full,ex_small,1997,0.013544977,33742
pls,full,ex_small,1997,0.014440894,33742
huber,public,ex_small,1998,-0.00039851665,33967
gbrth,public,ex_small,1998,-0.0010166168,33967
huber,full,ex_small,1998,-0.0005463362,33967
gbrth,full,ex_small,1998,-0.00218153,33967
gbrt,public,ex_small,1998,-0.0011886358,33967
gbrt,full,ex_small,1998,-0.004992008,33967
nn1,public,ex_small,1998,-0.00084638596,33967
nn2,public,ex_small,1998,0.0007944107,33967
nn3,public,ex_small,1998,0.0010196567,33967
nn1,full,ex_small,1998,-0.001078248,33967
nn2,full,ex_small,1998,0.001062572,33967
nn3,full,ex_small,1998,0.001408577,33967
enet,public,ex_small,1998,-7.05719e-05,33967
pcr,public,ex_small,1998,-0.0004067421,33967
pls,public,ex_small,1998,-0.00041890144,33967
enet,full,ex_small,1998,0.00026726723,33967
pcr,full,ex_small,1998,-0.0013277531,33967
pls,full,ex_small,1998,-0.0007030964,33967
huber,public,ex_small,1999,-0.009017944,35647
gbrth,public,ex_small,1999,-0.01215899,35647
huber,full,ex_small,1999,-0.009509563,35647
gbrth,full,ex_small,1999,-0.017017126,35647
gbrt,public,ex_small,1999,-0.0045045614,35647
gbrt,full,ex_small,1999,-0.006533861,35647
nn1,public,ex_small,1999,-0.0024174452,35647
nn2,public,ex_small,1999,-0.0020104647,35647
nn3,public,ex_small,1999,-0.0031051636,35647
nn1,full,ex_small,1999,-0.004581809,35647
nn2,full,ex_small,1999,-0.0033017397,35647
nn3,full,ex_small,1999,-0.0050270557,35647
enet,public,ex_small,1999,-0.008308649,35647
pcr,public,ex_small,1999,-0.0073040724,35647
pls,public,ex_small,1999,-0.008102536,35647
enet,full,ex_small,1999,-0.009916306,35647
pcr,full,ex_small,1999,-0.0073646307,35647
pls,full,ex_small,1999,-0.010276794,35647
huber,public,ex_small,2000,0.00050729513,38613
gbrth,public,ex_small,2000,0.0069175363,38613
huber,full,ex_small,2000,0.0068531036,38613
gbrth,full,ex_small,2000,0.0116708875,38613
gbrt,public,ex_small,2000,0.0025559068,38613
gbrt,full,ex_small,2000,0.0056135654,38613
nn1,public,ex_small,2000,0.0037617087,38613
nn2,public,ex_small,2000,0.0034766793,38613
nn3,public,ex_small,2000,0.0038161278,38613
nn1,full,ex_small,2000,0.011472225,38613
nn2,full,ex_small,2000,0.010969639,38613
nn3,full,ex_small,2000,0.011916935,38613
enet,public,ex_small,2000,0.0007389784,38613
pcr,public,ex_small,2000,0.0008198619,38613
pls,public,ex_small,2000,0.00078970194,38613
enet,full,ex_small,2000,0.007971942,38613
pcr,full,ex_small,2000,0.004836023,38613
pls,full,ex_small,2000,0.008120596,38613
huber,public,ex_small,2001,0.004138708,31627
gbrth,public,ex_small,2001,-0.0014694929,31627
huber,full,ex_small,2001,0.0075707436,31627
gbrth,full,ex_small,2001,0.0032615066,31627
gbrt,public,ex_small,2001,-0.0011928082,31627
gbrt,full,ex_small,2001,-0.001507163,31627
nn1,public,ex_small,2001,0.0002412796,31627
nn2,public,ex_small,2001,0.0023908615,31627
nn3,public,ex_small,2001,0.0018960238,31627
nn1,full,ex_small,2001,0.0044044256,31627
nn2,full,ex_small,2001,0.0051493645,31627
nn3,full,ex_small,2001,0.0051851273,31627
enet,public,ex_small,2001,0.0043943524,31627
pcr,public,ex_small,2001,0.0043524504,31627
pls,public,ex_small,2001,0.004067719,31627
enet,full,ex_small,2001,0.007891476,31627
pcr,full,ex_small,2001,0.0047287345,31627
pls,full,ex_small,2001,0.008271992,31627
huber,public,ex_small,2002,0.010383725,27650
gbrth,public,ex_small,2002,0.007828057,27650
huber,full,ex_small,2002,0.012290359,27650
gbrth,full,ex_small,2002,0.01078999,27650
gbrt,public,ex_small,2002,-0.0025207996,27650
gbrt,full,ex_small,2002,0.013931394,27650
nn1,public,ex_small,2002,0.00020486116,27650
nn2,public,ex_small,2002,-0.0009921789,27650
nn3,public,ex_small,2002,0.0016688108,27650
nn1,full,ex_small,2002,-0.000995636,27650
nn2,full,ex_small,2002,0.0027299523,27650
nn3,full,ex_small,2002,0.0010293722,27650
enet,public,ex_small,2002,0.009448707,27650
pcr,public,ex_small,2002,0.0045657754,27650
pls,public,ex_small,2002,0.009451866,27650
enet,full,ex_small,2002,0.011830449,27650
pcr,full,ex_small,2002,0.009005189,27650
pls,full,ex_small,2002,0.012599528,27650
huber,public,ex_small,2003,-0.0011825562,26074
gbrth,public,ex_small,2003,-0.0260365,26074
huber,full,ex_small,2003,0.0015741587,26074
gbrth,full,ex_small,2003,-0.026281357,26074
gbrt,public,ex_small,2003,-0.010561466,26074
gbrt,full,ex_small,2003,-0.0022876263,26074
nn1,public,ex_small,2003,0.002895236,26074
nn2,public,ex_small,2003,0.0038807392,26074
nn3,public,ex_small,2003,0.0072836876,26074
nn1,full,ex_small,2003,0.0072463155,26074
nn2,full,ex_small,2003,0.013960302,26074
nn3,full,ex_small,2003,0.015247405,26074
enet,public,ex_small,2003,0.0023174286,26074
pcr,public,ex_small,2003,0.00789845,26074
pls,public,ex_small,2003,0.0015204549,26074
enet,full,ex_small,2003,0.005225539,26074
pcr,full,ex_small,2003,0.0093615055,26074
pls,full,ex_small,2003,0.0029580593,26074
huber,public,ex_small,2004,0.008220613,24832
gbrth,public,ex_small,2004,0.012751043,24832
huber,full,ex_small,2004,0.0016196966,24832
gbrth,full,ex_small,2004,0.016854048,24832
gbrt,public,ex_small,2004,0.027518332,24832
gbrt,full,ex_small,2004,0.027697444,24832
nn1,public,ex_small,2004,0.012282252,24832
nn2,public,ex_small,2004,0.014509559,24832
nn3,public,ex_small,2004,0.012656391,24832
nn1,full,ex_small,2004,0.0072984695,24832
nn2,full,ex_small,2004,0.0117019415,24832
nn3,full,ex_small,2004,0.012124479,24832
enet,public,ex_small,2004,0.010210991,24832
pcr,public,ex_small,2004,0.012654662,24832
pls,public,ex_small,2004,0.008574426,24832
enet,full,ex_small,2004,0.005892098,24832
pcr,full,ex_small,2004,0.0071327686,24832
pls,full,ex_small,2004,0.005076945,24832
huber,public,ex_small,2005,0.0016417503,24151
gbrth,public,ex_small,2005,0.0063427687,24151
huber,full,ex_small,2005,-0.0021978617,24151
gbrth,full,ex_small,2005,-0.0019421577,24151
gbrt,public,ex_small,2005,0.006380737,24151
gbrt,full,ex_small,2005,-0.004621029,24151
nn1,public,ex_small,2005,-0.00018143654,24151
nn2,public,ex_small,2005,0.0038406253,24151
nn3,public,ex_small,2005,0.003915012,24151
nn1,full,ex_small,2005,0.0007175803,24151
nn2,full,ex_small,2005,-0.000874877,24151
nn3,full,ex_small,2005,0.0021517277,24151
enet,public,ex_small,2005,0.002282858,24151
pcr,public,ex_small,2005,0.0002872944,24151
pls,public,ex_small,2005,0.0010069013,24151
enet,full,ex_small,2005,0.00013637543,24151
pcr,full,ex_small,2005,0.0011134148,24151
pls,full,ex_small,2005,-0.0008852482,24151
huber,public,ex_small,2006,-4.2915344e-06,23935
gbrth,public,ex_small,2006,-0.0051840544,23935
huber,full,ex_small,2006,-0.006225705,23935
gbrth,full,ex_small,2006,-0.008954644,23935
gbrt,public,ex_small,2006,-0.0042454004,23935
gbrt,full,ex_small,2006,0.0005258918,23935
nn1,public,ex_small,2006,-0.0006867647,23935
nn2,public,ex_small,2006,0.0023322701,23935
nn3,public,ex_small,2006,0.0020288825,23935
nn1,full,ex_small,2006,-0.004930258,23935
nn2,full,ex_small,2006,-0.0029734373,23935
nn3,full,ex_small,2006,0.00046676397,23935
enet,public,ex_small,2006,0.0019177198,23935
pcr,public,ex_small,2006,0.0024656653,23935
pls,public,ex_small,2006,0.00034093857,23935
enet,full,ex_small,2006,-0.0029479265,23935
pcr,full,ex_small,2006,-0.0012174845,23935
pls,full,ex_small,2006,-0.005351186,23935
huber,public,ex_small,2007,-0.027859926,23848
gbrth,public,ex_small,2007,-0.031044722,23848
huber,full,ex_small,2007,-0.029730082,23848
gbrth,full,ex_small,2007,-0.037310004,23848
gbrt,public,ex_small,2007,-0.07378399,23848
gbrt,full,ex_small,2007,-0.05202639,23848
nn1,public,ex_small,2007,-0.010707259,23848
nn2,public,ex_small,2007,-0.011731029,23848
nn3,public,ex_small,2007,-0.01581335,23848
nn1,full,ex_small,2007,-0.017259717,23848
nn2,full,ex_small,2007,-0.014379978,23848
nn3,full,ex_small,2007,-0.012714505,23848
enet,public,ex_small,2007,-0.025547147,23848
pcr,public,ex_small,2007,-0.020595193,23848
pls,public,ex_small,2007,-0.026531458,23848
enet,full,ex_small,2007,-0.026038408,23848
pcr,full,ex_small,2007,-0.020898938,23848
pls,full,ex_small,2007,-0.027700782,23848
huber,public,ex_small,2008,-0.022891045,24314
gbrth,public,ex_small,2008,-0.020602942,24314
huber,full,ex_small,2008,-0.026165366,24314
gbrth,full,ex_small,2008,-0.019134283,24314
gbrt,public,ex_small,2008,-0.044448018,24314
gbrt,full,ex_small,2008,-0.040000916,24314
nn1,public,ex_small,2008,-0.023483753,24314
nn2,public,ex_small,2008,-0.024434686,24314
nn3,public,ex_small,2008,-0.022241235,24314
nn1,full,ex_small,2008,-0.025527,24314
nn2,full,ex_small,2008,-0.021324992,24314
nn3,full,ex_small,2008,-0.022975564,24314
enet,public,ex_small,2008,-0.022402883,24314
pcr,public,ex_small,2008,-0.021715403,24314
pls,public,ex_small,2008,-0.021507382,24314
enet,full,ex_small,2008,-0.023588777,24314
pcr,full,ex_small,2008,-0.021708727,24314
pls,full,ex_small,2008,-0.023640633,24314
huber,public,ex_small,2009,0.0011196733,24178
gbrth,public,ex_small,2009,-0.010227561,24178
huber,full,ex_small,2009,0.002499044,24178
gbrth,full,ex_small,2009,-0.009485602,24178
gbrt,public,ex_small,2009,0.009886205,24178
gbrt,full,ex_small,2009,0.010893583,24178
nn1,public,ex_small,2009,0.003671825,24178
nn2,public,ex_small,2009,0.005790293,24178
nn3,public,ex_small,2009,0.006123781,24178
nn1,full,ex_small,2009,0.004429519,24178
nn2,full,ex_small,2009,0.0045895576,24178
nn3,full,ex_small,2009,0.0048878193,24178
enet,public,ex_small,2009,0.0024267435,24178
pcr,public,ex_small,2009,0.0062684417,24178
pls,public,ex_small,2009,0.0021675825,24178
enet,full,ex_small,2009,0.0037766695,24178
pcr,full,ex_small,2009,0.007902205,24178
pls,full,ex_small,2009,0.0029938817,24178
huber,public,ex_small,2010,0.012085676,23603
gbrth,public,ex_small,2010,0.0060743093,23603
huber,full,ex_small,2010,0.012602091,23603
gbrth,full,ex_small,2010,0.0048010945,23603
gbrt,public,ex_small,2010,0.02148223,23603
gbrt,full,ex_small,2010,0.02115941,23603
nn1,public,ex_small,2010,0.018657386,23603
nn2,public,ex_small,2010,0.021202743,23603
nn3,public,ex_small,2010,0.019238472,23603
nn1,full,ex_small,2010,0.018377483,23603
nn2,full,ex_small,2010,0.019713819,23603
nn3,full,ex_small,2010,0.019791424,23603
enet,public,ex_small,2010,0.013618171,23603
pcr,public,ex_small,2010,0.015267611,23603
pls,public,ex_small,2010,0.012378633,23603
enet,full,ex_small,2010,0.015147209,23603
pcr,full,ex_small,2010,0.015509546,23603
pls,full,ex_small,2010,0.012451768,23603
huber,public,ex_small,2011,-0.0077244043,23651
gbrth,public,ex_small,2011,0.0012674332,23651
huber,full,ex_small,2011,-0.008764625,23651
gbrth,full,ex_small,2011,0.0022708774,23651
gbrt,public,ex_small,2011,-0.006369829,23651
gbrt,full,ex_small,2011,-0.0053856373,23651
nn1,public,ex_small,2011,-0.00331676,23651
nn2,public,ex_small,2011,-0.0003118515,23651
nn3,public,ex_small,2011,-0.00048041344,23651
nn1,full,ex_small,2011,-0.0019155741,23651
nn2,full,ex_small,2011,-0.0023272038,23651
nn3,full,ex_small,2011,-0.0011419058,23651
enet,public,ex_small,2011,-0.0035260916,23651
pcr,public,ex_small,2011,-0.003086567,23651
pls,public,ex_small,2011,-0.0065573454,23651
enet,full,ex_small,2011,-0.0034242868,23651
pcr,full,ex_small,2011,-0.00496006,23651
pls,full,ex_small,2011,-0.0070477724,23651
huber,public,ex_small,2012,-0.0021531582,23650
gbrth,public,ex_small,2012,-0.001987338,23650
huber,full,ex_small,2012,-4.1365623e-05,23650
gbrth,full,ex_small,2012,-0.00044357777,23650
gbrt,public,ex_small,2012,0.01356262,23650
gbrt,full,ex_small,2012,0.013179719,23650
nn1,public,ex_small,2012,0.0012014508,23650
nn2,public,ex_small,2012,0.0046260953,23650
nn3,public,ex_small,2012,0.0079039335,23650
nn1,full,ex_small,2012,0.0020376444,23650
nn2,full,ex_small,2012,0.0041590333,23650
nn3,full,ex_small,2012,0.0071539283,23650
enet,public,ex_small,2012,0.011291385,23650
pcr,public,ex_small,2012,0.011617243,23650
pls,public,ex_small,2012,0.012162745,23650
enet,full,ex_small,2012,0.014142573,23650
pcr,full,ex_small,2012,0.014509618,23650
pls,full,ex_small,2012,0.01302135,23650
huber,public,ex_small,2013,0.015091121,23739
gbrth,public,ex_small,2013,-0.0057593584,23739
huber,full,ex_small,2013,0.01593715,23739
gbrth,full,ex_small,2013,-0.009010315,23739
gbrt,public,ex_small,2013,0.022018194,23739
gbrt,full,ex_small,2013,0.023927927,23739
nn1,public,ex_small,2013,0.037662268,23739
nn2,public,ex_small,2013,0.034181,23739
nn3,public,ex_small,2013,0.04329461,23739
nn1,full,ex_small,2013,0.03668821,23739
nn2,full,ex_small,2013,0.042121112,23739
nn3,full,ex_small,2013,0.043472826,23739
enet,public,ex_small,2013,0.035872817,23739
pcr,public,ex_small,2013,0.044317067,23739
pls,public,ex_small,2013,0.037348688,23739
enet,full,ex_small,2013,0.037465453,23739
pcr,full,ex_small,2013,0.04602045,23739
pls,full,ex_small,2013,0.04348892,23739
huber,public,ex_small,2014,-0.011734724,25107
gbrth,public,ex_small,2014,-0.0063239336,25107
huber,full,ex_small,2014,-0.010833144,25107
gbrth,full,ex_small,2014,-0.004602194,25107
gbrt,public,ex_small,2014,-0.0015012026,25107
gbrt,full,ex_small,2014,-0.0005785227,25107
nn1,public,ex_small,2014,-0.005227208,25107
nn2,public,ex_small,2014,-0.004377246,25107
nn3,public,ex_small,2014,-0.0018037558,25107
nn1,full,ex_small,2014,-0.0032178164,25107
nn2,full,ex_small,2014,-0.0029268265,25107
nn3,full,ex_small,2014,-0.0016670227,25107
enet,public,ex_small,2014,-0.0009925365,25107
pcr,public,ex_small,2014,0.0019792914,25107
pls,public,ex_small,2014,-0.0004014969,25107
enet,full,ex_small,2014,-0.00085020065,25107
pcr,full,ex_small,2014,0.0017170906,25107
pls,full,ex_small,2014,-4.1007996e-05,25107
huber,public,ex_small,2015,-0.0057035685,26272
gbrth,public,ex_small,2015,-0.0008699894,26272
huber,full,ex_small,2015,-0.0056455135,26272
gbrth,full,ex_small,2015,-0.00071680546,26272
gbrt,public,ex_small,2015,-0.0070123672,26272
gbrt,full,ex_small,2015,-0.007906556,26272
nn1,public,ex_small,2015,-0.009931803,26272
nn2,public,ex_small,2015,-0.008411884,26272
nn3,public,ex_small,2015,-0.008839607,26272
nn1,full,ex_small,2015,-0.005394459,26272
nn2,full,ex_small,2015,-0.008880496,26272
nn3,full,ex_small,2015,-0.007971644,26272
enet,public,ex_small,2015,-0.00581336,26272
pcr,public,ex_small,2015,-0.0134238005,26272
pls,public,ex_small,2015,-0.012564421,26272
enet,full,ex_small,2015,-0.007843137,26272
pcr,full,ex_small,2015,-0.014306068,26272
pls,full,ex_small,2015,-0.014393091,26272
huber,public,ex_small,2016,0.0035780072,25478
gbrth,public,ex_small,2016,-0.0022689104,25478
huber,full,ex_small,2016,0.0023702383,25478
gbrth,full,ex_small,2016,-0.0014952421,25478
gbrt,public,ex_small,2016,0.002901256,25478
gbrt,full,ex_small,2016,0.0053385496,25478
nn1,public,ex_small,2016,-3.6358833e-05,25478
nn2,public,ex_small,2016,0.00065106153,25478
nn3,public,ex_small,2016,0.004731536,25478
nn1,full,ex_small,2016,-0.0013456345,25478
nn2,full,ex_small,2016,0.0023580194,25478
nn3,full,ex_small,2016,0.0031315088,25478
enet,public,ex_small,2016,0.006242931,25478
pcr,public,ex_small,2016,0.005677521,25478
pls,public,ex_small,2016,0.012965739,25478
enet,full,ex_small,2016,0.007705331,25478
pcr,full,ex_small,2016,0.01485312,25478
pls,full,ex_small,2016,0.012378335,25478
huber,public,ex_small,2017,0.002805531,25006
gbrth,public,ex_small,2017,0.007381499,25006
huber,full,ex_small,2017,0.0023720264,25006
gbrth,full,ex_small,2017,0.0067409277,25006
gbrt,public,ex_small,2017,0.0014051795,25006
gbrt,full,ex_small,2017,0.0021395087,25006
nn1,public,ex_small,2017,0.006443858,25006
nn2,public,ex_small,2017,0.011891305,25006
nn3,public,ex_small,2017,0.012058318,25006
nn1,full,ex_small,2017,0.0064225793,25006
nn2,full,ex_small,2017,0.010273993,25006
nn3,full,ex_small,2017,0.010977089,25006
enet,public,ex_small,2017,0.011915922,25006
pcr,public,ex_small,2017,0.013355672,25006
pls,public,ex_small,2017,0.011359572,25006
enet,full,ex_small,2017,0.014167011,25006
pcr,full,ex_small,2017,0.0132603645,25006
pls,full,ex_small,2017,0.01262778,25006
huber,public,ex_small,2018,-0.027693033,25542
gbrth,public,ex_small,2018,-0.006469965,25542
huber,full,ex_small,2018,-0.027659059,25542
gbrth,full,ex_small,2018,-0.006238699,25542
gbrt,public,ex_small,2018,-0.013613939,25542
gbrt,full,ex_small,2018,-0.019245625,25542
nn1,public,ex_small,2018,-0.022070408,25542
nn2,public,ex_small,2018,-0.019254804,25542
nn3,public,ex_small,2018,-0.021038175,25542
nn1,full,ex_small,2018,-0.021520019,25542
nn2,full,ex_small,2018,-0.021119237,25542
nn3,full,ex_small,2018,-0.018408895,25542
enet,public,ex_small,2018,-0.018490434,25542
pcr,public,ex_small,2018,-0.017479777,25542
pls,public,ex_small,2018,-0.0243932,25542
enet,full,ex_small,2018,-0.018586755,25542
pcr,full,ex_small,2018,-0.016684294,25542
pls,full,ex_small,2018,-0.024058938,25542
huber,public,ex_small,2019,0.009721994,26174
gbrth,public,ex_small,2019,0.0021970272,26174
huber,full,ex_small,2019,0.009820104,26174
gbrth,full,ex_small,2019,0.0015547276,26174
gbrt,public,ex_small,2019,0.009504497,26174
gbrt,full,ex_small,2019,0.011392057,26174
nn1,public,ex_small,2019,0.008505166,26174
nn2,public,ex_small,2019,0.008963048,26174
nn3,public,ex_small,2019,0.011269212,26174
nn1,full,ex_small,2019,0.009518266,26174
nn2,full,ex_small,2019,0.009391546,26174
nn3,full,ex_small,2019,0.01025331,26174
enet,public,ex_small,2019,0.012949407,26174
pcr,public,ex_small,2019,0.011634469,26174
pls,public,ex_small,2019,0.013099909,26174
enet,full,ex_small,2019,0.01277566,26174
pcr,full,ex_small,2019,0.011623383,26174
pls,full,ex_small,2019,0.013258398,26174
huber,public,ex_small,2020,-0.0044794083,27717
gbrth,public,ex_small,2020,-0.0066246986,27717
huber,full,ex_small,2020,-0.0056978464,27717
gbrth,full,ex_small,2020,-0.007401228,27717
gbrt,public,ex_small,2020,0.0031276345,27717
gbrt,full,ex_small,2020,0.0021045208,27717
nn1,public,ex_small,2020,0.0020881295,27717
nn2,public,ex_small,2020,0.0022812486,27717
nn3,public,ex_small,2020,0.0033240318,27717
nn1,full,ex_small,2020,0.004052758,27717
nn2,full,ex_small,2020,0.002585411,27717
nn3,full,ex_small,2020,0.0035438538,27717
enet,public,ex_small,2020,0.0017159581,27717
pcr,public,ex_small,2020,0.0014879704,27717
pls,public,ex_small,2020,0.0007737875,27717
enet,full,ex_small,2020,0.0020418763,27717
pcr,full,ex_small,2020,0.0014556646,27717
pls,full,ex_small,2020,0.0007234216,27717
huber,public,ex_small,2021,0.009735227,32530
gbrth,public,ex_small,2021,0.008395135,32530
huber,full,ex_small,2021,0.009735227,32530
gbrth,full,ex_small,2021,0.008395135,32530
gbrt,public,ex_small,2021,0.007588029,32530
gbrt,full,ex_small,2021,0.007588029,32530
nn1,public,ex_small,2021,0.011403084,32530
nn2,public,ex_small,2021,0.0137133,32530
nn3,public,ex_small,2021,0.014137566,32530
nn1,full,ex_small,2021,0.011403084,32530
nn2,full,ex_small,2021,0.0137133,32530
nn3,full,ex_small,2021,0.014137566,32530
enet,public,ex_small,2021,0.008750558,32530
pcr,public,ex_small,2021,0.0051442385,32530
pls,public,ex_small,2021,0.012408853,32530
enet,full,ex_small,2021,0.008750558,32530
pcr,full,ex_small,2021,0.0051442385,32530
pls,full,ex_small,2021,0.012408853,32530
huber,public,ex_small,2022,-0.0026772022,34274
gbrth,public,ex_small,2022,0.01099664,34274
huber,full,ex_small,2022,-0.0026772022,34274
gbrth,full,ex_small,2022,0.01099664,34274
gbrt,public,ex_small,2022,-0.007865906,34274
gbrt,full,ex_small,2022,-0.007865906,34274
nn1,public,ex_small,2022,0.00085926056,34274
nn2,public,ex_small,2022,0.0039330125,34274
nn3,public,ex_small,2022,0.0053904057,34274
nn1,full,ex_small,2022,0.00085926056,34274
nn2,full,ex_small,2022,0.0039330125,34274
nn3,full,ex_small,2022,0.0053904057,34274
enet,public,ex_small,2022,-0.007115841,34274
pcr,public,ex_small,2022,-0.008342266,34274
pls,public,ex_small,2022,-0.008880973,34274
enet,full,ex_small,2022,-0.007115841,34274
pcr,full,ex_small,2022,-0.008342266,34274
pls,full,ex_small,2022,-0.008880973,34274
huber,public,ex_small,2023,-0.001880765,30132
gbrth,public,ex_small,2023,-0.0023952723,30132
huber,full,ex_small,2023,-0.001880765,30132
gbrth,full,ex_small,2023,-0.0023952723,30132
gbrt,public,ex_small,2023,0.007916868,30132
gbrt,full,ex_small,2023,0.007916868,30132
nn1,public,ex_small,2023,-0.0006542206,30132
nn2,public,ex_small,2023,0.00022447109,30132
nn3,public,ex_small,2023,-0.000202775,30132
nn1,full,ex_small,2023,-0.0006542206,30132
nn2,full,ex_small,2023,0.00022447109,30132
nn3,full,ex_small,2023,-0.000202775,30132
enet,public,ex_small,2023,0.0032891035,30132
pcr,public,ex_small,2023,0.001871705,30132
pls,public,ex_small,2023,0.0024738312,30132
enet,full,ex_small,2023,0.0032891035,30132
pcr,full,ex_small,2023,0.001871705,30132
pls,full,ex_small,2023,0.0024738312,30132
huber,public,ex_small,2024,5.8054924e-05,27034
gbrth,public,ex_small,2024,-0.004399061,27034
huber,full,ex_small,2024,5.8054924e-05,27034
gbrth,full,ex_small,2024,-0.004399061,27034
gbrt,public,ex_small,2024,-0.01238358,27034
gbrt,full,ex_small,2024,-0.01238358,27034
nn1,public,ex_small,2024,0.00039732456,27034
nn2,public,ex_small,2024,0.0020091534,27034
nn3,public,ex_small,2024,0.0018596053,27034
nn1,full,ex_small,2024,0.00039732456,27034
nn2,full,ex_small,2024,0.0020091534,27034
nn3,full,ex_small,2024,0.0018596053,27034
enet,public,ex_small,2024,0.0015311837,27034
pcr,public,ex_small,2024,-0.00027608871,27034
pls,public,ex_small,2024,-0.0007544756,27034
enet,full,ex_small,2024,0.0015311837,27034
pcr,full,ex_small,2024,-0.00027608871,27034
pls,full,ex_small,2024,-0.0007544756,27034
huber,public,abs_y_le_1,all,0.0025701523,1902776
gbrth,public,abs_y_le_1,all,0.004856348,1902776
huber,full,abs_y_le_1,all,0.00489223,1902776
gbrth,full,abs_y_le_1,all,0.005120218,1902776
gbrt,public,abs_y_le_1,all,-0.0007542372,1902776
gbrt,full,abs_y_le_1,all,0.0008291006,1902776
nn1,public,abs_y_le_1,all,0.002211392,1902776
nn2,public,abs_y_le_1,all,0.002912879,1902776
nn3,public,abs_y_le_1,all,0.0035380125,1902776
nn1,full,abs_y_le_1,all,0.0045216084,1902776
nn2,full,abs_y_le_1,all,0.004659593,1902776
nn3,full,abs_y_le_1,all,0.0052809715,1902776
enet,public,abs_y_le_1,all,0.0022676587,1902776
pcr,public,abs_y_le_1,all,0.0025741458,1902776
pls,public,abs_y_le_1,all,0.0031812787,1902776
enet,full,abs_y_le_1,all,0.004688978,1902776
pcr,full,abs_y_le_1,all,0.003868997,1902776
pls,full,abs_y_le_1,all,0.0054421425,1902776
huber,public,abs_y_le_1,1995,0.008612037,85424
gbrth,public,abs_y_le_1,1995,-0.002337575,85424
huber,full,abs_y_le_1,1995,0.012888372,85424
gbrth,full,abs_y_le_1,1995,-0.0055879354,85424
gbrt,public,abs_y_le_1,1995,0.013921082,85424
gbrt,full,abs_y_le_1,1995,0.014709294,85424
nn1,public,abs_y_le_1,1995,0.01002425,85424
nn2,public,abs_y_le_1,1995,0.009871006,85424
nn3,public,abs_y_le_1,1995,0.010818243,85424
nn1,full,abs_y_le_1,1995,0.017656207,85424
nn2,full,abs_y_le_1,1995,0.018368542,85424
nn3,full,abs_y_le_1,1995,0.017519176,85424
enet,public,abs_y_le_1,1995,0.008606017,85424
pcr,public,abs_y_le_1,1995,0.008665323,85424
pls,public,abs_y_le_1,1995,0.008624256,85424
enet,full,abs_y_le_1,1995,0.012861967,85424
pcr,full,abs_y_le_1,1995,0.009253442,85424
pls,full,abs_y_le_1,1995,0.012824833,85424
huber,public,abs_y_le_1,1996,0.0048437715,90650
gbrth,public,abs_y_le_1,1996,0.0022290945,90650
huber,full,abs_y_le_1,1996,0.009257197,90650
gbrth,full,abs_y_le_1,1996,-0.0008736849,90650
gbrt,public,abs_y_le_1,1996,0.006158173,90650
gbrt,full,abs_y_le_1,1996,0.0075617433,90650
nn1,public,abs_y_le_1,1996,0.0067546964,90650
nn2,public,abs_y_le_1,1996,0.0066221356,90650
nn3,public,abs_y_le_1,1996,0.006430924,90650
nn1,full,abs_y_le_1,1996,0.011661947,90650
nn2,full,abs_y_le_1,1996,0.01200825,90650
nn3,full,abs_y_le_1,1996,0.01281929,90650
enet,public,abs_y_le_1,1996,0.0048571825,90650
pcr,public,abs_y_le_1,1996,0.004775882,90650
pls,public,abs_y_le_1,1996,0.0047662854,90650
enet,full,abs_y_le_1,1996,0.010119855,90650
pcr,full,abs_y_le_1,1996,0.007733941,90650
pls,full,abs_y_le_1,1996,0.009845555,90650
huber,public,abs_y_le_1,1997,0.009937823,94420
gbrth,public,abs_y_le_1,1997,0.009752512,94420
huber,full,abs_y_le_1,1997,0.014178693,94420
gbrth,full,abs_y_le_1,1997,0.009182751,94420
gbrt,public,abs_y_le_1,1997,0.008598864,94420
gbrt,full,abs_y_le_1,1997,0.0057607293,94420
nn1,public,abs_y_le_1,1997,0.009275079,94420
nn2,public,abs_y_le_1,1997,0.010249734,94420
nn3,public,abs_y_le_1,1997,0.010178447,94420
nn1,full,abs_y_le_1,1997,0.012169063,94420
nn2,full,abs_y_le_1,1997,0.011960387,94420
nn3,full,abs_y_le_1,1997,0.012580216,94420
enet,public,abs_y_le_1,1997,0.009691715,94420
pcr,public,abs_y_le_1,1997,0.009716749,94420
pls,public,abs_y_le_1,1997,0.0098339915,94420
enet,full,abs_y_le_1,1997,0.0149002075,94420
pcr,full,abs_y_le_1,1997,0.012404084,94420
pls,full,abs_y_le_1,1997,0.015105903,94420
huber,public,abs_y_le_1,1998,0.00036740303,92812
gbrth,public,abs_y_le_1,1998,0.011909246,92812
huber,full,abs_y_le_1,1998,0.0047746897,92812
gbrth,full,abs_y_le_1,1998,0.013318956,92812
gbrt,public,abs_y_le_1,1998,-0.0049037933,92812
gbrt,full,abs_y_le_1,1998,0.0029594302,92812
nn1,public,abs_y_le_1,1998,-4.36306e-05,92812
nn2,public,abs_y_le_1,1998,0.0018560886,92812
nn3,public,abs_y_le_1,1998,0.0009133816,92812
nn1,full,abs_y_le_1,1998,0.006955564,92812
nn2,full,abs_y_le_1,1998,0.00430727,92812
nn3,full,abs_y_le_1,1998,0.0065667033,92812
enet,public,abs_y_le_1,1998,0.00023680925,92812
pcr,public,abs_y_le_1,1998,9.179115e-06,92812
pls,public,abs_y_le_1,1998,-3.1352043e-05,92812
enet,full,abs_y_le_1,1998,0.004707992,92812
pcr,full,abs_y_le_1,1998,0.0016750097,92812
pls,full,abs_y_le_1,1998,0.0048236847,92812
huber,public,abs_y_le_1,1999,-0.0012450218,86369
gbrth,public,abs_y_le_1,1999,-0.007382989,86369
huber,full,abs_y_le_1,1999,0.0011122823,86369
gbrth,full,abs_y_le_1,1999,-0.012114167,86369
gbrt,public,abs_y_le_1,1999,0.003211677,86369
gbrt,full,abs_y_le_1,1999,0.001388967,86369
nn1,public,abs_y_le_1,1999,0.0030539036,86369
nn2,public,abs_y_le_1,1999,0.0029232502,86369
nn3,public,abs_y_le_1,1999,0.0028778315,86369
nn1,full,abs_y_le_1,1999,0.0060293674,86369
nn2,full,abs_y_le_1,1999,0.0060372353,86369
nn3,full,abs_y_le_1,1999,0.00559783,86369
enet,public,abs_y_le_1,1999,-0.0010359287,86369
pcr,public,abs_y_le_1,1999,-0.0009484291,86369
pls,public,abs_y_le_1,1999,-0.00079381466,86369
enet,full,abs_y_le_1,1999,0.0008547306,86369
pcr,full,abs_y_le_1,1999,-0.00019788742,86369
pls,full,abs_y_le_1,1999,0.00073838234,86369
huber,public,abs_y_le_1,2000,-0.0021734238,83803
gbrth,public,abs_y_le_1,2000,0.017909825,83803
huber,full,abs_y_le_1,2000,0.0057638288,83803
gbrth,full,abs_y_le_1,2000,0.023775041,83803
gbrt,public,abs_y_le_1,2000,0.00081527233,83803
gbrt,full,abs_y_le_1,2000,0.002041757,83803
nn1,public,abs_y_le_1,2000,-0.002318859,83803
nn2,public,abs_y_le_1,2000,-0.0015751123,83803
nn3,public,abs_y_le_1,2000,-0.00043833256,83803
nn1,full,abs_y_le_1,2000,0.0070036054,83803
nn2,full,abs_y_le_1,2000,0.0056223273,83803
nn3,full,abs_y_le_1,2000,0.006942332,83803
enet,public,abs_y_le_1,2000,-0.0021984577,83803
pcr,public,abs_y_le_1,2000,-0.0012706518,83803
pls,public,abs_y_le_1,2000,-0.0018094778,83803
enet,full,abs_y_le_1,2000,0.0064018965,83803
pcr,full,abs_y_le_1,2000,0.0042160153,83803
pls,full,abs_y_le_1,2000,0.0061192513,83803
huber,public,abs_y_le_1,2001,0.00739491,76607
gbrth,public,abs_y_le_1,2001,0.0067374706,76607
huber,full,abs_y_le_1,2001,0.013460636,76607
gbrth,full,abs_y_le_1,2001,0.0117082,76607
gbrt,public,abs_y_le_1,2001,0.004130304,76607
gbrt,full,abs_y_le_1,2001,0.0058802366,76607
nn1,public,abs_y_le_1,2001,0.0075179935,76607
nn2,public,abs_y_le_1,2001,0.009427369,76607
nn3,public,abs_y_le_1,2001,0.009557128,76607
nn1,full,abs_y_le_1,2001,0.016512096,76607
nn2,full,abs_y_le_1,2001,0.017684937,76607
nn3,full,abs_y_le_1,2001,0.017953217,76607
enet,public,abs_y_le_1,2001,0.007396698,76607
pcr,public,abs_y_le_1,2001,0.0077712536,76607
pls,public,abs_y_le_1,2001,0.0074819922,76607
enet,full,abs_y_le_1,2001,0.01354146,76607
pcr,full,abs_y_le_1,2001,0.009048641,76607
pls,full,abs_y_le_1,2001,0.01358223,76607
huber,public,abs_y_le_1,2002,0.0041086674,70031
gbrth,public,abs_y_le_1,2002,0.020709336,70031
huber,full,abs_y_le_1,2002,0.00815022,70031
gbrth,full,abs_y_le_1,2002,0.02559954,70031
gbrt,public,abs_y_le_1,2002,-0.005717635,70031
gbrt,full,abs_y_le_1,2002,0.008114457,70031
nn1,public,abs_y_le_1,2002,0.0015653968,70031
nn2,public,abs_y_le_1,2002,0.0011240244,70031
nn3,public,abs_y_le_1,2002,0.0045832396,70031
nn1,full,abs_y_le_1,2002,0.0012710094,70031
nn2,full,abs_y_le_1,2002,-0.00031232834,70031
nn3,full,abs_y_le_1,2002,-0.0022338629,70031
enet,public,abs_y_le_1,2002,0.0036094785,70031
pcr,public,abs_y_le_1,2002,0.0031056404,70031
pls,public,abs_y_le_1,2002,0.0036913157,70031
enet,full,abs_y_le_1,2002,0.009196758,70031
pcr,full,abs_y_le_1,2002,0.0076565146,70031
pls,full,abs_y_le_1,2002,0.009010017,70031
huber,public,abs_y_le_1,2003,0.011029363,64729
gbrth,public,abs_y_le_1,2003,-0.037617803,64729
huber,full,abs_y_le_1,2003,0.010939002,64729
gbrth,full,abs_y_le_1,2003,-0.0441072,64729
gbrt,public,abs_y_le_1,2003,-0.00038707256,64729
gbrt,full,abs_y_le_1,2003,0.0043982863,64729
nn1,public,abs_y_le_1,2003,0.011085451,64729
nn2,public,abs_y_le_1,2003,0.010940433,64729
nn3,public,abs_y_le_1,2003,0.012019694,64729
nn1,full,abs_y_le_1,2003,0.010923207,64729
nn2,full,abs_y_le_1,2003,0.016599417,64729
nn3,full,abs_y_le_1,2003,0.016093016,64729
enet,public,abs_y_le_1,2003,0.01157397,64729
pcr,public,abs_y_le_1,2003,0.011663735,64729
pls,public,abs_y_le_1,2003,0.011922002,64729
enet,full,abs_y_le_1,2003,0.010457873,64729
pcr,full,abs_y_le_1,2003,0.011633098,64729
pls,full,abs_y_le_1,2003,0.0104010105,64729
huber,public,abs_y_le_1,2004,0.007653296,62864
gbrth,public,abs_y_le_1,2004,-0.004856348,62864
huber,full,abs_y_le_1,2004,0.007322252,62864
gbrth,full,abs_y_le_1,2004,-0.0011960268,62864
gbrt,public,abs_y_le_1,2004,0.015273094,62864
gbrt,full,abs_y_le_1,2004,0.018642664,62864
nn1,public,abs_y_le_1,2004,0.005909562,62864
nn2,public,abs_y_le_1,2004,0.007112682,62864
nn3,public,abs_y_le_1,2004,0.0048524737,62864
nn1,full,abs_y_le_1,2004,0.0050933957,62864
nn2,full,abs_y_le_1,2004,0.0033612251,62864
nn3,full,abs_y_le_1,2004,0.007209122,62864
enet,public,abs_y_le_1,2004,0.008128464,62864
pcr,public,abs_y_le_1,2004,0.008540988,62864
pls,public,abs_y_le_1,2004,0.0075610876,62864
enet,full,abs_y_le_1,2004,0.008717716,62864
pcr,full,abs_y_le_1,2004,0.006816983,62864
pls,full,abs_y_le_1,2004,0.00840193,62864
huber,public,abs_y_le_1,2005,-0.0011553764,62415
gbrth,public,abs_y_le_1,2005,0.004378617,62415
huber,full,abs_y_le_1,2005,-0.0018650293,62415
gbrth,full,abs_y_le_1,2005,-0.0010977983,62415
gbrt,public,abs_y_le_1,2005,-0.004298091,62415
gbrt,full,abs_y_le_1,2005,-0.013811469,62415
nn1,public,abs_y_le_1,2005,-0.0145686865,62415
nn2,public,abs_y_le_1,2005,-0.009649754,62415
nn3,public,abs_y_le_1,2005,-0.014445186,62415
nn1,full,abs_y_le_1,2005,-0.01206553,62415
nn2,full,abs_y_le_1,2005,-0.017963648,62415
nn3,full,abs_y_le_1,2005,-0.01564908,62415
enet,public,abs_y_le_1,2005,-0.0005750656,62415
pcr,public,abs_y_le_1,2005,0.00024980307,62415
pls,public,abs_y_le_1,2005,-0.0013175011,62415
enet,full,abs_y_le_1,2005,-2.515316e-05,62415
pcr,full,abs_y_le_1,2005,-6.830692e-05,62415
pls,full,abs_y_le_1,2005,-0.0012985468,62415
huber,public,abs_y_le_1,2006,0.001265645,61618
gbrth,public,abs_y_le_1,2006,-0.01992011,61618
huber,full,abs_y_le_1,2006,-0.00030827522,61618
gbrth,full,abs_y_le_1,2006,-0.023979187,61618
gbrt,public,abs_y_le_1,2006,-0.011648893,61618
gbrt,full,abs_y_le_1,2006,-0.007954478,61618
nn1,public,abs_y_le_1,2006,-0.0030220747,61618
nn2,public,abs_y_le_1,2006,-0.0042034388,61618
nn3,public,abs_y_le_1,2006,-0.0067144632,61618
nn1,full,abs_y_le_1,2006,-0.0060852766,61618
nn2,full,abs_y_le_1,2006,-0.008554339,61618
nn3,full,abs_y_le_1,2006,-0.004843116,61618
enet,public,abs_y_le_1,2006,0.0021551847,61618
pcr,public,abs_y_le_1,2006,0.0023704171,61618
pls,public,abs_y_le_1,2006,0.0014615059,61618
enet,full,abs_y_le_1,2006,0.0011681318,61618
pcr,full,abs_y_le_1,2006,0.0019575953,61618
pls,full,abs_y_le_1,2006,0.00036269426,61618
huber,public,abs_y_le_1,2007,-0.014870405,60783
gbrth,public,abs_y_le_1,2007,-0.012517452,60783
huber,full,abs_y_le_1,2007,-0.016581774,60783
gbrth,full,abs_y_le_1,2007,-0.01721239,60783
gbrt,public,abs_y_le_1,2007,-0.05210507,60783
gbrt,full,abs_y_le_1,2007,-0.0381577,60783
nn1,public,abs_y_le_1,2007,-0.024405837,60783
nn2,public,abs_y_le_1,2007,-0.026958346,60783
nn3,public,abs_y_le_1,2007,-0.027523875,60783
nn1,full,abs_y_le_1,2007,-0.031866312,60783
nn2,full,abs_y_le_1,2007,-0.032931805,60783
nn3,full,abs_y_le_1,2007,-0.028743267,60783
enet,public,abs_y_le_1,2007,-0.014205098,60783
pcr,public,abs_y_le_1,2007,-0.011836171,60783
pls,public,abs_y_le_1,2007,-0.015134454,60783
enet,full,abs_y_le_1,2007,-0.014651179,60783
pcr,full,abs_y_le_1,2007,-0.01216042,60783
pls,full,abs_y_le_1,2007,-0.015543342,60783
huber,public,abs_y_le_1,2008,-0.012970686,58974
gbrth,public,abs_y_le_1,2008,0.017048538,58974
huber,full,abs_y_le_1,2008,-0.0037779808,58974
gbrth,full,abs_y_le_1,2008,0.01814574,58974
gbrt,public,abs_y_le_1,2008,-0.036816716,58974
gbrt,full,abs_y_le_1,2008,-0.032289147,58974
nn1,public,abs_y_le_1,2008,-0.019099355,58974
nn2,public,abs_y_le_1,2008,-0.021113753,58974
nn3,public,abs_y_le_1,2008,-0.01951158,58974
nn1,full,abs_y_le_1,2008,-0.021345854,58974
nn2,full,abs_y_le_1,2008,-0.024508834,58974
nn3,full,abs_y_le_1,2008,-0.023080468,58974
enet,public,abs_y_le_1,2008,-0.013291359,58974
pcr,public,abs_y_le_1,2008,-0.014427662,58974
pls,public,abs_y_le_1,2008,-0.013406992,58974
enet,full,abs_y_le_1,2008,-0.013725281,58974
pcr,full,abs_y_le_1,2008,-0.014404774,58974
pls,full,abs_y_le_1,2008,-0.014245272,58974
huber,public,abs_y_le_1,2009,0.0074454546,54744
gbrth,public,abs_y_le_1,2009,-0.020219445,54744
huber,full,abs_y_le_1,2009,0.0076699853,54744
gbrth,full,abs_y_le_1,2009,-0.019703627,54744
gbrt,public,abs_y_le_1,2009,0.009499133,54744
gbrt,full,abs_y_le_1,2009,0.010627449,54744
nn1,public,abs_y_le_1,2009,0.010512769,54744
nn2,public,abs_y_le_1,2009,0.01026237,54744
nn3,public,abs_y_le_1,2009,0.010795772,54744
nn1,full,abs_y_le_1,2009,0.011230588,54744
nn2,full,abs_y_le_1,2009,0.011069119,54744
nn3,full,abs_y_le_1,2009,0.010883927,54744
enet,public,abs_y_le_1,2009,0.0076241493,54744
pcr,public,abs_y_le_1,2009,0.008756638,54744
pls,public,abs_y_le_1,2009,0.0082704425,54744
enet,full,abs_y_le_1,2009,0.008223891,54744
pcr,full,abs_y_le_1,2009,0.009890437,54744
pls,full,abs_y_le_1,2009,0.008321822,54744
huber,public,abs_y_le_1,2010,0.0109483,53064
gbrth,public,abs_y_le_1,2010,-0.008084059,53064
huber,full,abs_y_le_1,2010,0.010143638,53064
gbrth,full,abs_y_le_1,2010,-0.008506656,53064
gbrt,public,abs_y_le_1,2010,0.013560772,53064
gbrt,full,abs_y_le_1,2010,0.012090325,53064
nn1,public,abs_y_le_1,2010,0.012784183,53064
nn2,public,abs_y_le_1,2010,0.011339128,53064
nn3,public,abs_y_le_1,2010,0.010719061,53064
nn1,full,abs_y_le_1,2010,0.010748506,53064
nn2,full,abs_y_le_1,2010,0.00917536,53064
nn3,full,abs_y_le_1,2010,0.008447111,53064
enet,public,abs_y_le_1,2010,0.011118472,53064
pcr,public,abs_y_le_1,2010,0.011802793,53064
pls,public,abs_y_le_1,2010,0.011027873,53064
enet,full,abs_y_le_1,2010,0.01085794,53064
pcr,full,abs_y_le_1,2010,0.01151216,53064
pls,full,abs_y_le_1,2010,0.010570288,53064
huber,public,abs_y_le_1,2011,-0.0036308765,51587
gbrth,public,abs_y_le_1,2011,0.007676959,51587
huber,full,abs_y_le_1,2011,-0.0042954683,51587
gbrth,full,abs_y_le_1,2011,0.012127757,51587
gbrt,public,abs_y_le_1,2011,-0.009482384,51587
gbrt,full,abs_y_le_1,2011,-0.008454442,51587
nn1,public,abs_y_le_1,2011,-0.014785886,51587
nn2,public,abs_y_le_1,2011,-0.012948275,51587
nn3,public,abs_y_le_1,2011,-0.014014721,51587
nn1,full,abs_y_le_1,2011,-0.016002536,51587
nn2,full,abs_y_le_1,2011,-0.013013601,51587
nn3,full,abs_y_le_1,2011,-0.014223814,51587
enet,public,abs_y_le_1,2011,-0.0074181557,51587
pcr,public,abs_y_le_1,2011,-0.00840044,51587
pls,public,abs_y_le_1,2011,-0.0066366196,51587
enet,full,abs_y_le_1,2011,-0.0020734072,51587
pcr,full,abs_y_le_1,2011,-0.0041019917,51587
pls,full,abs_y_le_1,2011,-0.005805254,51587
huber,public,abs_y_le_1,2012,0.0038045049,50091
gbrth,public,abs_y_le_1,2012,-0.0072101355,50091
huber,full,abs_y_le_1,2012,0.003887713,50091
gbrth,full,abs_y_le_1,2012,-0.0068701506,50091
gbrt,public,abs_y_le_1,2012,0.0073912144,50091
gbrt,full,abs_y_le_1,2012,0.0068175197,50091
nn1,public,abs_y_le_1,2012,0.0023803115,50091
nn2,public,abs_y_le_1,2012,0.0010768771,50091
nn3,public,abs_y_le_1,2012,0.0017596483,50091
nn1,full,abs_y_le_1,2012,0.0022867918,50091
nn2,full,abs_y_le_1,2012,0.0012050867,50091
nn3,full,abs_y_le_1,2012,0.0015461445,50091
enet,public,abs_y_le_1,2012,0.007956922,50091
pcr,public,abs_y_le_1,2012,0.008802056,50091
pls,public,abs_y_le_1,2012,0.009416163,50091
enet,full,abs_y_le_1,2012,0.008104086,50091
pcr,full,abs_y_le_1,2012,0.008504927,50091
pls,full,abs_y_le_1,2012,0.009031415,50091
huber,public,abs_y_le_1,2013,0.011893749,49070
gbrth,public,abs_y_le_1,2013,-0.031451702,49070
huber,full,abs_y_le_1,2013,0.012939036,49070
gbrth,full,abs_y_le_1,2013,-0.03649807,49070
gbrt,public,abs_y_le_1,2013,0.012324214,49070
gbrt,full,abs_y_le_1,2013,0.011863351,49070
nn1,public,abs_y_le_1,2013,0.023219347,49070
nn2,public,abs_y_le_1,2013,0.01884991,49070
nn3,public,abs_y_le_1,2013,0.023791313,49070
nn1,full,abs_y_le_1,2013,0.025649428,49070
nn2,full,abs_y_le_1,2013,0.025004327,49070
nn3,full,abs_y_le_1,2013,0.02355802,49070
enet,public,abs_y_le_1,2013,0.021895885,49070
pcr,public,abs_y_le_1,2013,0.021694064,49070
pls,public,abs_y_le_1,2013,0.021609426,49070
enet,full,abs_y_le_1,2013,0.021746516,49070
pcr,full,abs_y_le_1,2013,0.022010088,49070
pls,full,abs_y_le_1,2013,0.022046745,49070
huber,public,abs_y_le_1,2014,-0.0073411465,50281
gbrth,public,abs_y_le_1,2014,0.0027750134,50281
huber,full,abs_y_le_1,2014,-0.0068273544,50281
gbrth,full,abs_y_le_1,2014,0.0036479235,50281
gbrt,public,abs_y_le_1,2014,-0.0009951591,50281
gbrt,full,abs_y_le_1,2014,-0.0009430647,50281
nn1,public,abs_y_le_1,2014,-0.0075814724,50281
nn2,public,abs_y_le_1,2014,-0.007887602,50281
nn3,public,abs_y_le_1,2014,-0.005573988,50281
nn1,full,abs_y_le_1,2014,-0.0075331926,50281
nn2,full,abs_y_le_1,2014,-0.006321788,50281
nn3,full,abs_y_le_1,2014,-0.007753253,50281
enet,public,abs_y_le_1,2014,-0.0013304949,50281
pcr,public,abs_y_le_1,2014,0.0008727908,50281
pls,public,abs_y_le_1,2014,0.0013086796,50281
enet,full,abs_y_le_1,2014,-0.0011510849,50281
pcr,full,abs_y_le_1,2014,0.001292944,50281
pls,full,abs_y_le_1,2014,0.0021163821,50281
huber,public,abs_y_le_1,2015,-0.0034015179,51222
gbrth,public,abs_y_le_1,2015,0.013748527,51222
huber,full,abs_y_le_1,2015,-0.0038006306,51222
gbrth,full,abs_y_le_1,2015,0.014620423,51222
gbrt,public,abs_y_le_1,2015,-0.0035108328,51222
gbrt,full,abs_y_le_1,2015,-0.0063261986,51222
nn1,public,abs_y_le_1,2015,-0.0056904554,51222
nn2,public,abs_y_le_1,2015,-0.005742669,51222
nn3,public,abs_y_le_1,2015,-0.0024973154,51222
nn1,full,abs_y_le_1,2015,-0.00570333,51222
nn2,full,abs_y_le_1,2015,-0.0058277845,51222
nn3,full,abs_y_le_1,2015,-0.0065333843,51222
enet,public,abs_y_le_1,2015,-0.0028458834,51222
pcr,public,abs_y_le_1,2015,-0.0060971975,51222
pls,public,abs_y_le_1,2015,-0.0044521093,51222
enet,full,abs_y_le_1,2015,-0.0049487352,51222
pcr,full,abs_y_le_1,2015,-0.0058293343,51222
pls,full,abs_y_le_1,2015,-0.00350976,51222
huber,public,abs_y_le_1,2016,0.005212128,50082
gbrth,public,abs_y_le_1,2016,0.0016996264,50082
huber,full,abs_y_le_1,2016,0.0045310855,50082
gbrth,full,abs_y_le_1,2016,0.0028614402,50082
gbrt,public,abs_y_le_1,2016,0.0047795773,50082
gbrt,full,abs_y_le_1,2016,0.006494701,50082
nn1,public,abs_y_le_1,2016,0.0019334555,50082
nn2,public,abs_y_le_1,2016,0.0019388199,50082
nn3,public,abs_y_le_1,2016,0.00414747,50082
nn1,full,abs_y_le_1,2016,6.0796738e-06,50082
nn2,full,abs_y_le_1,2016,0.0015875101,50082
nn3,full,abs_y_le_1,2016,0.003320694,50082
enet,public,abs_y_le_1,2016,0.0061050653,50082
pcr,public,abs_y_le_1,2016,0.0065992475,50082
pls,public,abs_y_le_1,2016,0.010514677,50082
enet,full,abs_y_le_1,2016,0.006817162,50082
pcr,full,abs_y_le_1,2016,0.009428859,50082
pls,full,abs_y_le_1,2016,0.0102600455,50082
huber,public,abs_y_le_1,2017,0.0014466047,49318
gbrth,public,abs_y_le_1,2017,0.0027393103,49318
huber,full,abs_y_le_1,2017,0.0005444288,49318
gbrth,full,abs_y_le_1,2017,0.0022675395,49318
gbrt,public,abs_y_le_1,2017,0.0038855076,49318
gbrt,full,abs_y_le_1,2017,0.0026474,49318
nn1,public,abs_y_le_1,2017,-0.0013477802,49318
nn2,public,abs_y_le_1,2017,-0.0010248423,49318
nn3,public,abs_y_le_1,2017,0.00075376034,49318
nn1,full,abs_y_le_1,2017,-0.0021375418,49318
nn2,full,abs_y_le_1,2017,-0.0011312962,49318
nn3,full,abs_y_le_1,2017,-0.0011214018,49318
enet,public,abs_y_le_1,2017,0.004614353,49318
pcr,public,abs_y_le_1,2017,0.0036440492,49318
pls,public,abs_y_le_1,2017,0.0038200617,49318
enet,full,abs_y_le_1,2017,0.0046743155,49318
pcr,full,abs_y_le_1,2017,0.0036613941,49318
pls,full,abs_y_le_1,2017,0.0041884184,49318
huber,public,abs_y_le_1,2018,-0.013321757,49613
gbrth,public,abs_y_le_1,2018,0.014535844,49613
huber,full,abs_y_le_1,2018,-0.014669538,49613
gbrth,full,abs_y_le_1,2018,0.014094472,49613
gbrt,public,abs_y_le_1,2018,-0.0040665865,49613
gbrt,full,abs_y_le_1,2018,-0.012368321,49613
nn1,public,abs_y_le_1,2018,-0.012910247,49613
nn2,public,abs_y_le_1,2018,-0.012311459,49613
nn3,public,abs_y_le_1,2018,-0.009356022,49613
nn1,full,abs_y_le_1,2018,-0.013156414,49613
nn2,full,abs_y_le_1,2018,-0.013491392,49613
nn3,full,abs_y_le_1,2018,-0.012566447,49613
enet,public,abs_y_le_1,2018,-0.009670854,49613
pcr,public,abs_y_le_1,2018,-0.005604863,49613
pls,public,abs_y_le_1,2018,-0.006046653,49613
enet,full,abs_y_le_1,2018,-0.009983897,49613
pcr,full,abs_y_le_1,2018,-0.00560534,49613
pls,full,abs_y_le_1,2018,-0.005794406,49613
huber,public,abs_y_le_1,2019,0.0059646964,49822
gbrth,public,abs_y_le_1,2019,0.00097441673,49822
huber,full,abs_y_le_1,2019,0.005803168,49822
gbrth,full,abs_y_le_1,2019,0.001047492,49822
gbrt,public,abs_y_le_1,2019,0.0044479966,49822
gbrt,full,abs_y_le_1,2019,0.0049111843,49822
nn1,public,abs_y_le_1,2019,0.0036014915,49822
nn2,public,abs_y_le_1,2019,0.005132258,49822
nn3,public,abs_y_le_1,2019,0.006343901,49822
nn1,full,abs_y_le_1,2019,0.0034502745,49822
nn2,full,abs_y_le_1,2019,0.00432992,49822
nn3,full,abs_y_le_1,2019,0.0058073997,49822
enet,public,abs_y_le_1,2019,0.0057215095,49822
pcr,public,abs_y_le_1,2019,0.0054602027,49822
pls,public,abs_y_le_1,2019,0.006256461,49822
enet,full,abs_y_le_1,2019,0.005561948,49822
pcr,full,abs_y_le_1,2019,0.0054733753,49822
pls,full,abs_y_le_1,2019,0.0062735677,49822
huber,public,abs_y_le_1,2020,-0.0010198355,49871
gbrth,public,abs_y_le_1,2020,-0.0062747,49871
huber,full,abs_y_le_1,2020,-0.0038552284,49871
gbrth,full,abs_y_le_1,2020,-0.006589532,49871
gbrt,public,abs_y_le_1,2020,0.0029507875,49871
gbrt,full,abs_y_le_1,2020,0.002431035,49871
nn1,public,abs_y_le_1,2020,0.0028356314,49871
nn2,public,abs_y_le_1,2020,0.0022143126,49871
nn3,public,abs_y_le_1,2020,0.0031718016,49871
nn1,full,abs_y_le_1,2020,0.0043286085,49871
nn2,full,abs_y_le_1,2020,0.0034450293,49871
nn3,full,abs_y_le_1,2020,0.0037508607,49871
enet,public,abs_y_le_1,2020,0.0022163987,49871
pcr,public,abs_y_le_1,2020,0.001229763,49871
pls,public,abs_y_le_1,2020,0.0006027818,49871
enet,full,abs_y_le_1,2020,0.002491951,49871
pcr,full,abs_y_le_1,2020,0.0012479424,49871
pls,full,abs_y_le_1,2020,0.0006915331,49871
huber,public,abs_y_le_1,2021,0.011313617,58182
gbrth,public,abs_y_le_1,2021,0.012611628,58182
huber,full,abs_y_le_1,2021,0.011313617,58182
gbrth,full,abs_y_le_1,2021,0.012611628,58182
gbrt,public,abs_y_le_1,2021,0.0059067607,58182
gbrt,full,abs_y_le_1,2021,0.0059067607,58182
nn1,public,abs_y_le_1,2021,0.014244616,58182
nn2,public,abs_y_le_1,2021,0.017014027,58182
nn3,public,abs_y_le_1,2021,0.017752528,58182
nn1,full,abs_y_le_1,2021,0.014244616,58182
nn2,full,abs_y_le_1,2021,0.017014027,58182
nn3,full,abs_y_le_1,2021,0.017752528,58182
enet,public,abs_y_le_1,2021,0.008140683,58182
pcr,public,abs_y_le_1,2021,0.0030561686,58182
pls,public,abs_y_le_1,2021,0.0147301555,58182
enet,full,abs_y_le_1,2021,0.008140683,58182
pcr,full,abs_y_le_1,2021,0.0030561686,58182
pls,full,abs_y_le_1,2021,0.0147301555,58182
huber,public,abs_y_le_1,2022,-0.005423069,65050
gbrth,public,abs_y_le_1,2022,0.0346151,65050
huber,full,abs_y_le_1,2022,-0.005423069,65050
gbrth,full,abs_y_le_1,2022,0.0346151,65050
gbrt,public,abs_y_le_1,2022,-0.00689435,65050
gbrt,full,abs_y_le_1,2022,-0.00689435,65050
nn1,public,abs_y_le_1,2022,0.0009614229,65050
nn2,public,abs_y_le_1,2022,0.0062054396,65050
nn3,public,abs_y_le_1,2022,0.0027827024,65050
nn1,full,abs_y_le_1,2022,0.0009614229,65050
nn2,full,abs_y_le_1,2022,0.0062054396,65050
nn3,full,abs_y_le_1,2022,0.0027827024,65050
enet,public,abs_y_le_1,2022,-0.006406188,65050
pcr,public,abs_y_le_1,2022,-0.001966238,65050
pls,public,abs_y_le_1,2022,0.0008004308,65050
enet,full,abs_y_le_1,2022,-0.006406188,65050
pcr,full,abs_y_le_1,2022,-0.001966238,65050
pls,full,abs_y_le_1,2022,0.0008004308,65050
huber,public,abs_y_le_1,2023,0.008395433,61318
gbrth,public,abs_y_le_1,2023,0.024754167,61318
huber,full,abs_y_le_1,2023,0.008395433,61318
gbrth,full,abs_y_le_1,2023,0.024754167,61318
gbrt,public,abs_y_le_1,2023,0.011067927,61318
gbrt,full,abs_y_le_1,2023,0.011067927,61318
nn1,public,abs_y_le_1,2023,0.007954478,61318
nn2,public,abs_y_le_1,2023,0.009960651,61318
nn3,public,abs_y_le_1,2023,0.012412071,61318
nn1,full,abs_y_le_1,2023,0.007954478,61318
nn2,full,abs_y_le_1,2023,0.009960651,61318
nn3,full,abs_y_le_1,2023,0.012412071,61318
enet,public,abs_y_le_1,2023,0.0008646846,61318
pcr,public,abs_y_le_1,2023,0.0020170808,61318
pls,public,abs_y_le_1,2023,0.004099846,61318
enet,full,abs_y_le_1,2023,0.0008646846,61318
pcr,full,abs_y_le_1,2023,0.0020170808,61318
pls,full,abs_y_le_1,2023,0.004099846,61318
huber,public,abs_y_le_1,2024,0.010774732,57962
gbrth,public,abs_y_le_1,2024,0.022251844,57962
huber,full,abs_y_le_1,2024,0.010774732,57962
gbrth,full,abs_y_le_1,2024,0.022251844,57962
gbrt,public,abs_y_le_1,2024,-0.022118688,57962
gbrt,full,abs_y_le_1,2024,-0.022118688,57962
nn1,public,abs_y_le_1,2024,0.008160293,57962
nn2,public,abs_y_le_1,2024,0.01227361,57962
nn3,public,abs_y_le_1,2024,0.015657604,57962
nn1,full,abs_y_le_1,2024,0.008160293,57962
nn2,full,abs_y_le_1,2024,0.01227361,57962
nn3,full,abs_y_le_1,2024,0.015657604,57962
enet,public,abs_y_le_1,2024,-0.00021767616,57962
pcr,public,abs_y_le_1,2024,0.0017026663,57962
pls,public,abs_y_le_1,2024,0.0050809383,57962
enet,full,abs_y_le_1,2024,-0.00021767616,57962
pcr,full,abs_y_le_1,2024,0.0017026663,57962
pls,full,abs_y_le_1,2024,0.0050809383,57962
huber,public,crsp,all,0.001650393,1909533
gbrth,public,crsp,all,-0.002863884,1909533
huber,full,crsp,all,0.0026509166,1909533
gbrth,full,crsp,all,-0.0035117865,1909533
gbrt,public,crsp,all,0.002889216,1909533
gbrt,full,crsp,all,0.0034496784,1909533
nn1,public,crsp,all,0.002920866,1909533
nn2,public,crsp,all,0.0033342242,1909533
nn3,public,crsp,all,0.003711462,1909533
nn1,full,crsp,all,0.004640162,1909533
nn2,full,crsp,all,0.0052468777,1909533
nn3,full,crsp,all,0.005471766,1909533
enet,public,crsp,all,0.0020905137,1909533
pcr,public,crsp,all,0.0018925667,1909533
pls,public,crsp,all,0.0021308064,1909533
enet,full,crsp,all,0.0032703876,1909533
pcr,full,crsp,all,0.0021922588,1909533
pls,full,crsp,all,0.0031985044,1909533
huber,public,crsp,1995,0.0069997907,85628
gbrth,public,crsp,1995,-0.006331086,85628
huber,full,crsp,1995,0.009174287,85628
gbrth,full,crsp,1995,-0.011286736,85628
gbrt,public,crsp,1995,0.016228378,85628
gbrt,full,crsp,1995,0.0146481395,85628
nn1,public,crsp,1995,0.009981215,85628
nn2,public,crsp,1995,0.00982672,85628
nn3,public,crsp,1995,0.011301637,85628
nn1,full,crsp,1995,0.0144786835,85628
nn2,full,crsp,1995,0.015611291,85628
nn3,full,crsp,1995,0.017755985,85628
enet,public,crsp,1995,0.007178545,85628
pcr,public,crsp,1995,0.0072726607,85628
pls,public,crsp,1995,0.007212043,85628
enet,full,crsp,1995,0.00958389,85628
pcr,full,crsp,1995,0.006952226,85628
pls,full,crsp,1995,0.009365737,85628
huber,public,crsp,1996,0.0034873486,90841
gbrth,public,crsp,1996,-0.0029735565,90841
huber,full,crsp,1996,0.006036401,90841
gbrth,full,crsp,1996,-0.0066000223,90841
gbrt,public,crsp,1996,0.0065075755,90841
gbrt,full,crsp,1996,0.006365478,90841
nn1,public,crsp,1996,0.0054953694,90841
nn2,public,crsp,1996,0.005851686,90841
nn3,public,crsp,1996,0.006154537,90841
nn1,full,crsp,1996,0.009886265,90841
nn2,full,crsp,1996,0.01081115,90841
nn3,full,crsp,1996,0.011794031,90841
enet,public,crsp,1996,0.0036394,90841
pcr,public,crsp,1996,0.0036055446,90841
pls,public,crsp,1996,0.0035703182,90841
enet,full,crsp,1996,0.006863773,90841
pcr,full,crsp,1996,0.005274236,90841
pls,full,crsp,1996,0.006620109,90841
huber,public,crsp,1997,0.008796215,94596
gbrth,public,crsp,1997,0.004802823,94596
huber,full,crsp,1997,0.011780679,94596
gbrth,full,crsp,1997,0.0028283596,94596
gbrt,public,crsp,1997,0.011590004,94596
gbrt,full,crsp,1997,0.007453263,94596
nn1,public,crsp,1997,0.010054171,94596
nn2,public,crsp,1997,0.0112377405,94596
nn3,public,crsp,1997,0.011025071,94596
nn1,full,crsp,1997,0.012959778,94596
nn2,full,crsp,1997,0.0134705305,94596
nn3,full,crsp,1997,0.014041781,94596
enet,public,crsp,1997,0.008669019,94596
pcr,public,crsp,1997,0.008750379,94596
pls,public,crsp,1997,0.00885886,94596
enet,full,crsp,1997,0.012355745,94596
pcr,full,crsp,1997,0.010004163,94596
pls,full,crsp,1997,0.012580156,94596
huber,public,crsp,1998,0.0012354851,93145
gbrth,public,crsp,1998,0.0049089193,93145
huber,full,crsp,1998,0.0026504397,93145
gbrth,full,crsp,1998,0.0018982291,93145
gbrt,public,crsp,1998,0.0049149394,93145
gbrt,full,crsp,1998,0.005839467,93145
nn1,public,crsp,1998,0.0030112863,93145
nn2,public,crsp,1998,0.004646778,93145
nn3,public,crsp,1998,0.0048155785,93145
nn1,full,crsp,1998,0.006400764,93145
nn2,full,crsp,1998,0.007425189,93145
nn3,full,crsp,1998,0.008367002,93145
enet,public,crsp,1998,0.0012511611,93145
pcr,public,crsp,1998,0.00115484,93145
pls,public,crsp,1998,0.001161933,93145
enet,full,crsp,1998,0.0028486848,93145
pcr,full,crsp,1998,0.000626564,93145
pls,full,crsp,1998,0.0028992295,93145
huber,public,crsp,1999,-0.0016692877,87037
gbrth,public,crsp,1999,-0.012856245,87037
huber,full,crsp,1999,-0.0012755394,87037
gbrth,full,crsp,1999,-0.01737082,87037
gbrt,public,crsp,1999,0.0056673884,87037
gbrt,full,crsp,1999,0.002430141,87037
nn1,public,crsp,1999,0.00261873,87037
nn2,public,crsp,1999,0.0026268363,87037
nn3,public,crsp,1999,0.002968192,87037
nn1,full,crsp,1999,0.004409611,87037
nn2,full,crsp,1999,0.0060269237,87037
nn3,full,crsp,1999,0.005035877,87037
enet,public,crsp,1999,-0.0012658834,87037
pcr,public,crsp,1999,-0.0014283657,87037
pls,public,crsp,1999,-0.0012944937,87037
enet,full,crsp,1999,-0.0012710094,87037
pcr,full,crsp,1999,-0.0018467903,87037
pls,full,crsp,1999,-0.0015159845,87037
huber,public,crsp,2000,-0.001912117,84387
gbrth,public,crsp,2000,0.0053206086,84387
huber,full,crsp,2000,0.0039850473,84387
gbrth,full,crsp,2000,0.009079814,84387
gbrt,public,crsp,2000,-0.00015985966,84387
gbrt,full,crsp,2000,0.0017499924,84387
nn1,public,crsp,2000,-0.0016264915,84387
nn2,public,crsp,2000,-0.0011155605,84387
nn3,public,crsp,2000,-0.00013816357,84387
nn1,full,crsp,2000,0.0069158077,84387
nn2,full,crsp,2000,0.0069753528,84387
nn3,full,crsp,2000,0.0072838664,84387
enet,public,crsp,2000,-0.0018103123,84387
pcr,public,crsp,2000,-0.00119102,84387
pls,public,crsp,2000,-0.0015063286,84387
enet,full,crsp,2000,0.004259944,84387
pcr,full,crsp,2000,0.001767695,84387
pls,full,crsp,2000,0.004101217,84387
huber,public,crsp,2001,0.0081532,77349
gbrth,public,crsp,2001,-0.0019651651,77349
huber,full,crsp,2001,0.012241125,77349
gbrth,full,crsp,2001,-0.00077295303,77349
gbrt,public,crsp,2001,0.01123178,77349
gbrt,full,crsp,2001,0.013228893,77349
nn1,public,crsp,2001,0.012611151,77349
nn2,public,crsp,2001,0.013937175,77349
nn3,public,crsp,2001,0.014091015,77349
nn1,full,crsp,2001,0.019720078,77349
nn2,full,crsp,2001,0.021600246,77349
nn3,full,crsp,2001,0.022461474,77349
enet,public,crsp,2001,0.00775367,77349
pcr,public,crsp,2001,0.007306695,77349
pls,public,crsp,2001,0.007812858,77349
enet,full,crsp,2001,0.011571944,77349
pcr,full,crsp,2001,0.0059363246,77349
pls,full,crsp,2001,0.012177885,77349
huber,public,crsp,2002,0.005530834,70332
gbrth,public,crsp,2002,0.011235714,70332
huber,full,crsp,2002,0.008506775,70332
gbrth,full,crsp,2002,0.01272732,70332
gbrt,public,crsp,2002,0.003650844,70332
gbrt,full,crsp,2002,0.013594449,70332
nn1,public,crsp,2002,0.005515456,70332
nn2,public,crsp,2002,0.0058020353,70332
nn3,public,crsp,2002,0.00758636,70332
nn1,full,crsp,2002,0.006341517,70332
nn2,full,crsp,2002,0.0068124533,70332
nn3,full,crsp,2002,0.0056928396,70332
enet,public,crsp,2002,0.004990399,70332
pcr,public,crsp,2002,0.0037775636,70332
pls,public,crsp,2002,0.004933834,70332
enet,full,crsp,2002,0.008776426,70332
pcr,full,crsp,2002,0.006722808,70332
pls,full,crsp,2002,0.0089221,70332
huber,public,crsp,2003,0.008942068,65023
gbrth,public,crsp,2003,-0.03648424,65023
huber,full,crsp,2003,0.008749604,65023
gbrth,full,crsp,2003,-0.04307723,65023
gbrt,public,crsp,2003,0.00087726116,65023
gbrt,full,crsp,2003,0.0053471327,65023
nn1,public,crsp,2003,0.010382235,65023
nn2,public,crsp,2003,0.0102548,65023
nn3,public,crsp,2003,0.010934651,65023
nn1,full,crsp,2003,0.011318505,65023
nn2,full,crsp,2003,0.016384423,65023
nn3,full,crsp,2003,0.01564914,65023
enet,public,crsp,2003,0.009330511,65023
pcr,public,crsp,2003,0.0087304115,65023
pls,public,crsp,2003,0.009632826,65023
enet,full,crsp,2003,0.007907033,65023
pcr,full,crsp,2003,0.00868535,65023
pls,full,crsp,2003,0.008224785,65023
huber,public,crsp,2004,0.007324338,62956
gbrth,public,crsp,2004,-0.0077320337,62956
huber,full,crsp,2004,0.0074024796,62956
gbrth,full,crsp,2004,-0.0049016476,62956
gbrt,public,crsp,2004,0.01672399,62956
gbrt,full,crsp,2004,0.020180583,62956
nn1,public,crsp,2004,0.008625209,62956
nn2,public,crsp,2004,0.00887084,62956
nn3,public,crsp,2004,0.0079241395,62956
nn1,full,crsp,2004,0.008393824,62956
nn2,full,crsp,2004,0.008095205,62956
nn3,full,crsp,2004,0.010753691,62956
enet,public,crsp,2004,0.0076764226,62956
pcr,public,crsp,2004,0.0077302456,62956
pls,public,crsp,2004,0.0071641803,62956
enet,full,crsp,2004,0.008167982,62956
pcr,full,crsp,2004,0.006541133,62956
pls,full,crsp,2004,0.008048415,62956
huber,public,crsp,2005,-0.00057566166,62481
gbrth,public,crsp,2005,-0.00042629242,62481
huber,full,crsp,2005,-0.00079238415,62481
gbrth,full,crsp,2005,-0.0059244633,62481
gbrt,public,crsp,2005,-0.0020916462,62481
gbrt,full,crsp,2005,-0.010560274,62481
nn1,public,crsp,2005,-0.0101825,62481
nn2,public,crsp,2005,-0.0064023733,62481
nn3,public,crsp,2005,-0.0097510815,62481
nn1,full,crsp,2005,-0.008187056,62481
nn2,full,crsp,2005,-0.012359381,62481
nn3,full,crsp,2005,-0.010217428,62481
enet,public,crsp,2005,-4.4822693e-05,62481
pcr,public,crsp,2005,0.0003374219,62481
pls,public,crsp,2005,-0.00069105625,62481
enet,full,crsp,2005,0.0005978942,62481
pcr,full,crsp,2005,0.00030857325,62481
pls,full,crsp,2005,-0.0003888607,62481
huber,public,crsp,2006,0.0014910102,61681
gbrth,public,crsp,2006,-0.022480726,61681
huber,full,crsp,2006,0.0004876256,61681
gbrth,full,crsp,2006,-0.026163816,61681
gbrt,public,crsp,2006,-0.00859189,61681
gbrt,full,crsp,2006,-0.0055270195,61681
nn1,public,crsp,2006,-0.0005532503,61681
nn2,public,crsp,2006,-0.0006188154,61681
nn3,public,crsp,2006,-0.0025414228,61681
nn1,full,crsp,2006,-0.002854228,61681
nn2,full,crsp,2006,-0.00387609,61681
nn3,full,crsp,2006,-0.0018405914,61681
enet,public,crsp,2006,0.002175033,61681
pcr,public,crsp,2006,0.0025117397,61681
pls,public,crsp,2006,0.0016434193,61681
enet,full,crsp,2006,0.001506269,61681
pcr,full,crsp,2006,0.0017385483,61681
pls,full,crsp,2006,0.00089269876,61681
huber,public,crsp,2007,-0.012855172,60827
gbrth,public,crsp,2007,-0.016205668,60827
huber,full,crsp,2007,-0.014082432,60827
gbrth,full,crsp,2007,-0.0198977,60827
gbrt,public,crsp,2007,-0.043768644,60827
gbrt,full,crsp,2007,-0.031089664,60827
nn1,public,crsp,2007,-0.018966556,60827
nn2,public,crsp,2007,-0.020620704,60827
nn3,public,crsp,2007,-0.021030188,60827
nn1,full,crsp,2007,-0.023869157,60827
nn2,full,crsp,2007,-0.024961233,60827
nn3,full,crsp,2007,-0.021655679,60827
enet,public,crsp,2007,-0.012300968,60827
pcr,public,crsp,2007,-0.010591865,60827
pls,public,crsp,2007,-0.012930393,60827
enet,full,crsp,2007,-0.012547374,60827
pcr,full,crsp,2007,-0.010749936,60827
pls,full,crsp,2007,-0.013228178,60827
huber,public,crsp,2008,-0.009974599,59092
gbrth,public,crsp,2008,0.011345983,59092
huber,full,crsp,2008,-0.0034958124,59092
gbrth,full,crsp,2008,0.012549818,59092
gbrt,public,crsp,2008,-0.027372241,59092
gbrt,full,crsp,2008,-0.023188472,59092
nn1,public,crsp,2008,-0.013494015,59092
nn2,public,crsp,2008,-0.014750719,59092
nn3,public,crsp,2008,-0.013048649,59092
nn1,full,crsp,2008,-0.015314341,59092
nn2,full,crsp,2008,-0.016783834,59092
nn3,full,crsp,2008,-0.015455604,59092
enet,public,crsp,2008,-0.010272503,59092
pcr,public,crsp,2008,-0.011869311,59092
pls,public,crsp,2008,-0.010297537,59092
enet,full,crsp,2008,-0.01048696,59092
pcr,full,crsp,2008,-0.011696339,59092
pls,full,crsp,2008,-0.010961533,59092
huber,public,crsp,2009,0.0021092296,55221
gbrth,public,crsp,2009,-0.011711597,55221
huber,full,crsp,2009,0.0019255877,55221
gbrth,full,crsp,2009,-0.011552095,55221
gbrt,public,crsp,2009,0.006096959,55221
gbrt,full,crsp,2009,0.006301999,55221
nn1,public,crsp,2009,0.0043447614,55221
nn2,public,crsp,2009,0.004691839,55221
nn3,public,crsp,2009,0.0047406554,55221
nn1,full,crsp,2009,0.004615009,55221
nn2,full,crsp,2009,0.00494951,55221
nn3,full,crsp,2009,0.0052568913,55221
enet,public,crsp,2009,0.0023040175,55221
pcr,public,crsp,2009,0.0028045774,55221
pls,public,crsp,2009,0.002646923,55221
enet,full,crsp,2009,0.0023775697,55221
pcr,full,crsp,2009,0.0030799508,55221
pls,full,crsp,2009,0.0023357868,55221
huber,public,crsp,2010,0.009732664,53160
gbrth,public,crsp,2010,-0.011666775,53160
huber,full,crsp,2010,0.009074688,53160
gbrth,full,crsp,2010,-0.012098193,53160
gbrt,public,crsp,2010,0.01514107,53160
gbrt,full,crsp,2010,0.013622165,53160
nn1,public,crsp,2010,0.01266861,53160
nn2,public,crsp,2010,0.0112784505,53160
nn3,public,crsp,2010,0.012029946,53160
nn1,full,crsp,2010,0.01148504,53160
nn2,full,crsp,2010,0.010931194,53160
nn3,full,crsp,2010,0.009632349,53160
enet,public,crsp,2010,0.00995487,53160
pcr,public,crsp,2010,0.010607362,53160
pls,public,crsp,2010,0.00987643,53160
enet,full,crsp,2010,0.009713948,53160
pcr,full,crsp,2010,0.0100981,53160
pls,full,crsp,2010,0.009286284,53160
huber,public,crsp,2011,-0.001376152,51655
gbrth,public,crsp,2011,0.0044896603,51655
huber,full,crsp,2011,-0.0017950535,51655
gbrth,full,crsp,2011,0.0072799325,51655
gbrt,public,crsp,2011,-0.0018466711,51655
gbrt,full,crsp,2011,-0.00050520897,51655
nn1,public,crsp,2011,-0.0068598986,51655
nn2,public,crsp,2011,-0.0046328306,51655
nn3,public,crsp,2011,-0.004974127,51655
nn1,full,crsp,2011,-0.007221818,51655
nn2,full,crsp,2011,-0.004685521,51655
nn3,full,crsp,2011,-0.0048168898,51655
enet,public,crsp,2011,-0.004926324,51655
pcr,public,crsp,2011,-0.0054057837,51655
pls,public,crsp,2011,-0.0037462711,51655
enet,full,crsp,2011,-0.0009949207,51655
pcr,full,crsp,2011,-0.0026714802,51655
pls,full,crsp,2011,-0.0033365488,51655
huber,public,crsp,2012,0.0011460781,50162
gbrth,public,crsp,2012,-0.011057377,50162
huber,full,crsp,2012,0.00049084425,50162
gbrth,full,crsp,2012,-0.011173129,50162
gbrt,public,crsp,2012,0.010412276,50162
gbrt,full,crsp,2012,0.009185195,50162
nn1,public,crsp,2012,0.0045143366,50162
nn2,public,crsp,2012,0.005543053,50162
nn3,public,crsp,2012,0.005755961,50162
nn1,full,crsp,2012,0.003897071,50162
nn2,full,crsp,2012,0.0043736696,50162
nn3,full,crsp,2012,0.004314363,50162
enet,public,crsp,2012,0.0061197877,50162
pcr,public,crsp,2012,0.0061112046,50162
pls,public,crsp,2012,0.0065271854,50162
enet,full,crsp,2012,0.0061241984,50162
pcr,full,crsp,2012,0.005784452,50162
pls,full,crsp,2012,0.0055514574,50162
huber,public,crsp,2013,0.0066974163,49148
gbrth,public,crsp,2013,-0.024534345,49148
huber,full,crsp,2013,0.0077958703,49148
gbrth,full,crsp,2013,-0.027508736,49148
gbrt,public,crsp,2013,0.012080073,49148
gbrt,full,crsp,2013,0.012047172,49148
nn1,public,crsp,2013,0.016094804,49148
nn2,public,crsp,2013,0.013197422,49148
nn3,public,crsp,2013,0.016921878,49148
nn1,full,crsp,2013,0.01891017,49148
nn2,full,crsp,2013,0.018810093,49148
nn3,full,crsp,2013,0.017256618,49148
enet,public,crsp,2013,0.014159203,49148
pcr,public,crsp,2013,0.01351881,49148
pls,public,crsp,2013,0.013434172,49148
enet,full,crsp,2013,0.013997734,49148
pcr,full,crsp,2013,0.013524711,49148
pls,full,crsp,2013,0.013260901,49148
huber,public,crsp,2014,-0.0053315163,50334
gbrth,public,crsp,2014,-0.0039595366,50334
huber,full,crsp,2014,-0.0047882795,50334
gbrth,full,crsp,2014,-0.003323555,50334
gbrt,public,crsp,2014,-0.00044691563,50334
gbrt,full,crsp,2014,0.000264287,50334
nn1,public,crsp,2014,-0.005333662,50334
nn2,public,crsp,2014,-0.005323887,50334
nn3,public,crsp,2014,-0.003721714,50334
nn1,full,crsp,2014,-0.0050626993,50334
nn2,full,crsp,2014,-0.004529834,50334
nn3,full,crsp,2014,-0.0047534704,50334
enet,public,crsp,2014,-0.0007593632,50334
pcr,public,crsp,2014,0.00095897913,50334
pls,public,crsp,2014,0.0006893873,50334
enet,full,crsp,2014,-0.0005925894,50334
pcr,full,crsp,2014,0.0010790229,50334
pls,full,crsp,2014,0.0010170937,50334
huber,public,crsp,2015,-0.0010011196,51314
gbrth,public,crsp,2015,0.0034303665,51314
huber,full,crsp,2015,-0.0009609461,51314
gbrth,full,crsp,2015,0.0038948655,51314
gbrt,public,crsp,2015,0.00053173304,51314
gbrt,full,crsp,2015,-0.0015312433,51314
nn1,public,crsp,2015,-0.0020132065,51314
nn2,public,crsp,2015,-0.001907587,51314
nn3,public,crsp,2015,-0.0012495518,51314
nn1,full,crsp,2015,-0.0011466742,51314
nn2,full,crsp,2015,-0.0012372732,51314
nn3,full,crsp,2015,-0.0011986494,51314
enet,public,crsp,2015,-0.00073230267,51314
pcr,public,crsp,2015,-0.0034766197,51314
pls,public,crsp,2015,-0.0028413534,51314
enet,full,crsp,2015,-0.0019161701,51314
pcr,full,crsp,2015,-0.003587842,51314
pls,full,crsp,2015,-0.0027531385,51314
huber,public,crsp,2016,0.004065931,50191
gbrth,public,crsp,2016,-0.0062966347,50191
huber,full,crsp,2016,0.0037645102,50191
gbrth,full,crsp,2016,-0.0050531626,50191
gbrt,public,crsp,2016,0.0028026104,50191
gbrt,full,crsp,2016,0.004790604,50191
nn1,public,crsp,2016,0.002195835,50191
nn2,public,crsp,2016,0.001998663,50191
nn3,public,crsp,2016,0.0034127235,50191
nn1,full,crsp,2016,0.0013064146,50191
nn2,full,crsp,2016,0.0019263029,50191
nn3,full,crsp,2016,0.0029084682,50191
enet,public,crsp,2016,0.0049552917,50191
pcr,public,crsp,2016,0.005007148,50191
pls,public,crsp,2016,0.0067877173,50191
enet,full,crsp,2016,0.0053676963,50191
pcr,full,crsp,2016,0.006588578,50191
pls,full,crsp,2016,0.006280184,50191
huber,public,crsp,2017,0.00073063374,49418
gbrth,public,crsp,2017,-0.0012317896,49418
huber,full,crsp,2017,0.0004994869,49418
gbrth,full,crsp,2017,-0.0023549795,49418
gbrt,public,crsp,2017,0.00033074617,49418
gbrt,full,crsp,2017,0.00028169155,49418
nn1,public,crsp,2017,-0.00014185905,49418
nn2,public,crsp,2017,0.0014516711,49418
nn3,public,crsp,2017,0.0017103553,49418
nn1,full,crsp,2017,0.0001887083,49418
nn2,full,crsp,2017,0.0007991791,49418
nn3,full,crsp,2017,0.0005437732,49418
enet,public,crsp,2017,0.0031484962,49418
pcr,public,crsp,2017,0.001614809,49418
pls,public,crsp,2017,0.00081294775,49418
enet,full,crsp,2017,0.0033769608,49418
pcr,full,crsp,2017,0.0015624762,49418
pls,full,crsp,2017,0.00096809864,49418
huber,public,crsp,2018,-0.010163784,49685
gbrth,public,crsp,2018,0.0064510107,49685
huber,full,crsp,2018,-0.010819435,49685
gbrth,full,crsp,2018,0.006249726,49685
gbrt,public,crsp,2018,-0.0027235746,49685
gbrt,full,crsp,2018,-0.008110523,49685
nn1,public,crsp,2018,-0.010165453,49685
nn2,public,crsp,2018,-0.009560704,49685
nn3,public,crsp,2018,-0.0079910755,49685
nn1,full,crsp,2018,-0.009837508,49685
nn2,full,crsp,2018,-0.009900928,49685
nn3,full,crsp,2018,-0.009052515,49685
enet,public,crsp,2018,-0.0068353415,49685
pcr,public,crsp,2018,-0.0046088696,49685
pls,public,crsp,2018,-0.0053128004,49685
enet,full,crsp,2018,-0.0069613457,49685
pcr,full,crsp,2018,-0.004531622,49685
pls,full,crsp,2018,-0.005099654,49685
huber,public,crsp,2019,0.00015199184,49975
gbrth,public,crsp,2019,-0.0066188574,49975
huber,full,crsp,2019,0.00010544062,49975
gbrth,full,crsp,2019,-0.0062679052,49975
gbrt,public,crsp,2019,0.0028395653,49975
gbrt,full,crsp,2019,0.0030513406,49975
nn1,public,crsp,2019,0.0017862916,49975
nn2,public,crsp,2019,0.0021429062,49975
nn3,public,crsp,2019,0.0031151175,49975
nn1,full,crsp,2019,0.0017797351,49975
nn2,full,crsp,2019,0.002298355,49975
nn3,full,crsp,2019,0.0014678836,49975
enet,public,crsp,2019,0.0031524897,49975
pcr,public,crsp,2019,0.0025274158,49975
pls,public,crsp,2019,0.0020508766,49975
enet,full,crsp,2019,0.0030790567,49975
pcr,full,crsp,2019,0.002514124,49975
pls,full,crsp,2019,0.0020514727,49975
huber,public,crsp,2020,0.00021767616,50252
gbrth,public,crsp,2020,-0.009323478,50252
huber,full,crsp,2020,-0.004604578,50252
gbrth,full,crsp,2020,-0.009675741,50252
gbrt,public,crsp,2020,0.002323687,50252
gbrt,full,crsp,2020,0.001796782,50252
nn1,public,crsp,2020,0.002143383,50252
nn2,public,crsp,2020,0.0008755326,50252
nn3,public,crsp,2020,0.0017679334,50252
nn1,full,crsp,2020,0.0033166409,50252
nn2,full,crsp,2020,0.0022963881,50252
nn3,full,crsp,2020,0.0016579032,50252
enet,public,crsp,2020,0.0018721819,50252
pcr,public,crsp,2020,0.00042831898,50252
pls,public,crsp,2020,-0.00047445297,50252
enet,full,crsp,2020,0.00211519,50252
pcr,full,crsp,2020,0.00044739246,50252
pls,full,crsp,2020,-0.00039982796,50252
huber,public,crsp,2021,0.0040341616,58388
gbrth,public,crsp,2021,0.00029665232,58388
huber,full,crsp,2021,0.0040341616,58388
gbrth,full,crsp,2021,0.00029665232,58388
gbrt,public,crsp,2021,0.0029921532,58388
gbrt,full,crsp,2021,0.0029921532,58388
nn1,public,crsp,2021,0.003923595,58388
nn2,public,crsp,2021,0.0035268068,58388
nn3,public,crsp,2021,0.0037283301,58388
nn1,full,crsp,2021,0.003923595,58388
nn2,full,crsp,2021,0.0035268068,58388
nn3,full,crsp,2021,0.0037283301,58388
enet,public,crsp,2021,0.004048407,58388
pcr,public,crsp,2021,0.0021533966,58388
pls,public,crsp,2021,0.005816102,58388
enet,full,crsp,2021,0.004048407,58388
pcr,full,crsp,2021,0.0021533966,58388
pls,full,crsp,2021,0.005816102,58388
huber,public,crsp,2022,-0.002323866,65217
gbrth,public,crsp,2022,0.016966522,65217
huber,full,crsp,2022,-0.002323866,65217
gbrth,full,crsp,2022,0.016966522,65217
gbrt,public,crsp,2022,-0.003115058,65217
gbrt,full,crsp,2022,-0.003115058,65217
nn1,public,crsp,2022,0.0013532043,65217
nn2,public,crsp,2022,0.004041314,65217
nn3,public,crsp,2022,0.0025801659,65217
nn1,full,crsp,2022,0.0013532043,65217
nn2,full,crsp,2022,0.004041314,65217
nn3,full,crsp,2022,0.0025801659,65217
enet,public,crsp,2022,-0.0031017065,65217
pcr,public,crsp,2022,-0.0013716221,65217
pls,public,crsp,2022,1.859665e-05,65217
enet,full,crsp,2022,-0.0031017065,65217
pcr,full,crsp,2022,-0.0013716221,65217
pls,full,crsp,2022,1.859665e-05,65217
huber,public,crsp,2023,0.0016986132,61666
gbrth,public,crsp,2023,0.0011059642,61666
huber,full,crsp,2023,0.0016986132,61666
gbrth,full,crsp,2023,0.0011059642,61666
gbrt,public,crsp,2023,0.004237473,61666
gbrt,full,crsp,2023,0.004237473,61666
nn1,public,crsp,2023,0.0031185746,61666
nn2,public,crsp,2023,0.0037968159,61666
nn3,public,crsp,2023,0.0039895773,61666
nn1,full,crsp,2023,0.0031185746,61666
nn2,full,crsp,2023,0.0037968159,61666
nn3,full,crsp,2023,0.0039895773,61666
enet,public,crsp,2023,0.0013003349,61666
pcr,public,crsp,2023,0.000859499,61666
pls,public,crsp,2023,0.0011300445,61666
enet,full,crsp,2023,0.0013003349,61666
pcr,full,crsp,2023,0.000859499,61666
pls,full,crsp,2023,0.0011300445,61666
huber,public,crsp,2024,0.00036782026,58372
gbrth,public,crsp,2024,0.001045227,58372
huber,full,crsp,2024,0.00036782026,58372
gbrth,full,crsp,2024,0.001045227,58372
gbrt,public,crsp,2024,-0.0010794401,58372
gbrt,full,crsp,2024,-0.0010794401,58372
nn1,public,crsp,2024,0.0007638335,58372
nn2,public,crsp,2024,0.0012198687,58372
nn3,public,crsp,2024,0.0012001991,58372
nn1,full,crsp,2024,0.0007638335,58372
nn2,full,crsp,2024,0.0012198687,58372
nn3,full,crsp,2024,0.0012001991,58372
enet,public,crsp,2024,0.0006085038,58372
pcr,public,crsp,2024,0.0002744794,58372
pls,public,crsp,2024,0.00041770935,58372
enet,full,crsp,2024,0.0006085038,58372
pcr,full,crsp,2024,0.0002744794,58372
pls,full,crsp,2024,0.00041770935,58372
