model,set,benchmark,dm_t
gbrth,public,huber,-2.238377809524536
huber,full,huber_public,1.4617606401443481
gbrth,full,huber,-2.6774439811706543
gbrth,full,gbrth_public,-1.3296552896499634
gbrt,public,huber,1.0564913749694824
gbrt,full,huber,1.0296475887298584
gbrt,full,gbrt_public,1.1795718669891357
nn1,public,huber,2.6556334495544434
nn2,public,huber,2.8382880687713623
nn3,public,huber,3.4697132110595703
nn1,full,huber,2.3813538551330566
nn1,full,nn1_public,2.2912819385528564
nn2,full,huber,2.7347347736358643
nn2,full,nn2_public,2.4289774894714355
nn3,full,huber,3.0673530101776123
nn3,full,nn3_public,2.0858216285705566
enet,public,huber,2.187730312347412
pcr,public,huber,1.2525767087936401
pls,public,huber,2.474135160446167
enet,full,huber,1.7314198017120361
enet,full,enet_public,2.4573974609375
pcr,full,huber,-0.15136682987213135
pcr,full,pcr_public,1.9984828233718872
pls,full,huber,1.7993241548538208
pls,full,pls_public,2.051018714904785
