model,set,weighting,universe,size_grp,traded_weight_share,quoted_share_of_traded,full_spread_used,full_spread_cs
huber,public,ew,all,large,0.10354971619666502,0.9917836335758292,0.0036669902144265245,0.008795917148752181
huber,public,ew,all,left_universe,0.007685658251054697,0.0,0.011636431697617562,0.014347270142245601
huber,public,ew,all,mega,0.04603380322705466,0.9883034128052697,0.002447406938948297,0.007431656014059002
huber,public,ew,all,micro,0.4510713023161476,0.994390719200818,0.020821858753720338,0.017919681022048044
huber,public,ew,all,nano,0.1895936692747758,0.9939747460707008,0.05728278663653695,0.03587318673340312
huber,public,ew,all,small,0.20205828668059037,0.9946104649399855,0.006144902985237572,0.011302438869644622
huber,public,ew,all,<NA>,7.56405371191029e-06,0.0,0.00429567494049364,0.012471296578928346
huber,public,ew,ex_small,large,0.2892558243020425,0.9921248508507319,0.004114622674900558,0.008491906916606848
huber,public,ew,ex_small,left_universe,0.02774012951674962,0.0,0.004902653972033255,0.009195433156748211
huber,public,ew,ex_small,mega,0.1299358759563076,0.9900570628758341,0.0026251002713981223,0.007177943221645992
huber,public,ew,ex_small,small,0.553028666294562,0.9936481482980083,0.006858695453633316,0.011065760122697553
huber,public,ew,ex_small,<NA>,3.950393033827269e-05,0.0,0.003305012028898777,0.007446893746154324
huber,public,vw,all,large,0.21483257412910461,0.9917345643043518,0.004325494170188904,0.008791020140051842
huber,public,vw,all,left_universe,0.002264537615701556,0.0,0.013156993314623833,0.015067179687321186
huber,public,vw,all,mega,0.591336190700531,0.9918158054351807,0.0024474598467350006,0.007072177715599537
huber,public,vw,all,micro,0.06371751427650452,0.9948265552520752,0.017824627459049225,0.016357524320483208
huber,public,vw,all,nano,0.0039660315960645676,0.9946297407150269,0.04963377118110657,0.031518787145614624
huber,public,vw,all,small,0.12388313561677933,0.9935512542724609,0.007088548969477415,0.011100436560809612
huber,public,vw,all,<NA>,0.0,,,
huber,public,vw,ex_small,large,0.21194122731685638,0.9915731549263,0.004385297652333975,0.008508672006428242
huber,public,vw,ex_small,left_universe,0.004370367620140314,0.0,0.005391937680542469,0.009177125059068203
huber,public,vw,ex_small,mega,0.6748835444450378,0.9925278425216675,0.0024833728093653917,0.006958692334592342
huber,public,vw,ex_small,small,0.10880492627620697,0.9930453300476074,0.007217653561383486,0.010747798718512058
huber,public,vw,ex_small,<NA>,0.0,,,
gbrth,public,ew,all,large,0.11840311881741379,0.9920808578601173,0.0033911015617694292,0.007532598852218591
gbrth,public,ew,all,left_universe,0.011657217237313236,0.0,0.0152037374629283,0.015625042104733283
gbrth,public,ew,all,mega,0.07369544703418439,0.9915264979355591,0.001698126983310023,0.006113084352521773
gbrth,public,ew,all,micro,0.3994004440054103,0.9938142239473243,0.02316583840653511,0.019742615709847353
gbrth,public,ew,all,nano,0.2245579822590702,0.991569475034434,0.06790206886307164,0.04279166966390735
gbrth,public,ew,all,small,0.1722770866602734,0.9941151728776708,0.006893792267093912,0.010805718595623508
gbrth,public,ew,all,<NA>,8.703986334610942e-06,0.0,0.025763605955746838,0.018178374029307578
gbrth,public,ew,ex_small,large,0.2835286173423523,0.991110213769416,0.0040040583223026225,0.00826942509710884
gbrth,public,ew,ex_small,left_universe,0.044892903553603924,0.0,0.004857447612498323,0.009255607517720994
gbrth,public,ew,ex_small,mega,0.14171511863486935,0.9902281988157661,0.002054439787711883,0.00654495344399714
gbrth,public,ew,ex_small,small,0.5295959780461323,0.9917860013245958,0.007428281577897445,0.011425025084609486
gbrth,public,ew,ex_small,<NA>,0.0002673824230420689,0.0,0.00799999062486166,0.009476673644163498
gbrth,public,vw,all,large,0.18760563433170319,0.9963168501853943,0.004722547251731157,0.012549955397844315
gbrth,public,vw,all,left_universe,0.00485523696988821,0.0,0.012606739066541195,0.01572415977716446
gbrth,public,vw,all,mega,0.3946070969104767,0.9920483231544495,0.00258802343159914,0.007401478011161089
gbrth,public,vw,all,micro,0.2036738395690918,0.995637059211731,0.018991852179169655,0.021837731823325157
gbrth,public,vw,all,nano,0.02241748385131359,0.9936401844024658,0.05079380422830582,0.03658509626984596
gbrth,public,vw,all,small,0.1868406981229782,0.9966145157814026,0.007958590053021908,0.016215158626437187
gbrth,public,vw,all,<NA>,0.0,,,
gbrth,public,vw,ex_small,large,0.2393827736377716,0.993232011795044,0.004156556911766529,0.009981394745409489
gbrth,public,vw,ex_small,left_universe,0.011578056961297989,0.0,0.0045122504234313965,0.009329705499112606
gbrth,public,vw,ex_small,mega,0.5827630758285522,0.9906781315803528,0.002377500059083104,0.007287453394383192
gbrth,public,vw,ex_small,small,0.16627606749534607,0.9928135871887207,0.006910829339176416,0.012633156031370163
gbrth,public,vw,ex_small,<NA>,0.0,,,
huber,full,ew,all,large,0.10418493677627001,0.9911758528550213,0.0037150962485324813,0.008630818133872176
huber,full,ew,all,left_universe,0.0082801192050572,0.0,0.01218296670593562,0.014346861627284322
huber,full,ew,all,mega,0.046924464816938925,0.9901713126139976,0.0023252465963057847,0.007327794245843957
huber,full,ew,all,micro,0.4507193432310221,0.9939707834016308,0.02034957037402938,0.017609134299941556
huber,full,ew,all,nano,0.1886988152716227,0.9931975935467259,0.05723919304825732,0.036045937325704394
huber,full,ew,all,small,0.20116100541871126,0.9938145441440426,0.006290508093613871,0.011086485939306709
huber,full,ew,all,<NA>,3.1315280377876204e-05,0.0,0.01643763842633789,0.016030640311264846
huber,full,ew,ex_small,large,0.29258480611544985,0.9909835821724657,0.004117623869462174,0.008323533754729266
huber,full,ew,ex_small,left_universe,0.027802689321633437,0.0,0.00498246606228462,0.008966031387218357
huber,full,ew,ex_small,mega,0.13261338605343923,0.9895162100706957,0.002584492037316771,0.007063361970231725
huber,full,ew,ex_small,small,0.5469099562519262,0.9934533658934963,0.006876746769737392,0.010895956278436604
huber,full,ew,ex_small,<NA>,8.916225755127277e-05,0.0,0.0074465262123986865,0.009567835035617894
huber,full,vw,all,large,0.21081185340881348,0.9919074177742004,0.004164174664765596,0.008772884495556355
huber,full,vw,all,left_universe,0.0026955860666930676,0.0,0.012992706149816513,0.014596686698496342
huber,full,vw,all,mega,0.6094239354133606,0.9920932650566101,0.0024486116599291563,0.0070068612694740295
huber,full,vw,all,micro,0.05730265751481056,0.9955054521560669,0.016758855432271957,0.01655694842338562
huber,full,vw,all,nano,0.0034495440777391195,0.9950227737426758,0.04901332035660744,0.03231732174754143
huber,full,vw,all,small,0.11631640791893005,0.9941801428794861,0.006835061125457287,0.011269139125943184
huber,full,vw,all,<NA>,0.0,,,
huber,full,vw,ex_small,large,0.20732848346233368,0.9913854598999023,0.004262141417711973,0.00839338731020689
huber,full,vw,ex_small,left_universe,0.004336977377533913,0.0,0.005366845987737179,0.008714097552001476
huber,full,vw,ex_small,mega,0.6862110495567322,0.9908118844032288,0.0024124972987920046,0.006848548073321581
huber,full,vw,ex_small,small,0.10212352126836777,0.9936977028846741,0.006989103276282549,0.010713499039411545
huber,full,vw,ex_small,<NA>,0.0,,,
gbrth,full,ew,all,large,0.12424681477190679,0.9912656531511672,0.0035546019100036012,0.007475565185648229
gbrth,full,ew,all,left_universe,0.010933092496960053,0.0,0.014718128357895684,0.01526760872503699
gbrth,full,ew,all,mega,0.07850140510491836,0.9905292334051456,0.0019957285838825977,0.006064199014441324
gbrth,full,ew,all,micro,0.3950050089191949,0.9938647377065841,0.022923506396971025,0.01966162754644661
gbrth,full,ew,all,nano,0.21653155063275714,0.9922953655227931,0.06576286883444335,0.041845312349113435
gbrth,full,ew,all,small,0.17477034639223654,0.9939644653800103,0.0068135090505438735,0.010765485811308555
gbrth,full,ew,all,<NA>,1.1781682026025467e-05,0.0,0.01914651606001769,0.017043220214898583
gbrth,full,ew,ex_small,large,0.2869940855436346,0.9912837269543516,0.004089484919020494,0.008183773112083627
gbrth,full,ew,ex_small,left_universe,0.04451786241621557,0.0,0.004898180697080198,0.009311785295383335
gbrth,full,ew,ex_small,mega,0.14837592419662238,0.9892757191729534,0.002330882263585595,0.0064671240232824535
gbrth,full,ew,ex_small,small,0.5198958755795865,0.9923958701191133,0.007394151223683184,0.011449060449508655
gbrth,full,ew,ex_small,<NA>,0.00021625226394111284,0.0,0.007376269130085572,0.008808258161117567
gbrth,full,vw,all,large,0.183614119887352,0.9956588745117188,0.004411861766129732,0.012961000204086304
gbrth,full,vw,all,left_universe,0.004230552818626165,0.0,0.014446107670664787,0.015670238062739372
gbrth,full,vw,all,mega,0.4049514830112457,0.9894891381263733,0.0027407777961343527,0.007297579664736986
gbrth,full,vw,all,micro,0.20190875232219696,0.9961960315704346,0.019647648558020592,0.02234177105128765
gbrth,full,vw,all,nano,0.022282157093286514,0.9936985373497009,0.05408339202404022,0.03837483376264572
gbrth,full,vw,all,small,0.1830129474401474,0.9973313212394714,0.007685906253755093,0.016631996259093285
gbrth,full,vw,all,<NA>,0.0,,,
gbrth,full,vw,ex_small,large,0.23786082863807678,0.9940043091773987,0.004220126662403345,0.010275591164827347
gbrth,full,vw,ex_small,left_universe,0.011812137439846992,0.0,0.004863845184445381,0.009444022551178932
gbrth,full,vw,ex_small,mega,0.5852181315422058,0.9895398020744324,0.0025595477782189846,0.007277407683432102
gbrth,full,vw,ex_small,small,0.16510900855064392,0.9934064745903015,0.007073061540722847,0.012945352122187614
gbrth,full,vw,ex_small,<NA>,0.0,,,
gbrt,public,ew,all,large,0.06860637456362934,0.9900609441052014,0.00361800861975624,0.009144062351150024
gbrt,public,ew,all,left_universe,0.010655806358479665,0.0,0.01964503682582961,0.01932195537184658
gbrt,public,ew,all,mega,0.03275861742338831,0.988597850530795,0.0018433304045337602,0.006958896550401926
gbrt,public,ew,all,micro,0.44249497036033586,0.9929038244164381,0.023487386287662643,0.020665548307280353
gbrt,public,ew,all,nano,0.29753077559613306,0.9929780459798961,0.060949892748795344,0.03944589400300266
gbrt,public,ew,all,small,0.14788451135001035,0.9927932108611595,0.0069615480574761876,0.012345327393228148
gbrt,public,ew,all,<NA>,6.894434802333285e-05,0.0,0.024861188937676283,0.019942842535048494
gbrt,public,ew,ex_small,large,0.2705395854021073,0.9910439956161247,0.004253493290085391,0.008698829071173027
gbrt,public,ew,ex_small,left_universe,0.0400998660949693,0.0,0.005163262899049413,0.009565097767007645
gbrt,public,ew,ex_small,mega,0.12112935170701182,0.9886885557786225,0.0023748168974301455,0.007028240797463187
gbrt,public,ew,ex_small,small,0.5679709075220063,0.9920410277410805,0.007643186451308472,0.01160280825829392
gbrt,public,ew,ex_small,<NA>,0.0002602892739052045,0.0,0.00824760325654724,0.009535933913387392
gbrt,public,vw,all,large,0.22873105108737946,0.9919131994247437,0.004496796987950802,0.01026379968971014
gbrt,public,vw,all,left_universe,0.003979817032814026,0.0,0.018588900566101074,0.020451484248042107
gbrt,public,vw,all,mega,0.448198527097702,0.9886136651039124,0.0024672034196555614,0.007805514615029097
gbrt,public,vw,all,micro,0.1265687495470047,0.9942706227302551,0.019326044246554375,0.018664788454771042
gbrt,public,vw,all,nano,0.011162764392793179,0.9937340021133423,0.05597914755344391,0.03658706694841385
gbrt,public,vw,all,small,0.1813591867685318,0.9932822585105896,0.007842810824513435,0.012784579768776894
gbrt,public,vw,all,<NA>,0.0,,,
gbrt,public,vw,ex_small,large,0.23466436564922333,0.9923050403594971,0.004557503387331963,0.009269203059375286
gbrt,public,vw,ex_small,left_universe,0.00828617438673973,0.0,0.005455796606838703,0.009845471009612083
gbrt,public,vw,ex_small,mega,0.6067405939102173,0.9883597493171692,0.002541489899158478,0.007248763460665941
gbrt,public,vw,ex_small,small,0.15030887722969055,0.9927492737770081,0.00794599112123251,0.011749058030545712
gbrt,public,vw,ex_small,<NA>,0.0,,,
gbrt,full,ew,all,large,0.06941982935798266,0.992553449902522,0.003845853821686449,0.009000824370171027
gbrt,full,ew,all,left_universe,0.010443176506017239,0.0,0.019771275158054602,0.01957761085037772
gbrt,full,ew,all,mega,0.032586183301245436,0.9929747640528281,0.002078168329260676,0.006720226490809242
gbrt,full,ew,all,micro,0.440022791271344,0.9932556110962488,0.023223375373881337,0.02063975628808879
gbrt,full,ew,all,nano,0.2994622966801054,0.9929426466791783,0.06258491233830465,0.04043599184119031
gbrt,full,ew,all,small,0.14803458899233835,0.9932997900974591,0.007068756732694322,0.012378569449625176
gbrt,full,ew,all,<NA>,3.1133890966943786e-05,0.0,0.0211016769753882,0.019753968720638265
gbrt,full,ew,ex_small,large,0.2754889815701544,0.990777558558294,0.004371529968667892,0.008598426800934762
gbrt,full,ew,ex_small,left_universe,0.038517153421107536,0.0,0.005117806271354255,0.009591973315201787
gbrt,full,ew,ex_small,mega,0.1231255821412889,0.9915158083612121,0.002586409832545112,0.00690800476536257
gbrt,full,ew,ex_small,small,0.5626834894054781,0.991988919624566,0.007424314043430611,0.011642480077609372
gbrt,full,ew,ex_small,<NA>,0.0001847934619710693,0.0,0.006626917022145314,0.008828641990459643
gbrt,full,vw,all,large,0.23065076768398285,0.9932495951652527,0.004264418967068195,0.010472907684743404
gbrt,full,vw,all,left_universe,0.0037366000469774008,0.0,0.018008925020694733,0.02070045657455921
gbrt,full,vw,all,mega,0.4680868089199066,0.9895998239517212,0.002751848893240094,0.007564346306025982
gbrt,full,vw,all,micro,0.11539898067712784,0.9953709244728088,0.018005158752202988,0.01913934201002121
gbrt,full,vw,all,nano,0.009641916491091251,0.9941827058792114,0.052126046270132065,0.035411152988672256
gbrt,full,vw,all,small,0.17248494923114777,0.994213879108429,0.007155817933380604,0.013380477204918861
gbrt,full,vw,all,<NA>,0.0,,,
gbrt,full,vw,ex_small,large,0.2339894324541092,0.9916180372238159,0.0043751029297709465,0.009348989464342594
gbrt,full,vw,ex_small,left_universe,0.007858446799218655,0.0,0.005469552241265774,0.009770523756742477
gbrt,full,vw,ex_small,mega,0.6174690127372742,0.9898949861526489,0.0025824340991675854,0.007211309392005205
gbrt,full,vw,ex_small,small,0.1406831592321396,0.9925404787063599,0.007075570058077574,0.011985918506979942
gbrt,full,vw,ex_small,<NA>,0.0,,,
nn1,public,ew,all,large,0.04642598504385382,0.9948324618717396,0.0039020968729424877,0.010281901586331967
nn1,public,ew,all,left_universe,0.009555586764888937,0.0,0.022330738751637293,0.020172054491690173
nn1,public,ew,all,mega,0.012972307669499339,0.9948278681309424,0.0025660675050811596,0.008782421222733946
nn1,public,ew,all,micro,0.49747984745066914,0.9936551085245668,0.023230501187049085,0.019779498955345212
nn1,public,ew,all,nano,0.29586794294092983,0.993284538628588,0.06168786772730458,0.038016259949792755
nn1,public,ew,all,small,0.1376767452853787,0.9943614562298536,0.006663837996936819,0.012537192946220322
nn1,public,ew,all,<NA>,2.1584844780345793e-05,0.0,0.015852632134581046,0.017004608800802026
nn1,public,ew,ex_small,large,0.2514925974984942,0.9931718829947637,0.00418091139435772,0.008930979229654648
nn1,public,ew,ex_small,left_universe,0.04180459502710788,0.0,0.004815339673148451,0.010027661747820292
nn1,public,ew,ex_small,mega,0.09293789034418269,0.9879921941074514,0.0027006111730432576,0.007501199018769783
nn1,public,ew,ex_small,small,0.6136440650342625,0.9941249749380833,0.006895761560894683,0.011397925693651507
nn1,public,ew,ex_small,<NA>,0.00012085209595265203,0.0,0.0033356909047321088,0.009314823291725251
nn1,public,vw,all,large,0.24834713339805603,0.9939963221549988,0.003973772283643484,0.010285284370183945
nn1,public,vw,all,left_universe,0.003909899853169918,0.0,0.021683193743228912,0.020031433552503586
nn1,public,vw,all,mega,0.38119783997535706,0.9928060173988342,0.002547230338677764,0.008362849242985249
nn1,public,vw,all,micro,0.15271855890750885,0.9957990646362305,0.016828628256917,0.017284555360674858
nn1,public,vw,all,nano,0.014617931097745895,0.995585560798645,0.046735141426324844,0.030242251232266426
nn1,public,vw,all,small,0.19920872151851654,0.9947142004966736,0.006518878974020481,0.012300712987780571
nn1,public,vw,all,<NA>,0.0,,,
nn1,public,vw,ex_small,large,0.24597054719924927,0.9947075843811035,0.004034923389554024,0.009347469545900822
nn1,public,vw,ex_small,left_universe,0.007784733548760414,0.0,0.0050561330281198025,0.009937307797372341
nn1,public,vw,ex_small,mega,0.5901243686676025,0.9890298247337341,0.0021898094564676285,0.007301959674805403
nn1,public,vw,ex_small,small,0.15612033009529114,0.994292676448822,0.006516178138554096,0.011516534723341465
nn1,public,vw,ex_small,<NA>,0.0,,,
nn2,public,ew,all,large,0.037546776605118404,0.9954228873464126,0.003450413850872435,0.01054846609791084
nn2,public,ew,all,left_universe,0.010708196951375152,0.0,0.02400158807053472,0.021556651737307118
nn2,public,ew,all,mega,0.009102243869845815,0.9942363785607456,0.0020008437592151777,0.008930064015618603
nn2,public,ew,all,micro,0.499184665337406,0.993462412461752,0.023743945632361502,0.02060397818805446
nn2,public,ew,all,nano,0.3160137999845999,0.9928273964911448,0.06204158891157221,0.03848229432919879
nn2,public,ew,all,small,0.12743509245584694,0.9951429523939582,0.006425875514086151,0.012904387952831388
nn2,public,ew,all,<NA>,9.224795807651346e-06,0.0,0.006187496938254686,0.014036023050128922
nn2,public,ew,ex_small,large,0.24528715331467346,0.9930922062867418,0.0042010585169496755,0.009024096376657636
nn2,public,ew,ex_small,left_universe,0.046063287937442354,0.0,0.0052243888379983295,0.010478884960602475
nn2,public,ew,ex_small,mega,0.08277604427008423,0.991143762448102,0.0027132011984408863,0.00763343903677842
nn2,public,ew,ex_small,small,0.6257748368102467,0.9941590333730468,0.007079055201810898,0.011528209318883566
nn2,public,ew,ex_small,<NA>,9.867766755330836e-05,0.0,0.004700739187104459,0.010208142398962722
nn2,public,vw,all,large,0.23806336522102356,0.9960189461708069,0.004118904005736113,0.010904418304562569
nn2,public,vw,all,left_universe,0.0039741769433021545,0.0,0.01919342204928398,0.020045291632413864
nn2,public,vw,all,mega,0.2997306287288666,0.9928610920906067,0.002585792914032936,0.008642301894724369
nn2,public,vw,all,micro,0.2058182954788208,0.9940003156661987,0.020084530115127563,0.01888204738497734
nn2,public,vw,all,nano,0.020715098828077316,0.9922717213630676,0.054380785673856735,0.03437397629022598
nn2,public,vw,all,small,0.2316984385251999,0.9944400191307068,0.007466535549610853,0.012928617186844349
nn2,public,vw,all,<NA>,0.0,,,
nn2,public,vw,ex_small,large,0.2566945254802704,0.9952250123023987,0.00407155929133296,0.009438719600439072
nn2,public,vw,ex_small,left_universe,0.008798937313258648,0.0,0.0055860672146081924,0.010469142347574234
nn2,public,vw,ex_small,mega,0.5603392720222473,0.9907846450805664,0.0023243753239512444,0.007565096952021122
nn2,public,vw,ex_small,small,0.174167200922966,0.994766354560852,0.006868133321404457,0.01165680680423975
nn2,public,vw,ex_small,<NA>,0.0,,,
nn3,public,ew,all,large,0.039695240009073214,0.9930179913707265,0.0036742471640023883,0.010365572873698667
nn3,public,ew,all,left_universe,0.011011794011596316,0.0,0.023514416979401143,0.02147779259041257
nn3,public,ew,all,mega,0.009746655246125963,0.9916556715288318,0.0023007031407234688,0.008747495228734558
nn3,public,ew,all,micro,0.4928908701252789,0.9933706983408013,0.023776349148792307,0.02069152184184185
nn3,public,ew,all,nano,0.3163706056037317,0.9926412005107016,0.06276057702451894,0.03901163062192339
nn3,public,ew,all,small,0.13027048428365923,0.9943089178247317,0.006559454447038942,0.012724181279106708
nn3,public,ew,all,<NA>,1.4350720534500303e-05,0.0,0.010052465053026875,0.018133562435547836
nn3,public,ew,ex_small,large,0.2461014629721837,0.9924451976075083,0.004211974266865986,0.008948060438547602
nn3,public,ew,ex_small,left_universe,0.04628357694999841,0.0,0.00515529221523517,0.010417595987699499
nn3,public,ew,ex_small,mega,0.0824462530897618,0.9919062003021514,0.0028142743275400774,0.007628901019518323
nn3,public,ew,ex_small,small,0.6250715609277474,0.9938283154322729,0.006952945435254721,0.011429354301795763
nn3,public,ew,ex_small,<NA>,9.714606030885777e-05,0.0,0.003226146325906002,0.009677000323633911
nn3,public,vw,all,large,0.24510525166988373,0.9943132400512695,0.004207635764032602,0.010892180725932121
nn3,public,vw,all,left_universe,0.0034961439669132233,0.0,0.01979980804026127,0.020087771117687225
nn3,public,vw,all,mega,0.30217474699020386,0.9908058643341064,0.002694721333682537,0.008891063742339611
nn3,public,vw,all,micro,0.19696037471294403,0.994388222694397,0.01928427815437317,0.018688155338168144
nn3,public,vw,all,nano,0.019599225372076035,0.9925914406776428,0.05274387076497078,0.03395998850464821
nn3,public,vw,all,small,0.23266425728797913,0.9944676160812378,0.007337606977671385,0.012837216258049011
nn3,public,vw,all,<NA>,0.0,,,
nn3,public,vw,ex_small,large,0.2566829323768616,0.9945334792137146,0.004035343881696463,0.00938776507973671
nn3,public,vw,ex_small,left_universe,0.008693489246070385,0.0,0.005524515174329281,0.010318436659872532
nn3,public,vw,ex_small,mega,0.558558464050293,0.9941749572753906,0.0024055507965385914,0.007581616286188364
nn3,public,vw,ex_small,small,0.17606516182422638,0.9947894811630249,0.006610846146941185,0.011541998013854027
nn3,public,vw,ex_small,<NA>,0.0,,,
nn1,full,ew,all,large,0.046274638340320494,0.9944191735973104,0.003747868236575636,0.010591687710105185
nn1,full,ew,all,left_universe,0.00900296279497247,0.0,0.02162793411371797,0.020321986126729554
nn1,full,ew,all,mega,0.011650448286543614,0.9976086314527576,0.0019809217776316553,0.0092813262014369
nn1,full,ew,all,micro,0.5028991836926701,0.9937350162176766,0.02341332255749809,0.020126373992895623
nn1,full,ew,all,nano,0.2935366491252141,0.9930422157999326,0.06137535446885934,0.03807934681229131
nn1,full,ew,all,small,0.13660773991169067,0.9952173074343769,0.006482477468571857,0.012826666630870426
nn1,full,ew,all,<NA>,2.8377848588697123e-05,0.0,0.021475222336417393,0.019292757983197757
nn1,full,ew,ex_small,large,0.25459140163136634,0.9932019793816992,0.004247002573621729,0.009142522076354801
nn1,full,ew,ex_small,left_universe,0.04151629998356033,0.0,0.005159081896211132,0.010491739251628735
nn1,full,ew,ex_small,mega,0.0840052365883248,0.9931733637070169,0.0024128409691644643,0.00790945252836046
nn1,full,ew,ex_small,small,0.6197491984010332,0.994620250389037,0.007090858816719903,0.011586972230647256
nn1,full,ew,ex_small,<NA>,0.0001378633957153243,0.0,0.006166524764523463,0.010411413916280877
nn1,full,vw,all,large,0.2663724720478058,0.992154061794281,0.004378775600343943,0.010576595552265644
nn1,full,vw,all,left_universe,0.004223273601382971,0.0,0.017842348664999008,0.018843039870262146
nn1,full,vw,all,mega,0.32832276821136475,0.9970048666000366,0.002138588111847639,0.008910958655178547
nn1,full,vw,all,micro,0.1715611070394516,0.9936299920082092,0.02002980373799801,0.018460741266608238
nn1,full,vw,all,nano,0.0155421681702137,0.9922224879264832,0.055014465004205704,0.034363675862550735
nn1,full,vw,all,small,0.21397820115089417,0.9942825436592102,0.007472530007362366,0.01264446135610342
nn1,full,vw,all,<NA>,0.0,,,
nn1,full,vw,ex_small,large,0.2646505832672119,0.9936304688453674,0.004337359685450792,0.009465624578297138
nn1,full,vw,ex_small,left_universe,0.00838387105613947,0.0,0.005572761408984661,0.010418012738227844
nn1,full,vw,ex_small,mega,0.5594431161880493,0.9947128891944885,0.0021907018963247538,0.007655569352209568
nn1,full,vw,ex_small,small,0.16752241551876068,0.9950766563415527,0.007112125866115093,0.011608431115746498
nn1,full,vw,ex_small,<NA>,0.0,,,
nn2,full,ew,all,large,0.03868664396734849,0.9958856032267618,0.003321744426436947,0.011279421999693793
nn2,full,ew,all,left_universe,0.010268740240254072,0.0,0.022888203280851005,0.021753712506274794
nn2,full,ew,all,mega,0.008987124111299333,0.9945424775022186,0.002040626494106961,0.009791556526539697
nn2,full,ew,all,micro,0.4989218304512925,0.9935936409873503,0.023861973676771245,0.021186111579009417
nn2,full,ew,all,nano,0.31626544092946707,0.9924437068747234,0.06229826636159881,0.03895252301513707
nn2,full,ew,all,small,0.12684161691407034,0.9963460665782543,0.006281734043189802,0.013460612108884294
nn2,full,ew,all,<NA>,2.8603386268037894e-05,0.0,0.027314863648331397,0.02248034202963233
nn2,full,ew,ex_small,large,0.24555416871447164,0.9934002161459002,0.004104603853368422,0.009418030489595204
nn2,full,ew,ex_small,left_universe,0.0452652547299614,0.0,0.005089561804547713,0.010920681179101218
nn2,full,ew,ex_small,mega,0.08116170714597624,0.9914769285380708,0.002383913599594871,0.008007368562273364
nn2,full,ew,ex_small,small,0.6278449417712295,0.9944603161514636,0.007007746415743337,0.011854730059408984
nn2,full,ew,ex_small,<NA>,0.00017392763836127686,0.0,0.006551428007892775,0.011406365654194364
nn2,full,vw,all,large,0.2569402754306793,0.9952248930931091,0.0036552187521010637,0.011406260542571545
nn2,full,vw,all,left_universe,0.004564906470477581,0.0,0.017149802297353745,0.019309625029563904
nn2,full,vw,all,mega,0.2900434732437134,0.994478702545166,0.002164150821045041,0.009438065811991692
nn2,full,vw,all,micro,0.19660736620426178,0.9939097762107849,0.0209114458411932,0.019874058663845062
nn2,full,vw,all,nano,0.019608398899435997,0.9900668263435364,0.05944294109940529,0.037471331655979156
nn2,full,vw,all,small,0.23223553597927094,0.9959566593170166,0.006974783726036549,0.013370923697948456
nn2,full,vw,all,<NA>,0.0,,,
nn2,full,vw,ex_small,large,0.2597499489784241,0.9946704506874084,0.004127441439777613,0.009870795533061028
nn2,full,vw,ex_small,left_universe,0.009164712391793728,0.0,0.0058804904110729694,0.010949602350592613
nn2,full,vw,ex_small,mega,0.55459064245224,0.9938254952430725,0.002097665099427104,0.007916336879134178
nn2,full,vw,ex_small,small,0.17649468779563904,0.9950788021087646,0.007154787424951792,0.011995029635727406
nn2,full,vw,ex_small,<NA>,0.0,,,
nn3,full,ew,all,large,0.038850588167452564,0.9949454217504308,0.0034819163696834968,0.011087155705436086
nn3,full,ew,all,left_universe,0.010574307386739807,0.0,0.023035639590778104,0.02189319990953293
nn3,full,ew,all,mega,0.009375830506068265,0.9939136050120176,0.0020230270126910498,0.009539973490795403
nn3,full,ew,all,micro,0.49638602177670477,0.9934291062510814,0.023867548497126377,0.02125856795346755
nn3,full,ew,all,nano,0.3187831781872819,0.9923066096426163,0.06290780611073865,0.0393086965657702
nn3,full,ew,all,small,0.1260011934461636,0.995988407477088,0.00631738175178406,0.013322274726621005
nn3,full,ew,all,<NA>,2.8880529588953367e-05,0.0,0.02742912719244224,0.022705951201746163
nn3,full,ew,ex_small,large,0.24473921004792193,0.9920918687349966,0.004135469844803725,0.009376292397574882
nn3,full,ew,ex_small,left_universe,0.045757784700298294,0.0,0.0050966277398056745,0.010828629550676424
nn3,full,ew,ex_small,mega,0.079808597086265,0.9914136816477119,0.002369659649678262,0.008085947925714317
nn3,full,ew,ex_small,small,0.6295032776570221,0.994049036955144,0.006917026413101934,0.011761736767939695
nn3,full,ew,ex_small,<NA>,0.0001911305084926902,0.0,0.007130443100128626,0.011138672531173507
nn3,full,vw,all,large,0.2504695951938629,0.9943369030952454,0.0037346917670220137,0.01143686193972826
nn3,full,vw,all,left_universe,0.004142093006521463,0.0,0.016177229583263397,0.018870370462536812
nn3,full,vw,all,mega,0.2973225712776184,0.9949153065681458,0.0021897044498473406,0.009328095242381096
nn3,full,vw,all,micro,0.19650620222091675,0.9944920539855957,0.019892847165465355,0.019729027524590492
nn3,full,vw,all,nano,0.019666101783514023,0.991464376449585,0.05722383037209511,0.03670559823513031
nn3,full,vw,all,small,0.23189346492290497,0.9958246350288391,0.006755780428647995,0.013350537046790123
nn3,full,vw,all,<NA>,0.0,,,
nn3,full,vw,ex_small,large,0.26072174310684204,0.9936380982398987,0.004097789525985718,0.00986782368272543
nn3,full,vw,ex_small,left_universe,0.009257429279386997,0.0,0.005699703004211187,0.010598561726510525
nn3,full,vw,ex_small,mega,0.5479639768600464,0.9944867491722107,0.002035814570263028,0.007920561358332634
nn3,full,vw,ex_small,small,0.18205690383911133,0.994812548160553,0.0069741904735565186,0.011903947219252586
nn3,full,vw,ex_small,<NA>,0.0,,,
enet,public,ew,all,large,0.10849427687928873,0.9922852166985041,0.003539902124684515,0.008750280108729525
enet,public,ew,all,left_universe,0.006581037721580282,0.0,0.012236046857230468,0.014456183364473008
enet,public,ew,all,mega,0.048970065011159664,0.9893746806829923,0.002312739540090205,0.007196584382836134
enet,public,ew,all,micro,0.4439128796370896,0.9943214943111568,0.021143286626806947,0.018274983396430525
enet,public,ew,all,nano,0.18576629663529848,0.9936934827183541,0.05745265727576315,0.03614480498094037
enet,public,ew,all,small,0.20626001256506402,0.9944304094763827,0.006052251258423227,0.011414339657487484
enet,public,ew,all,<NA>,1.5431550519136698e-05,0.0,0.0032679725548307136,0.012398104105426534
enet,public,ew,ex_small,large,0.2897760304758099,0.9915038724506523,0.004149774204652646,0.00852069489364463
enet,public,ew,ex_small,left_universe,0.027240007883482013,0.0,0.0049292684219383875,0.009228092554578429
enet,public,ew,ex_small,mega,0.13070749926288858,0.989634198805964,0.0026389238343428453,0.0070768772889782
enet,public,ew,ex_small,small,0.5522375596988526,0.9934882317770632,0.006942344787682364,0.011200584403951087
enet,public,ew,ex_small,<NA>,3.8902678966972524e-05,0.0,0.003456355239276633,0.008331138479507184
enet,public,vw,all,large,0.22039832174777985,0.99169921875,0.0043297260999679565,0.008814902976155281
enet,public,vw,all,left_universe,0.0020040327217429876,0.0,0.014234335161745548,0.015329761430621147
enet,public,vw,all,mega,0.5902374386787415,0.9916723966598511,0.0024972385726869106,0.007118603214621544
enet,public,vw,all,micro,0.06110803782939911,0.994432270526886,0.018351828679442406,0.016405014321208
enet,public,vw,all,nano,0.0036665115039795637,0.9937102794647217,0.052060943096876144,0.03210744634270668
enet,public,vw,all,small,0.12258563935756683,0.9929671287536621,0.00724367517977953,0.011158174835145473
enet,public,vw,all,<NA>,0.0,,,
enet,public,vw,ex_small,large,0.2192571461200714,0.9910812973976135,0.004333856049925089,0.008635161444544792
enet,public,vw,ex_small,left_universe,0.004328879062086344,0.0,0.005491059739142656,0.009156294167041779
enet,public,vw,ex_small,mega,0.6641333699226379,0.99161297082901,0.0025528944097459316,0.006988042499870062
enet,public,vw,ex_small,small,0.11228060722351074,0.9931669235229492,0.007176521699875593,0.010992242954671383
enet,public,vw,ex_small,<NA>,0.0,,,
pcr,public,ew,all,large,0.10795669026608666,0.9890231304666165,0.004567345143224862,0.008712036242481394
pcr,public,ew,all,left_universe,0.008623557606870955,0.0,0.012498862163426003,0.014198062561188092
pcr,public,ew,all,mega,0.05503275420154797,0.9852614602051406,0.002810619635089386,0.007342568366135629
pcr,public,ew,all,micro,0.447612978165161,0.9925081233645112,0.025175238814903654,0.019398286834611214
pcr,public,ew,all,nano,0.187891156384819,0.9915747326935115,0.0679534858102031,0.0402707899407545
pcr,public,ew,all,small,0.19286638418262247,0.9918162613954049,0.00801983595692414,0.011447108237165741
pcr,public,ew,all,<NA>,1.6479192892058174e-05,0.0,0.006553638311166096,0.012512182818952567
pcr,public,ew,ex_small,large,0.28555008806481574,0.9882104378853213,0.005389784074035175,0.008663177827838455
pcr,public,ew,ex_small,left_universe,0.03594861083835932,0.0,0.004979316668093751,0.009075358881134688
pcr,public,ew,ex_small,mega,0.13494760617844398,0.9854273741525079,0.0033706403324254516,0.007416779301705292
pcr,public,ew,ex_small,small,0.5434856502214481,0.9912778103298061,0.008826563030949076,0.011491533947361382
pcr,public,ew,ex_small,<NA>,6.80446969329319e-05,0.0,0.003209242531415633,0.008231546114471622
pcr,public,vw,all,large,0.21298529207706451,0.9889675378799438,0.00561933871358633,0.009155379608273506
pcr,public,vw,all,left_universe,0.002640573773533106,0.0,0.01415333803743124,0.014593083411455154
pcr,public,vw,all,mega,0.5684167742729187,0.9864779710769653,0.003540551522746682,0.007659277878701687
pcr,public,vw,all,micro,0.0783553496003151,0.994491457939148,0.018511967733502388,0.017084600403904915
pcr,public,vw,all,nano,0.006669571623206139,0.9957079291343689,0.04393094778060913,0.029334943741559982
pcr,public,vw,all,small,0.13093248009681702,0.9922361373901367,0.008540034294128418,0.011515998281538486
pcr,public,vw,all,<NA>,0.0,,,
pcr,public,vw,ex_small,large,0.22216635942459106,0.9887242913246155,0.005641855765134096,0.008942674845457077
pcr,public,vw,ex_small,left_universe,0.006665869150310755,0.0,0.00509427348151803,0.008868755772709846
pcr,public,vw,ex_small,mega,0.6445039510726929,0.9893113970756531,0.0035095838829874992,0.007491926662623882
pcr,public,vw,ex_small,small,0.12666383385658264,0.9920106530189514,0.008436193689703941,0.011390323750674725
pcr,public,vw,ex_small,<NA>,0.0,,,
pls,public,ew,all,large,0.10641708770092499,0.9899462768399074,0.0043502567300424564,0.008652886087084272
pls,public,ew,all,left_universe,0.008134517272355856,0.0,0.012637187769677156,0.01443515754858472
pls,public,ew,all,mega,0.0545051056095994,0.9867994820997931,0.002620709006094504,0.007127047567434859
pls,public,ew,all,micro,0.44831734260206557,0.9930868079611148,0.023825685101709182,0.019037172961228886
pls,public,ew,all,nano,0.18999781517374573,0.9923392076202653,0.06437911801587079,0.03874423120429511
pls,public,ew,all,small,0.1926151999343929,0.9926577721877767,0.007511780020999671,0.011440754323912129
pls,public,ew,all,<NA>,1.293170691532515e-05,0.0,0.003714315309959496,0.009834699357227457
pls,public,ew,ex_small,large,0.28423132993068734,0.989629939234623,0.005115286846791254,0.00854271714159418
pls,public,ew,ex_small,left_universe,0.035432847798998184,0.0,0.004823196013479903,0.009097037078821072
pls,public,ew,ex_small,mega,0.13613941588567693,0.9867003819597864,0.003131252339276878,0.0072078768787896645
pls,public,ew,ex_small,small,0.5441570919532921,0.9920638956611046,0.008344903412325713,0.011352316661173256
pls,public,ew,ex_small,<NA>,3.931443134549189e-05,0.0,0.002796924750138711,0.006988479270327235
pls,public,vw,all,large,0.21644464135169983,0.9904972314834595,0.0051414077170193195,0.00933134462684393
pls,public,vw,all,left_universe,0.0025906793307513,0.0,0.014197592623531818,0.014944786205887794
pls,public,vw,all,mega,0.5668250918388367,0.9874297380447388,0.003180529223755002,0.0074153621681034565
pls,public,vw,all,micro,0.07480438798666,0.9948145747184753,0.018479162827134132,0.016911696642637253
pls,public,vw,all,nano,0.004765783436596394,0.9944904446601868,0.04995138570666313,0.03195769339799881
pls,public,vw,all,small,0.13456955552101135,0.9928253293037415,0.007827986031770706,0.01166950911283493
pls,public,vw,all,<NA>,0.0,,,
pls,public,vw,ex_small,large,0.21797600388526917,0.9899998307228088,0.005242643877863884,0.008929209783673286
pls,public,vw,ex_small,left_universe,0.006277803797274828,0.0,0.005050383973866701,0.009039781987667084
pls,public,vw,ex_small,mega,0.654987096786499,0.9895687103271484,0.003156032646074891,0.007260296959429979
pls,public,vw,ex_small,small,0.12075906246900558,0.9925059676170349,0.008061543107032776,0.01133796013891697
pls,public,vw,ex_small,<NA>,0.0,,,
enet,full,ew,all,large,0.10982543348312111,0.9921717376295095,0.003414639231432335,0.008547732449170883
enet,full,ew,all,left_universe,0.006922362249414394,0.0,0.012826957490382878,0.014488214714073598
enet,full,ew,all,mega,0.04929257117111779,0.99198791649435,0.002087962255810063,0.007036311276019967
enet,full,ew,all,micro,0.4428279571438627,0.9940383545051616,0.020282592692726018,0.017922693243470737
enet,full,ew,all,nano,0.1856016509696419,0.9931441512141379,0.05725617463590546,0.0361704591549424
enet,full,ew,all,small,0.20549835993353252,0.9945740933650452,0.005993821963525156,0.011193365457577754
enet,full,ew,all,<NA>,3.1665049309635045e-05,0.0,0.015421056300923087,0.015791214026540584
enet,full,ew,ex_small,large,0.2960311592251418,0.991450610008823,0.003970630700571237,0.008297767094367716
enet,full,ew,ex_small,left_universe,0.02627350198210468,0.0,0.005002704121174993,0.009017083673831907
enet,full,ew,ex_small,mega,0.13245885075402627,0.9910286262754031,0.002472134495380923,0.006973681366085402
enet,full,ew,ex_small,small,0.5451626099217695,0.9939226481053092,0.006737861609006687,0.011004655079342522
enet,full,ew,ex_small,<NA>,7.387811695785052e-05,0.0,0.006843791924125385,0.009695191647178731
enet,full,vw,all,large,0.2221279889345169,0.9920647740364075,0.004012556746602058,0.008762088604271412
enet,full,vw,all,left_universe,0.0022235126234591007,0.0,0.01357476506382227,0.014560399577021599
enet,full,vw,all,mega,0.5988971590995789,0.9922961592674255,0.002402709098532796,0.007094267755746841
enet,full,vw,all,micro,0.05623544007539749,0.9952057600021362,0.016720494255423546,0.01650424487888813
enet,full,vw,all,nano,0.003217045683413744,0.994543731212616,0.050088394433259964,0.03255210444331169
enet,full,vw,all,small,0.11729884892702103,0.994603157043457,0.0067434003576636314,0.011217804625630379
enet,full,vw,all,<NA>,0.0,,,
enet,full,vw,ex_small,large,0.22205528616905212,0.9924572110176086,0.004051804076880217,0.0084841288626194
enet,full,vw,ex_small,left_universe,0.004268834833055735,0.0,0.005464826710522175,0.008750900626182556
enet,full,vw,ex_small,mega,0.6640568375587463,0.9922215938568115,0.002402595477178693,0.0069151087664067745
enet,full,vw,ex_small,small,0.10961899906396866,0.9945691227912903,0.00676356814801693,0.010919657535851002
enet,full,vw,ex_small,<NA>,0.0,,,
pcr,full,ew,all,large,0.10819967739360385,0.9888918805874433,0.004880299464093887,0.008642166287723954
pcr,full,ew,all,left_universe,0.009303091147235681,0.0,0.012649590402360534,0.014057169629502412
pcr,full,ew,all,mega,0.05323939324733508,0.9891551594429119,0.0029376398644753686,0.007211309911701352
pcr,full,ew,all,micro,0.44908467021951737,0.9922606346917052,0.024133763184491955,0.01890879272336176
pcr,full,ew,all,nano,0.1837822187799759,0.992309688655272,0.06448872045287059,0.0386851116842215
pcr,full,ew,all,small,0.19637551697048852,0.9917194298779843,0.00825591548548957,0.011296960561826757
pcr,full,ew,all,<NA>,1.5432241843564737e-05,0.0,0.007590401397926615,0.01173244072343053
pcr,full,ew,ex_small,large,0.2874741015206133,0.9881992043224108,0.005422346769476805,0.008490841562226533
pcr,full,ew,ex_small,left_universe,0.03675065681470041,0.0,0.004838450787381953,0.00896997903841167
pcr,full,ew,ex_small,mega,0.13565086265964785,0.9872198950385934,0.0034487068593679914,0.007300302062403505
pcr,full,ew,ex_small,small,0.5400718623369883,0.9912697862271862,0.008764691838806184,0.011304210837720813
pcr,full,ew,ex_small,<NA>,5.251666804997897e-05,0.0,0.003269811367359885,0.008395139008478828
pcr,full,vw,all,large,0.21521350741386414,0.9873587489128113,0.005260223522782326,0.009183417074382305
pcr,full,vw,all,left_universe,0.0031257933005690575,0.0,0.013048170134425163,0.013930460438132286
pcr,full,vw,all,mega,0.5820192098617554,0.9869414567947388,0.003518091281875968,0.007564009167253971
pcr,full,vw,all,micro,0.06777001917362213,0.9947383403778076,0.0171718280762434,0.017154965549707413
pcr,full,vw,all,nano,0.004473913926631212,0.9955330491065979,0.04337187483906746,0.0308223869651556
pcr,full,vw,all,small,0.1273975968360901,0.9924952983856201,0.007891794666647911,0.011691827327013016
pcr,full,vw,all,<NA>,0.0,,,
pcr,full,vw,ex_small,large,0.2184288054704666,0.9887731075286865,0.005300734657794237,0.008907206356525421
pcr,full,vw,ex_small,left_universe,0.006677190773189068,0.0,0.004669484682381153,0.008695289492607117
pcr,full,vw,ex_small,mega,0.655790388584137,0.9871432185173035,0.0035554389469325542,0.007380019873380661
pcr,full,vw,ex_small,small,0.11910358816385269,0.9924306273460388,0.008049627766013145,0.011432303115725517
pcr,full,vw,ex_small,<NA>,0.0,,,
pls,full,ew,all,large,0.10988122037380557,0.990028668741671,0.0042069213669692395,0.00839544322880565
pls,full,ew,all,left_universe,0.008924593026571687,0.0,0.013050471011288414,0.014403845848672365
pls,full,ew,all,mega,0.056689495542155625,0.9906214999912465,0.0023278672354642435,0.006869598135992311
pls,full,ew,all,micro,0.4417601266213011,0.9925648636677222,0.02313880313986519,0.018795148815750683
pls,full,ew,all,nano,0.18947272918702612,0.9913114492185684,0.06439721563619508,0.03908130851097914
pls,full,ew,all,small,0.1932345455619598,0.9923135412571845,0.0073705414108759535,0.011225069792077918
pls,full,ew,all,<NA>,3.728968718025312e-05,0.0,0.019010795158137885,0.015713189074009183
pls,full,ew,ex_small,large,0.29180207225214494,0.9890609007888683,0.0048841191523062415,0.00832318721069635
pls,full,ew,ex_small,left_universe,0.0350853910075969,0.0,0.004854751642038286,0.00891620227761606
pls,full,ew,ex_small,mega,0.1411809865331514,0.9886180595512188,0.0029240818141044412,0.0070942155356356245
pls,full,ew,ex_small,small,0.5318249802729151,0.9919033580103486,0.008131368671267148,0.011167798769974558
pls,full,ew,ex_small,<NA>,0.00010656993419174003,0.0,0.008416352802493678,0.008998585511244854
pls,full,vw,all,large,0.21772237122058868,0.9902331233024597,0.004818666260689497,0.009298077784478664
pls,full,vw,all,left_universe,0.002816708292812109,0.0,0.012904355302453041,0.01410017441958189
pls,full,vw,all,mega,0.580698549747467,0.9904775619506836,0.002936451230198145,0.007404005154967308
pls,full,vw,all,micro,0.06746836751699448,0.9954069256782532,0.017116069793701172,0.017341267317533493
pls,full,vw,all,nano,0.00425171060487628,0.9950673580169678,0.048501547425985336,0.032871440052986145
pls,full,vw,all,small,0.1270422488451004,0.9936985373497009,0.007352594751864672,0.011935309506952763
pls,full,vw,all,<NA>,0.0,,,
pls,full,vw,ex_small,large,0.21505580842494965,0.9904049038887024,0.004931854084134102,0.008821389637887478
pls,full,vw,ex_small,left_universe,0.006182034034281969,0.0,0.005049636121839285,0.008667727932333946
pls,full,vw,ex_small,mega,0.6663128137588501,0.9904367327690125,0.0028854012489318848,0.007159740198403597
pls,full,vw,ex_small,small,0.11244931071996689,0.9932748079299927,0.007766504306346178,0.011378331109881401
pls,full,vw,ex_small,<NA>,0.0,,,
